fold_id,record_id,config_id,family,seed,n_beats,confusion_json,Accuracy,Macro_F1,Rare_Macro_SF,Min_Rare_F1,Rare_HMean_SF,F1_N,Precision_N,Recall_N,Support_N,Predicted_N,F1_S,Precision_S,Recall_S,Support_S,Predicted_S,F1_V,Precision_V,Recall_V,Support_V,Predicted_V,F1_F,Precision_F,Recall_F,Support_F,Predicted_F
HOLDOUT_205,205,BASELINE_CE,baseline,8200,2656,"[[2571, 0, 0, 0], [0, 3, 0, 0], [2, 0, 69, 0], [11, 0, 0, 0]]",0.995105421686747,0.7457981155604823,0.5,0.0,0.0,0.997478176527643,0.9949690402476781,1.0,2571,2584,1.0,1.0,1.0,3,3,0.9857142857142858,1.0,0.971830985915493,71,69,0.0,0.0,0.0,11,0
HOLDOUT_205,205,BASELINE_CE,baseline,8201,2656,"[[2570, 1, 0, 0], [0, 3, 0, 0], [1, 0, 70, 0], [11, 0, 0, 0]]",0.995105421686747,0.7118819640775452,0.42857142857142855,0.0,0.0,0.9974771977488841,0.9953524399690162,0.999611046285492,2571,2582,0.8571428571428571,0.75,1.0,3,4,0.9929078014184397,1.0,0.9859154929577465,71,70,0.0,0.0,0.0,11,0
HOLDOUT_205,205,BASELINE_CE,baseline,8202,2656,"[[2569, 2, 0, 0], [0, 3, 0, 0], [2, 0, 69, 0], [11, 0, 0, 0]]",0.9943524096385542,0.6832008400099803,0.375,0.0,0.0,0.9970890743256355,0.9949651432997676,0.999222092570984,2571,2582,0.75,0.6,1.0,3,5,0.9857142857142858,1.0,0.971830985915493,71,69,0.0,0.0,0.0,11,0
HOLDOUT_205,205,BASELINE_CE,baseline,8203,2656,"[[2570, 1, 0, 0], [0, 3, 0, 0], [1, 0, 70, 0], [11, 0, 0, 0]]",0.995105421686747,0.7118819640775452,0.42857142857142855,0.0,0.0,0.9974771977488841,0.9953524399690162,0.999611046285492,2571,2582,0.8571428571428571,0.75,1.0,3,4,0.9929078014184397,1.0,0.9859154929577465,71,70,0.0,0.0,0.0,11,0
HOLDOUT_205,205,BASELINE_CE,baseline,8204,2656,"[[2570, 1, 0, 0], [0, 3, 0, 0], [2, 0, 69, 0], [11, 0, 0, 0]]",0.9947289156626506,0.7100352015078442,0.42857142857142855,0.0,0.0,0.9972836631742336,0.9949670925280681,0.999611046285492,2571,2583,0.8571428571428571,0.75,1.0,3,4,0.9857142857142858,1.0,0.971830985915493,71,69,0.0,0.0,0.0,11,0
HOLDOUT_205,205,FOCAL_A025_G3,focal,8200,2656,"[[2569, 2, 0, 0], [0, 3, 0, 0], [3, 0, 68, 0], [11, 0, 0, 0]]",0.9939759036144579,0.6813282203108294,0.375,0.0,0.0,0.996895615056267,0.994579945799458,0.999222092570984,2571,2583,0.75,0.6,1.0,3,5,0.9784172661870504,1.0,0.9577464788732394,71,68,0.0,0.0,0.0,11,0
HOLDOUT_205,205,FOCAL_A025_G3,focal,8201,2656,"[[2571, 0, 0, 0], [0, 3, 0, 0], [0, 0, 71, 0], [11, 0, 0, 0]]",0.9958584337349398,0.7494663302930332,0.5,0.0,0.0,0.9978653211721328,0.9957397366382649,1.0,2571,2582,1.0,1.0,1.0,3,3,1.0,1.0,1.0,71,71,0.0,0.0,0.0,11,0
HOLDOUT_205,205,FOCAL_A025_G3,focal,8202,2656,"[[2569, 2, 0, 0], [0, 3, 0, 0], [0, 0, 71, 0], [11, 0, 0, 0]]",0.995105421686747,0.686869054552514,0.375,0.0,0.0,0.9974762182100563,0.9957364341085271,0.999222092570984,2571,2580,0.75,0.6,1.0,3,5,1.0,1.0,1.0,71,71,0.0,0.0,0.0,11,0
HOLDOUT_205,205,FOCAL_A025_G3,focal,8203,2656,"[[2570, 1, 0, 0], [0, 3, 0, 0], [0, 0, 71, 0], [11, 0, 0, 0]]",0.9954819277108434,0.7137034161490683,0.42857142857142855,0.0,0.0,0.9976708074534162,0.9957380860131732,0.999611046285492,2571,2581,0.8571428571428571,0.75,1.0,3,4,1.0,1.0,1.0,71,71,0.0,0.0,0.0,11,0
HOLDOUT_205,205,FOCAL_A025_G3,focal,8204,2656,"[[2571, 0, 0, 0], [0, 3, 0, 0], [0, 0, 71, 0], [11, 0, 0, 0]]",0.9958584337349398,0.7494663302930332,0.5,0.0,0.0,0.9978653211721328,0.9957397366382649,1.0,2571,2582,1.0,1.0,1.0,3,3,1.0,1.0,1.0,71,71,0.0,0.0,0.0,11,0
HOLDOUT_205,205,F_RECORD_BALANCED_CE_P025,record_balanced,8200,2656,"[[2570, 1, 0, 0], [0, 3, 0, 0], [2, 1, 64, 4], [11, 0, 0, 0]]",0.9928463855421686,0.6738579528305955,0.375,0.0,0.0,0.9972836631742336,0.9949670925280681,0.999611046285492,2571,2583,0.75,0.6,1.0,3,5,0.9481481481481482,1.0,0.9014084507042254,71,64,0.0,0.0,0.0,11,4
HOLDOUT_205,205,F_RECORD_BALANCED_CE_P025,record_balanced,8201,2656,"[[2570, 1, 0, 0], [0, 3, 0, 0], [0, 0, 71, 0], [11, 0, 0, 0]]",0.9954819277108434,0.7137034161490683,0.42857142857142855,0.0,0.0,0.9976708074534162,0.9957380860131732,0.999611046285492,2571,2581,0.8571428571428571,0.75,1.0,3,4,1.0,1.0,1.0,71,71,0.0,0.0,0.0,11,0
HOLDOUT_205,205,F_RECORD_BALANCED_CE_P025,record_balanced,8202,2656,"[[2568, 3, 0, 0], [0, 3, 0, 0], [3, 0, 68, 0], [11, 0, 0, 0]]",0.9935993975903614,0.660446220939026,0.3333333333333333,0.0,0.0,0.996700950902387,0.994577846630519,0.9988331388564761,2571,2582,0.6666666666666666,0.5,1.0,3,6,0.9784172661870504,1.0,0.9577464788732394,71,68,0.0,0.0,0.0,11,0
HOLDOUT_205,205,F_RECORD_BALANCED_CE_P025,record_balanced,8203,2656,"[[2568, 3, 0, 0], [0, 3, 0, 0], [1, 0, 68, 2], [11, 0, 0, 0]]",0.9935993975903614,0.6605429692355609,0.3333333333333333,0.0,0.0,0.9970879440885265,0.9953488372093023,0.9988331388564761,2571,2580,0.6666666666666666,0.5,1.0,3,6,0.9784172661870504,1.0,0.9577464788732394,71,68,0.0,0.0,0.0,11,2
HOLDOUT_205,205,F_RECORD_BALANCED_CE_P025,record_balanced,8204,2656,"[[2568, 3, 0, 0], [0, 3, 0, 0], [0, 0, 71, 0], [11, 0, 0, 0]]",0.9947289156626506,0.6659870550161813,0.3333333333333333,0.0,0.0,0.9972815533980582,0.9957347809228383,0.9988331388564761,2571,2579,0.6666666666666666,0.5,1.0,3,6,1.0,1.0,1.0,71,71,0.0,0.0,0.0,11,0
HOLDOUT_205,205,F_RECORD_BALANCED_FOCAL_A025_G3,record_balanced,8200,2656,"[[2570, 1, 0, 0], [0, 3, 0, 0], [0, 1, 69, 1], [11, 0, 0, 0]]",0.9947289156626506,0.6833462732919255,0.375,0.0,0.0,0.9976708074534162,0.9957380860131732,0.999611046285492,2571,2581,0.75,0.6,1.0,3,5,0.9857142857142858,1.0,0.971830985915493,71,69,0.0,0.0,0.0,11,1
HOLDOUT_205,205,F_RECORD_BALANCED_FOCAL_A025_G3,record_balanced,8201,2656,"[[2571, 0, 0, 0], [1, 2, 0, 0], [0, 0, 70, 1], [11, 0, 0, 0]]",0.995105421686747,0.69764487817766,0.4,0.0,0.0,0.9976717112922002,0.9953542392566783,1.0,2571,2583,0.8,1.0,0.6666666666666666,3,2,0.9929078014184397,1.0,0.9859154929577465,71,70,0.0,0.0,0.0,11,1
HOLDOUT_205,205,F_RECORD_BALANCED_FOCAL_A025_G3,record_balanced,8202,2656,"[[2567, 4, 0, 0], [0, 3, 0, 0], [0, 0, 71, 0], [11, 0, 0, 0]]",0.9943524096385542,0.6492717032433482,0.3,0.0,0.0,0.9970868129733929,0.995733126454616,0.9984441851419681,2571,2578,0.6,0.42857142857142855,1.0,3,7,1.0,1.0,1.0,71,71,0.0,0.0,0.0,11,0
HOLDOUT_205,205,F_RECORD_BALANCED_FOCAL_A025_G3,record_balanced,8203,2656,"[[2568, 3, 0, 0], [0, 3, 0, 0], [1, 0, 69, 1], [11, 0, 0, 0]]",0.9939759036144579,0.6623672241173697,0.3333333333333333,0.0,0.0,0.9970879440885265,0.9953488372093023,0.9988331388564761,2571,2580,0.6666666666666666,0.5,1.0,3,6,0.9857142857142858,1.0,0.971830985915493,71,69,0.0,0.0,0.0,11,1
HOLDOUT_205,205,F_RECORD_BALANCED_FOCAL_A025_G3,record_balanced,8204,2656,"[[2568, 3, 0, 0], [0, 3, 0, 0], [1, 0, 70, 0], [11, 0, 0, 0]]",0.9943524096385542,0.6641656030434082,0.3333333333333333,0.0,0.0,0.9970879440885265,0.9953488372093023,0.9988331388564761,2571,2580,0.6666666666666666,0.5,1.0,3,6,0.9929078014184397,1.0,0.9859154929577465,71,70,0.0,0.0,0.0,11,0
HOLDOUT_205,205,WGAN_F_RECORD_BALANCED_X10,wgan_f_record_balanced,8200,2656,"[[2570, 1, 0, 0], [0, 3, 0, 0], [3, 0, 68, 0], [11, 0, 0, 0]]",0.9943524096385542,0.7081625817539123,0.42857142857142855,0.0,0.0,0.997090203685742,0.9945820433436533,0.999611046285492,2571,2584,0.8571428571428571,0.75,1.0,3,4,0.9784172661870504,1.0,0.9577464788732394,71,68,0.0,0.0,0.0,11,0
HOLDOUT_205,205,WGAN_F_RECORD_BALANCED_X10,wgan_f_record_balanced,8201,2656,"[[2569, 2, 0, 0], [0, 3, 0, 0], [1, 0, 70, 0], [11, 0, 0, 0]]",0.9947289156626506,0.685047602528523,0.375,0.0,0.0,0.9972826086956522,0.995350639287098,0.999222092570984,2571,2581,0.75,0.6,1.0,3,5,0.9929078014184397,1.0,0.9859154929577465,71,70,0.0,0.0,0.0,11,0
HOLDOUT_205,205,WGAN_F_RECORD_BALANCED_X10,wgan_f_record_balanced,8202,2656,"[[2570, 1, 0, 0], [0, 3, 0, 0], [0, 1, 70, 0], [11, 0, 0, 0]]",0.995105421686747,0.685144652217964,0.375,0.0,0.0,0.9976708074534162,0.9957380860131732,0.999611046285492,2571,2581,0.75,0.6,1.0,3,5,0.9929078014184397,1.0,0.9859154929577465,71,70,0.0,0.0,0.0,11,0
HOLDOUT_205,205,WGAN_F_RECORD_BALANCED_X10,wgan_f_record_balanced,8203,2656,"[[2570, 1, 0, 0], [0, 3, 0, 0], [0, 3, 68, 0], [11, 0, 0, 0]]",0.9943524096385542,0.6440220184101166,0.3,0.0,0.0,0.9976708074534162,0.9957380860131732,0.999611046285492,2571,2581,0.6,0.42857142857142855,1.0,3,7,0.9784172661870504,1.0,0.9577464788732394,71,68,0.0,0.0,0.0,11,0
HOLDOUT_205,205,WGAN_F_RECORD_BALANCED_X10,wgan_f_record_balanced,8204,2656,"[[2571, 0, 0, 0], [0, 3, 0, 0], [1, 0, 70, 0], [11, 0, 0, 0]]",0.9954819277108434,0.74764487817766,0.5,0.0,0.0,0.9976717112922002,0.9953542392566783,1.0,2571,2583,1.0,1.0,1.0,3,3,0.9929078014184397,1.0,0.9859154929577465,71,70,0.0,0.0,0.0,11,0
HOLDOUT_205,205,WGAN_F_RECORD_BALANCED_X20,wgan_f_record_balanced,8200,2656,"[[2570, 1, 0, 0], [0, 3, 0, 0], [3, 2, 66, 0], [11, 0, 0, 0]]",0.9935993975903614,0.6568151299968613,0.3333333333333333,0.0,0.0,0.997090203685742,0.9945820433436533,0.999611046285492,2571,2584,0.6666666666666666,0.5,1.0,3,6,0.9635036496350365,1.0,0.9295774647887324,71,66,0.0,0.0,0.0,11,0
HOLDOUT_205,205,WGAN_F_RECORD_BALANCED_X20,wgan_f_record_balanced,8201,2656,"[[2570, 1, 0, 0], [0, 3, 0, 0], [0, 0, 71, 0], [11, 0, 0, 0]]",0.9954819277108434,0.7137034161490683,0.42857142857142855,0.0,0.0,0.9976708074534162,0.9957380860131732,0.999611046285492,2571,2581,0.8571428571428571,0.75,1.0,3,4,1.0,1.0,1.0,71,71,0.0,0.0,0.0,11,0
HOLDOUT_205,205,WGAN_F_RECORD_BALANCED_X20,wgan_f_record_balanced,8202,2656,"[[2568, 3, 0, 0], [0, 3, 0, 0], [0, 0, 71, 0], [11, 0, 0, 0]]",0.9947289156626506,0.6659870550161813,0.3333333333333333,0.0,0.0,0.9972815533980582,0.9957347809228383,0.9988331388564761,2571,2579,0.6666666666666666,0.5,1.0,3,6,1.0,1.0,1.0,71,71,0.0,0.0,0.0,11,0
HOLDOUT_205,205,WGAN_F_RECORD_BALANCED_X20,wgan_f_record_balanced,8203,2656,"[[2571, 0, 0, 0], [1, 2, 0, 0], [2, 0, 69, 0], [11, 0, 0, 0]]",0.9947289156626506,0.6957497506372603,0.4,0.0,0.0,0.9972847168347556,0.9945841392649903,1.0,2571,2585,0.8,1.0,0.6666666666666666,3,2,0.9857142857142858,1.0,0.971830985915493,71,69,0.0,0.0,0.0,11,0
HOLDOUT_205,205,WGAN_F_RECORD_BALANCED_X20,wgan_f_record_balanced,8204,2656,"[[2568, 3, 0, 0], [0, 3, 0, 0], [1, 1, 69, 0], [11, 0, 0, 0]]",0.9939759036144579,0.6457005574507031,0.3,0.0,0.0,0.9970879440885265,0.9953488372093023,0.9988331388564761,2571,2580,0.6,0.42857142857142855,1.0,3,7,0.9857142857142858,1.0,0.971830985915493,71,69,0.0,0.0,0.0,11,0
HOLDOUT_205,205,WGAN_F_RECORD_BALANCED_X5,wgan_f_record_balanced,8200,2656,"[[2570, 1, 0, 0], [0, 3, 0, 0], [1, 0, 70, 0], [11, 0, 0, 0]]",0.995105421686747,0.7118819640775452,0.42857142857142855,0.0,0.0,0.9974771977488841,0.9953524399690162,0.999611046285492,2571,2582,0.8571428571428571,0.75,1.0,3,4,0.9929078014184397,1.0,0.9859154929577465,71,70,0.0,0.0,0.0,11,0
HOLDOUT_205,205,WGAN_F_RECORD_BALANCED_X5,wgan_f_record_balanced,8201,2656,"[[2570, 1, 0, 0], [0, 3, 0, 0], [1, 1, 69, 0], [11, 0, 0, 0]]",0.9947289156626506,0.6832978708657924,0.375,0.0,0.0,0.9974771977488841,0.9953524399690162,0.999611046285492,2571,2582,0.75,0.6,1.0,3,5,0.9857142857142858,1.0,0.971830985915493,71,69,0.0,0.0,0.0,11,0
HOLDOUT_205,205,WGAN_F_RECORD_BALANCED_X5,wgan_f_record_balanced,8202,2656,"[[2571, 0, 0, 0], [0, 3, 0, 0], [0, 0, 71, 0], [11, 0, 0, 0]]",0.9958584337349398,0.7494663302930332,0.5,0.0,0.0,0.9978653211721328,0.9957397366382649,1.0,2571,2582,1.0,1.0,1.0,3,3,1.0,1.0,1.0,71,71,0.0,0.0,0.0,11,0
HOLDOUT_205,205,WGAN_F_RECORD_BALANCED_X5,wgan_f_record_balanced,8203,2656,"[[2571, 0, 0, 0], [0, 3, 0, 0], [2, 0, 69, 0], [11, 0, 0, 0]]",0.995105421686747,0.7457981155604823,0.5,0.0,0.0,0.997478176527643,0.9949690402476781,1.0,2571,2584,1.0,1.0,1.0,3,3,0.9857142857142858,1.0,0.971830985915493,71,69,0.0,0.0,0.0,11,0
HOLDOUT_205,205,WGAN_F_RECORD_BALANCED_X5,wgan_f_record_balanced,8204,2656,"[[2571, 0, 0, 0], [0, 3, 0, 0], [0, 0, 71, 0], [11, 0, 0, 0]]",0.9958584337349398,0.7494663302930332,0.5,0.0,0.0,0.9978653211721328,0.9957397366382649,1.0,2571,2582,1.0,1.0,1.0,3,3,1.0,1.0,1.0,71,71,0.0,0.0,0.0,11,0
HOLDOUT_208,208,BASELINE_CE,baseline,8200,2951,"[[1538, 42, 5, 0], [2, 0, 0, 0], [13, 11, 968, 0], [249, 4, 119, 0]]",0.849203659776347,0.45929026360811664,0.0,0.0,0.0,0.9081783289046353,0.853496115427303,0.9703470031545741,1585,1802,0.0,0.0,0.0,2,57,0.9289827255278311,0.8864468864468864,0.9758064516129032,992,1092,0.0,0.0,0.0,372,0
HOLDOUT_208,208,BASELINE_CE,baseline,8201,2951,"[[1566, 15, 4, 0], [2, 0, 0, 0], [39, 24, 929, 0], [248, 2, 122, 0]]",0.8454761097932905,0.45453371922609376,0.0,0.0,0.0,0.9104651162790698,0.8442048517520215,0.98801261829653,1585,1855,0.0,0.0,0.0,2,41,0.9076697606253054,0.8805687203791469,0.936491935483871,992,1055,0.0,0.0,0.0,372,0
HOLDOUT_208,208,BASELINE_CE,baseline,8202,2951,"[[1544, 35, 6, 0], [2, 0, 0, 0], [15, 66, 911, 0], [241, 6, 125, 0]]",0.8319213825821755,0.4518732913369094,0.0,0.0,0.0,0.9117212872748746,0.8568257491675916,0.9741324921135647,1585,1802,0.0,0.0,0.0,2,107,0.895771878072763,0.8742802303262955,0.9183467741935484,992,1042,0.0,0.0,0.0,372,0
HOLDOUT_208,208,BASELINE_CE,baseline,8203,2951,"[[1564, 17, 4, 0], [2, 0, 0, 0], [57, 9, 926, 0], [292, 0, 80, 0]]",0.843781768891901,0.4546973026973027,0.0,0.0,0.0,0.8937142857142857,0.816710182767624,0.9867507886435332,1585,1915,0.0,0.0,0.0,2,26,0.9250749250749251,0.9168316831683169,0.9334677419354839,992,1010,0.0,0.0,0.0,372,0
HOLDOUT_208,208,BASELINE_CE,baseline,8204,2951,"[[1547, 35, 3, 0], [2, 0, 0, 0], [13, 34, 945, 0], [224, 4, 144, 0]]",0.8444595052524568,0.45618458159837977,0.0,0.0,0.0,0.9178285375259567,0.8661814109742442,0.97602523659306,1585,1786,0.0,0.0,0.0,2,73,0.9069097888675623,0.8653846153846154,0.9526209677419355,992,1092,0.0,0.0,0.0,372,0
HOLDOUT_208,208,FOCAL_A025_G3,focal,8200,2951,"[[1513, 64, 8, 0], [2, 0, 0, 0], [8, 59, 925, 0], [200, 1, 171, 0]]",0.8261606235174517,0.44934642596712115,0.0,0.0,0.0,0.914752116082225,0.8781195589088798,0.9545741324921135,1585,1723,0.0,0.0,0.0,2,124,0.8826335877862596,0.8378623188405797,0.9324596774193549,992,1104,0.0,0.0,0.0,372,0
HOLDOUT_208,208,FOCAL_A025_G3,focal,8201,2951,"[[1554, 25, 3, 3], [2, 0, 0, 0], [6, 6, 980, 0], [214, 0, 136, 22]]",0.8661470687902406,0.4910064845041906,0.055415617128463476,0.0,0.0,0.9247247842903897,0.875,0.9804416403785489,1585,1776,0.0,0.0,0.0,2,31,0.9284699194694458,0.8757819481680071,0.9879032258064516,992,1119,0.11083123425692695,0.88,0.05913978494623656,372,25
HOLDOUT_208,208,FOCAL_A025_G3,focal,8202,2951,"[[1555, 26, 4, 0], [2, 0, 0, 0], [11, 53, 928, 0], [217, 2, 153, 0]]",0.8414096916299559,0.4541112995375377,0.0,0.0,0.0,0.9228486646884273,0.8711484593837535,0.9810725552050473,1585,1785,0.0,0.0,0.0,2,81,0.8935965334617236,0.8552995391705069,0.9354838709677419,992,1085,0.0,0.0,0.0,372,0
HOLDOUT_208,208,FOCAL_A025_G3,focal,8203,2951,"[[1566, 17, 2, 0], [2, 0, 0, 0], [25, 14, 953, 0], [299, 0, 72, 1]]",0.8539478143002373,0.4625425401620986,0.002680965147453083,0.0,0.0,0.9007765314926661,0.8276955602536998,0.98801261829653,1585,1892,0.0,0.0,0.0,2,31,0.9440316988608222,0.9279454722492697,0.9606854838709677,992,1027,0.005361930294906166,1.0,0.002688172043010753,372,1
HOLDOUT_208,208,FOCAL_A025_G3,focal,8204,2951,"[[1556, 22, 6, 1], [2, 0, 0, 0], [13, 5, 974, 0], [235, 0, 123, 14]]",0.8620806506269061,0.4799769355453789,0.03617571059431524,0.0,0.0,0.9177233854320259,0.8615725359911407,0.9817034700315458,1585,1806,0.0,0.0,0.0,2,27,0.9298329355608592,0.8830462375339981,0.9818548387096774,992,1103,0.07235142118863049,0.9333333333333333,0.03763440860215054,372,15
HOLDOUT_208,208,F_RECORD_BALANCED_CE_P025,record_balanced,8200,2951,"[[1487, 91, 6, 1], [2, 0, 0, 0], [8, 136, 848, 0], [232, 10, 130, 0]]",0.7912572009488309,0.4389261359610437,0.0,0.0,0.0,0.8974049487024743,0.8600347021399652,0.9381703470031546,1585,1729,0.0,0.0,0.0,2,237,0.8582995951417004,0.8617886178861789,0.8548387096774194,992,984,0.0,0.0,0.0,372,1
HOLDOUT_208,208,F_RECORD_BALANCED_CE_P025,record_balanced,8201,2951,"[[1559, 19, 6, 1], [2, 0, 0, 0], [14, 8, 970, 0], [254, 0, 118, 0]]",0.856997627922738,0.46082694291903903,0.0,0.0,0.0,0.9132981839484475,0.8523783488244943,0.983596214511041,1585,1829,0.0,0.0,0.0,2,27,0.9300095877277086,0.886654478976234,0.9778225806451613,992,1094,0.0,0.0,0.0,372,1
HOLDOUT_208,208,F_RECORD_BALANCED_CE_P025,record_balanced,8202,2951,"[[1535, 45, 5, 0], [2, 0, 0, 0], [8, 2, 982, 0], [220, 0, 152, 0]]",0.8529312097594036,0.459512736645258,0.0,0.0,0.0,0.9164179104477612,0.8696883852691218,0.9684542586750788,1585,1765,0.0,0.0,0.0,2,47,0.9216330361332707,0.8621597892888498,0.9899193548387096,992,1139,0.0,0.0,0.0,372,0
HOLDOUT_208,208,F_RECORD_BALANCED_CE_P025,record_balanced,8203,2951,"[[1556, 23, 6, 0], [2, 0, 0, 0], [10, 23, 959, 0], [213, 0, 159, 0]]",0.8522534733988478,0.4577416834867074,0.0,0.0,0.0,0.9245395127748068,0.8736664795058956,0.9817034700315458,1585,1781,0.0,0.0,0.0,2,46,0.9064272211720227,0.853202846975089,0.9667338709677419,992,1124,0.0,0.0,0.0,372,0
HOLDOUT_208,208,F_RECORD_BALANCED_CE_P025,record_balanced,8204,2951,"[[1564, 20, 1, 0], [2, 0, 0, 0], [18, 64, 910, 0], [239, 1, 132, 0]]",0.8383598780074552,0.45304731748393723,0.0,0.0,0.0,0.9178403755868545,0.8579264947888097,0.9867507886435332,1585,1823,0.0,0.0,0.0,2,85,0.8943488943488943,0.87248322147651,0.9173387096774194,992,1043,0.0,0.0,0.0,372,0
HOLDOUT_208,208,F_RECORD_BALANCED_FOCAL_A025_G3,record_balanced,8200,2951,"[[1544, 37, 4, 0], [2, 0, 0, 0], [12, 61, 919, 0], [244, 0, 128, 0]]",0.8346323280243985,0.4528446634731484,0.0,0.0,0.0,0.9117212872748746,0.8568257491675916,0.9741324921135647,1585,1802,0.0,0.0,0.0,2,98,0.899657366617719,0.8744053282588011,0.9264112903225806,992,1051,0.0,0.0,0.0,372,0
HOLDOUT_208,208,F_RECORD_BALANCED_FOCAL_A025_G3,record_balanced,8201,2951,"[[1546, 33, 5, 1], [2, 0, 0, 0], [11, 40, 941, 0], [268, 2, 102, 0]]",0.8427651643510674,0.4571905960508471,0.0,0.0,0.0,0.9062133645955451,0.8461959496442255,0.9753943217665615,1585,1827,0.0,0.0,0.0,2,75,0.9225490196078432,0.8979007633587787,0.9485887096774194,992,1048,0.0,0.0,0.0,372,1
HOLDOUT_208,208,F_RECORD_BALANCED_FOCAL_A025_G3,record_balanced,8202,2951,"[[1557, 27, 1, 0], [2, 0, 0, 0], [10, 40, 942, 0], [277, 0, 95, 0]]",0.8468315825144019,0.4589214823408132,0.0,0.0,0.0,0.9076071116292626,0.843445287107259,0.9823343848580441,1585,1846,0.0,0.0,0.0,2,67,0.9280788177339901,0.9075144508670521,0.9495967741935484,992,1038,0.0,0.0,0.0,372,0
HOLDOUT_208,208,F_RECORD_BALANCED_FOCAL_A025_G3,record_balanced,8203,2951,"[[1569, 15, 1, 0], [2, 0, 0, 0], [15, 1, 976, 0], [263, 0, 109, 0]]",0.862419518807184,0.46329197971034153,0.0,0.0,0.0,0.9138031450203844,0.848566792861006,0.9899053627760253,1585,1849,0.0,0.0,0.0,2,16,0.9393647738209817,0.8987108655616943,0.9838709677419355,992,1086,0.0,0.0,0.0,372,0
HOLDOUT_208,208,F_RECORD_BALANCED_FOCAL_A025_G3,record_balanced,8204,2951,"[[1555, 18, 12, 0], [2, 0, 0, 0], [14, 0, 978, 0], [212, 1, 159, 0]]",0.8583531006438495,0.45924711353164827,0.0,0.0,0.0,0.9233966745843231,0.8721256309590578,0.9810725552050473,1585,1783,0.0,0.0,0.0,2,19,0.91359177954227,0.8511749347258486,0.9858870967741935,992,1149,0.0,0.0,0.0,372,0
HOLDOUT_208,208,WGAN_F_RECORD_BALANCED_X10,wgan_f_record_balanced,8200,2951,"[[1551, 27, 7, 0], [2, 0, 0, 0], [5, 21, 966, 0], [203, 0, 169, 0]]",0.8529312097594036,0.4581047968983094,0.0,0.0,0.0,0.9270771069934249,0.8807495741056218,0.9785488958990536,1585,1761,0.0,0.0,0.0,2,48,0.9053420805998126,0.8458844133099825,0.9737903225806451,992,1142,0.0,0.0,0.0,372,0
HOLDOUT_208,208,WGAN_F_RECORD_BALANCED_X10,wgan_f_record_balanced,8201,2951,"[[1562, 18, 4, 1], [2, 0, 0, 0], [24, 90, 878, 0], [238, 2, 132, 0]]",0.8268383598780075,0.44780858246135236,0.0,0.0,0.0,0.9158604514805042,0.8554216867469879,0.9854889589905362,1585,1826,0.0,0.0,0.0,2,110,0.8753738783649053,0.8658777120315582,0.8850806451612904,992,1014,0.0,0.0,0.0,372,1
HOLDOUT_208,208,WGAN_F_RECORD_BALANCED_X10,wgan_f_record_balanced,8202,2951,"[[1554, 24, 6, 1], [2, 0, 0, 0], [9, 126, 857, 0], [229, 13, 130, 0]]",0.8170111826499492,0.4458187068894185,0.0,0.0,0.0,0.9197987570287067,0.8662207357859532,0.9804416403785489,1585,1794,0.0,0.0,0.0,2,163,0.8634760705289672,0.8630412890231621,0.8639112903225806,992,993,0.0,0.0,0.0,372,1
HOLDOUT_208,208,WGAN_F_RECORD_BALANCED_X10,wgan_f_record_balanced,8203,2951,"[[1529, 53, 3, 0], [2, 0, 0, 0], [11, 12, 969, 0], [240, 4, 128, 0]]",0.846492714334124,0.45865328537412664,0.0,0.0,0.0,0.9082269082269082,0.8580246913580247,0.9646687697160883,1585,1782,0.0,0.0,0.0,2,69,0.9263862332695985,0.8809090909090909,0.9768145161290323,992,1100,0.0,0.0,0.0,372,0
HOLDOUT_208,208,WGAN_F_RECORD_BALANCED_X10,wgan_f_record_balanced,8204,2951,"[[1556, 21, 6, 2], [2, 0, 0, 0], [67, 157, 768, 0], [243, 4, 125, 0]]",0.7875296509657743,0.42837848371950416,0.0,0.0,0.0,0.9012452939472922,0.8329764453961456,0.9817034700315458,1585,1868,0.0,0.0,0.0,2,182,0.8122686409307245,0.8542825361512792,0.7741935483870968,992,899,0.0,0.0,0.0,372,2
HOLDOUT_208,208,WGAN_F_RECORD_BALANCED_X20,wgan_f_record_balanced,8200,2951,"[[1565, 14, 5, 1], [2, 0, 0, 0], [13, 58, 921, 0], [271, 0, 101, 0]]",0.8424262961707896,0.455818948741323,0.0,0.0,0.0,0.9109429569266589,0.8454889249054565,0.9873817034700315,1585,1851,0.0,0.0,0.0,2,72,0.912332838038633,0.8967867575462513,0.9284274193548387,992,1027,0.0,0.0,0.0,372,1
HOLDOUT_208,208,WGAN_F_RECORD_BALANCED_X20,wgan_f_record_balanced,8201,2951,"[[1564, 17, 3, 1], [2, 0, 0, 0], [14, 35, 943, 0], [237, 0, 135, 0]]",0.8495425279566249,0.4573129282085706,0.0,0.0,0.0,0.9194591416813639,0.8607594936708861,0.9867507886435332,1585,1817,0.0,0.0,0.0,2,52,0.9097925711529185,0.8723404255319149,0.9506048387096774,992,1081,0.0,0.0,0.0,372,1
HOLDOUT_208,208,WGAN_F_RECORD_BALANCED_X20,wgan_f_record_balanced,8202,2951,"[[1543, 35, 6, 1], [2, 0, 0, 0], [28, 41, 923, 0], [224, 4, 144, 0]]",0.8356489325652321,0.45160613875194555,0.0,0.0,0.0,0.9124778237729154,0.8586533110740122,0.9735015772870662,1585,1797,0.0,0.0,0.0,2,80,0.8939467312348668,0.8602050326188257,0.9304435483870968,992,1073,0.0,0.0,0.0,372,1
HOLDOUT_208,208,WGAN_F_RECORD_BALANCED_X20,wgan_f_record_balanced,8203,2951,"[[1564, 15, 4, 2], [2, 0, 0, 0], [9, 47, 935, 1], [284, 4, 84, 0]]",0.8468315825144019,0.45907148188816166,0.0,0.0,0.0,0.908246225319396,0.841312533620226,0.9867507886435332,1585,1859,0.0,0.0,0.0,2,66,0.9280397022332506,0.9139784946236559,0.9425403225806451,992,1023,0.0,0.0,0.0,372,3
HOLDOUT_208,208,WGAN_F_RECORD_BALANCED_X20,wgan_f_record_balanced,8204,2951,"[[1555, 24, 5, 1], [2, 0, 0, 0], [41, 30, 921, 0], [280, 4, 88, 0]]",0.8390376143680108,0.4540776313853703,0.0,0.0,0.0,0.8980652613341034,0.8280085197018104,0.9810725552050473,1585,1878,0.0,0.0,0.0,2,58,0.9182452642073778,0.908284023668639,0.9284274193548387,992,1014,0.0,0.0,0.0,372,1
HOLDOUT_208,208,WGAN_F_RECORD_BALANCED_X5,wgan_f_record_balanced,8200,2951,"[[1557, 21, 6, 1], [2, 0, 0, 0], [19, 101, 872, 0], [247, 1, 124, 0]]",0.8231108098949509,0.44695508813831525,0.0,0.0,0.0,0.9131964809384164,0.8531506849315068,0.9823343848580441,1585,1825,0.0,0.0,0.0,2,123,0.8746238716148446,0.8702594810379242,0.8790322580645161,992,1002,0.0,0.0,0.0,372,1
HOLDOUT_208,208,WGAN_F_RECORD_BALANCED_X5,wgan_f_record_balanced,8201,2951,"[[1549, 28, 6, 2], [2, 0, 0, 0], [28, 36, 928, 0], [272, 1, 99, 0]]",0.8393764825482887,0.4545432529930008,0.0,0.0,0.0,0.9016298020954598,0.8368449486763911,0.9772870662460568,1585,1851,0.0,0.0,0.0,2,65,0.9165432098765433,0.8983543078412392,0.9354838709677419,992,1033,0.0,0.0,0.0,372,2
HOLDOUT_208,208,WGAN_F_RECORD_BALANCED_X5,wgan_f_record_balanced,8202,2951,"[[1567, 16, 1, 1], [2, 0, 0, 0], [14, 41, 937, 0], [263, 2, 107, 0]]",0.8485259234157913,0.45835416980555155,0.0,0.0,0.0,0.9134363159428738,0.8488624052004333,0.9886435331230284,1585,1846,0.0,0.0,0.0,2,59,0.9199803632793323,0.8966507177033493,0.9445564516129032,992,1045,0.0,0.0,0.0,372,1
HOLDOUT_208,208,WGAN_F_RECORD_BALANCED_X5,wgan_f_record_balanced,8203,2951,"[[1563, 16, 6, 0], [2, 0, 0, 0], [8, 15, 969, 0], [229, 0, 143, 0]]",0.8580142324635717,0.46035601694239336,0.0,0.0,0.0,0.9229406554472985,0.867369589345172,0.9861198738170347,1585,1802,0.0,0.0,0.0,2,31,0.9184834123222749,0.8667262969588551,0.9768145161290323,992,1118,0.0,0.0,0.0,372,0
HOLDOUT_208,208,WGAN_F_RECORD_BALANCED_X5,wgan_f_record_balanced,8204,2951,"[[1528, 53, 3, 1], [2, 0, 0, 0], [13, 26, 953, 0], [214, 4, 154, 0]]",0.8407319552694003,0.4552944931190323,0.0,0.0,0.0,0.9144225014961102,0.8696642003414912,0.9640378548895899,1585,1757,0.0,0.0,0.0,2,83,0.9067554709800191,0.8585585585585586,0.9606854838709677,992,1110,0.0,0.0,0.0,372,1
HOLDOUT_223,223,BASELINE_CE,baseline,8200,2605,"[[2033, 1, 2, 9], [48, 18, 7, 0], [130, 1, 341, 1], [8, 0, 2, 4]]",0.9197696737044145,0.6132606136323682,0.33640552995391704,0.2857142857142857,0.3287671232876712,0.9535647279549718,0.9161784587652095,0.9941320293398533,2045,2219,0.3870967741935484,0.9,0.2465753424657534,73,20,0.8266666666666667,0.96875,0.7209302325581395,473,352,0.2857142857142857,0.2857142857142857,0.2857142857142857,14,14
HOLDOUT_223,223,BASELINE_CE,baseline,8201,2605,"[[2043, 0, 0, 2], [49, 14, 10, 0], [114, 8, 350, 1], [9, 1, 2, 2]]",0.9247600767754318,0.5749178163317545,0.2510964912280702,0.21052631578947367,0.2445414847161572,0.9591549295774648,0.9223476297968397,0.9990220048899755,2045,2215,0.2916666666666667,0.6086956521739131,0.1917808219178082,73,23,0.8383233532934131,0.9668508287292817,0.7399577167019028,473,362,0.21052631578947367,0.4,0.14285714285714285,14,5
HOLDOUT_223,223,BASELINE_CE,baseline,8202,2605,"[[2042, 0, 1, 2], [64, 7, 2, 0], [125, 27, 321, 0], [8, 0, 4, 2]]",0.9105566218809981,0.5269690325638463,0.17653167185877466,0.1308411214953271,0.16470588235294115,0.9533146591970122,0.9120142920946851,0.9985330073349633,2045,2239,0.1308411214953271,0.20588235294117646,0.0958904109589041,73,34,0.8014981273408239,0.9786585365853658,0.678646934460888,473,328,0.2222222222222222,0.5,0.14285714285714285,14,4
HOLDOUT_223,223,BASELINE_CE,baseline,8203,2605,"[[2041, 0, 0, 4], [70, 1, 1, 1], [121, 6, 346, 0], [8, 0, 3, 3]]",0.9178502879078695,0.5227947389359253,0.14886363636363636,0.025,0.04580152671755725,0.9526254375729288,0.9111607142857143,0.9980440097799511,2045,2240,0.025,0.14285714285714285,0.0136986301369863,73,7,0.8408262454434994,0.9885714285714285,0.7315010570824524,473,350,0.2727272727272727,0.375,0.21428571428571427,14,8
HOLDOUT_223,223,BASELINE_CE,baseline,8204,2605,"[[2033, 0, 0, 12], [64, 3, 6, 0], [145, 11, 316, 1], [11, 0, 0, 3]]",0.9040307101727447,0.502488869001323,0.13448275862068965,0.06896551724137931,0.10256410256410257,0.946021405304793,0.902352418996893,0.9941320293398533,2045,2253,0.06896551724137931,0.21428571428571427,0.0410958904109589,73,14,0.7949685534591195,0.9813664596273292,0.6680761099365751,473,322,0.2,0.1875,0.21428571428571427,14,16
HOLDOUT_223,223,FOCAL_A025_G3,focal,8200,2605,"[[2031, 0, 0, 14], [51, 17, 4, 1], [127, 6, 339, 1], [8, 0, 3, 3]]",0.9174664107485605,0.579224337663744,0.26799242424242425,0.18181818181818182,0.24028268551236748,0.9530736743312999,0.9161028416779432,0.9931540342298288,2045,2217,0.3541666666666667,0.7391304347826086,0.2328767123287671,73,23,0.8278388278388278,0.9797687861271677,0.7167019027484144,473,346,0.18181818181818182,0.15789473684210525,0.21428571428571427,14,19
HOLDOUT_223,223,FOCAL_A025_G3,focal,8201,2605,"[[2023, 1, 6, 15], [27, 18, 28, 0], [122, 2, 349, 0], [9, 0, 3, 2]]",0.9182341650671785,0.5704975678723676,0.2560054907343857,0.12903225806451613,0.19302949061662197,0.9574065309985802,0.9275561668959194,0.9892420537897311,2045,2181,0.3829787234042553,0.8571428571428571,0.2465753424657534,73,21,0.8125727590221188,0.9041450777202072,0.7378435517970402,473,386,0.12903225806451613,0.11764705882352941,0.14285714285714285,14,17
HOLDOUT_223,223,FOCAL_A025_G3,focal,8202,2605,"[[2043, 0, 0, 2], [54, 19, 0, 0], [119, 14, 340, 0], [9, 1, 2, 2]]",0.9228406909788868,0.5921567256160889,0.288681204569055,0.2222222222222222,0.27338129496402874,0.9569086651053864,0.9182022471910113,0.9990220048899755,2045,2225,0.35514018691588783,0.5588235294117647,0.2602739726027397,73,34,0.8343558282208589,0.9941520467836257,0.718816067653277,473,342,0.2222222222222222,0.5,0.14285714285714285,14,4
HOLDOUT_223,223,FOCAL_A025_G3,focal,8203,2605,"[[2044, 1, 0, 0], [36, 35, 2, 0], [155, 240, 78, 0], [12, 1, 1, 0]]",0.8280230326295586,0.3585145396859576,0.1,0.0,0.0,0.9524697110904008,0.9096573208722741,0.9995110024449878,2045,2247,0.2,0.1263537906137184,0.4794520547945205,73,277,0.2815884476534296,0.9629629629629629,0.1649048625792812,473,81,0.0,0.0,0.0,14,0
HOLDOUT_223,223,FOCAL_A025_G3,focal,8204,2605,"[[2039, 0, 0, 6], [72, 1, 0, 0], [140, 15, 312, 6], [9, 0, 2, 3]]",0.9040307101727447,0.4923808621072552,0.11468423091824874,0.02247191011235955,0.04054054054054054,0.9472706155632985,0.9022123893805309,0.9970660146699266,2045,2260,0.02247191011235955,0.0625,0.0136986301369863,73,16,0.7928843710292249,0.9936305732484076,0.6596194503171248,473,314,0.20689655172413793,0.2,0.21428571428571427,14,15
HOLDOUT_223,223,F_RECORD_BALANCED_CE_P025,record_balanced,8200,2605,"[[2045, 0, 0, 0], [40, 30, 3, 0], [115, 5, 350, 3], [9, 0, 2, 3]]",0.9320537428023032,0.665603558117509,0.4277777777777778,0.3,0.3896103896103896,0.9614480488951574,0.9257582616568583,1.0,2045,2209,0.5555555555555556,0.8571428571428571,0.410958904109589,73,35,0.8454106280193237,0.9859154929577465,0.7399577167019028,473,355,0.3,0.5,0.21428571428571427,14,6
HOLDOUT_223,223,F_RECORD_BALANCED_CE_P025,record_balanced,8201,2605,"[[2043, 1, 0, 1], [38, 29, 6, 0], [134, 61, 274, 4], [13, 0, 1, 0]]",0.9005758157389635,0.5091714558650974,0.17682926829268292,0.0,0.0,0.9562368359466417,0.9169658886894075,0.9990220048899755,2045,2228,0.35365853658536583,0.31868131868131866,0.3972602739726027,73,91,0.726790450928382,0.9750889679715302,0.5792811839323467,473,281,0.0,0.0,0.0,14,5
HOLDOUT_223,223,F_RECORD_BALANCED_CE_P025,record_balanced,8202,2605,"[[2041, 0, 3, 1], [20, 20, 33, 0], [125, 67, 269, 12], [7, 2, 5, 0]]",0.8944337811900192,0.47430116457335975,0.12345679012345678,0.0,0.0,0.9631901840490797,0.9306885544915641,0.9980440097799511,2045,2193,0.24691358024691357,0.2247191011235955,0.273972602739726,73,89,0.6871008939974457,0.867741935483871,0.5687103594080338,473,310,0.0,0.0,0.0,14,13
HOLDOUT_223,223,F_RECORD_BALANCED_CE_P025,record_balanced,8203,2605,"[[2041, 1, 0, 3], [38, 31, 4, 0], [125, 101, 245, 2], [9, 0, 1, 4]]",0.890978886756238,0.5712986686799442,0.32439848037146474,0.30097087378640774,0.32270657124268054,0.9586660403945514,0.9222774514234071,0.9980440097799511,2045,2213,0.30097087378640774,0.23308270676691728,0.4246575342465753,73,133,0.677731673582296,0.98,0.5179704016913319,473,250,0.34782608695652173,0.4444444444444444,0.2857142857142857,14,9
HOLDOUT_223,223,F_RECORD_BALANCED_CE_P025,record_balanced,8204,2605,"[[2041, 1, 1, 2], [40, 27, 4, 2], [133, 28, 299, 13], [10, 0, 1, 3]]",0.9097888675623801,0.579977150484252,0.2975376196990424,0.17647058823529413,0.24827586206896557,0.9561958304052471,0.9177158273381295,0.9980440097799511,2045,2224,0.4186046511627907,0.48214285714285715,0.3698630136986301,73,56,0.7686375321336761,0.980327868852459,0.6321353065539113,473,305,0.17647058823529413,0.15,0.21428571428571427,14,20
HOLDOUT_223,223,F_RECORD_BALANCED_FOCAL_A025_G3,record_balanced,8200,2605,"[[2043, 1, 1, 0], [41, 10, 22, 0], [131, 75, 267, 0], [11, 0, 2, 1]]",0.890978886756238,0.4784608324318228,0.12955974842767295,0.12578616352201258,0.12944983818770228,0.9566846171856708,0.9177897574123989,0.9990220048899755,2045,2226,0.12578616352201258,0.11627906976744186,0.136986301369863,73,86,0.6980392156862745,0.9143835616438356,0.5644820295983086,473,292,0.13333333333333333,1.0,0.07142857142857142,14,1
HOLDOUT_223,223,F_RECORD_BALANCED_FOCAL_A025_G3,record_balanced,8201,2605,"[[2044, 0, 1, 0], [43, 9, 20, 1], [131, 97, 236, 9], [11, 0, 2, 1]]",0.8790786948176583,0.44546211264642127,0.09027932960893856,0.08,0.0891089108910891,0.956481048198409,0.9170031404217138,0.9995110024449878,2045,2229,0.1005586592178771,0.08490566037735849,0.1232876712328767,73,106,0.644808743169399,0.9111969111969112,0.4989429175475687,473,259,0.08,0.09090909090909091,0.07142857142857142,14,11
HOLDOUT_223,223,F_RECORD_BALANCED_FOCAL_A025_G3,record_balanced,8202,2605,"[[2042, 1, 2, 0], [22, 24, 26, 1], [104, 190, 163, 16], [9, 0, 4, 1]]",0.8560460652591171,0.42112617198100244,0.11458333333333333,0.0625,0.09090909090909091,0.9673140691615348,0.937988056959118,0.9985330073349633,2045,2177,0.16666666666666666,0.11162790697674418,0.3287671232876712,73,215,0.4880239520958084,0.8358974358974359,0.34460887949260044,473,195,0.0625,0.05555555555555555,0.07142857142857142,14,18
HOLDOUT_223,223,F_RECORD_BALANCED_FOCAL_A025_G3,record_balanced,8203,2605,"[[2042, 0, 0, 3], [62, 0, 11, 0], [188, 5, 251, 29], [10, 0, 1, 3]]",0.8813819577735125,0.43600317542475925,0.061224489795918366,0.0,0.0,0.939498504715896,0.8870547350130321,0.9985330073349633,2045,2302,0.0,0.0,0.0,73,5,0.6820652173913043,0.9543726235741445,0.5306553911205074,473,263,0.12244897959183673,0.08571428571428572,0.21428571428571427,14,35
HOLDOUT_223,223,F_RECORD_BALANCED_FOCAL_A025_G3,record_balanced,8204,2605,"[[2045, 0, 0, 0], [73, 0, 0, 0], [142, 70, 260, 1], [10, 0, 2, 2]]",0.8856046065259117,0.472658356505986,0.11764705882352941,0.0,0.0,0.947856315179606,0.9008810572687225,1.0,2045,2270,0.0,0.0,0.0,73,70,0.7074829931972789,0.9923664122137404,0.5496828752642706,473,262,0.23529411764705882,0.6666666666666666,0.14285714285714285,14,3
HOLDOUT_223,223,WGAN_F_RECORD_BALANCED_X10,wgan_f_record_balanced,8200,2605,"[[2042, 1, 0, 2], [43, 30, 0, 0], [134, 120, 218, 1], [9, 1, 1, 3]]",0.8802303262955854,0.5381233127127498,0.2833333333333333,0.26666666666666666,0.2823529411764706,0.9557687807161245,0.9165170556552962,0.9985330073349633,2045,2228,0.26666666666666666,0.19736842105263158,0.410958904109589,73,152,0.630057803468208,0.9954337899543378,0.4608879492600423,473,219,0.3,0.5,0.21428571428571427,14,6
HOLDOUT_223,223,WGAN_F_RECORD_BALANCED_X10,wgan_f_record_balanced,8201,2605,"[[2034, 0, 0, 11], [57, 14, 2, 0], [126, 4, 341, 2], [8, 0, 2, 4]]",0.9186180422264876,0.5880477158870241,0.28287841191067,0.25806451612903225,0.2807017543859649,0.9526932084309133,0.9141573033707865,0.9946210268948655,2045,2225,0.3076923076923077,0.7777777777777778,0.1917808219178082,73,18,0.8337408312958435,0.9884057971014493,0.7209302325581395,473,345,0.25806451612903225,0.23529411764705882,0.2857142857142857,14,17
HOLDOUT_223,223,WGAN_F_RECORD_BALANCED_X10,wgan_f_record_balanced,8202,2605,"[[2032, 0, 2, 11], [64, 6, 3, 0], [139, 20, 314, 0], [9, 0, 3, 2]]",0.9036468330134357,0.5017093988609538,0.13468013468013468,0.12121212121212122,0.13333333333333333,0.9475402191653066,0.9055258467023173,0.993643031784841,2045,2244,0.12121212121212122,0.23076923076923078,0.0821917808219178,73,26,0.789937106918239,0.9751552795031055,0.6638477801268499,473,322,0.14814814814814814,0.15384615384615385,0.14285714285714285,14,13
HOLDOUT_223,223,WGAN_F_RECORD_BALANCED_X10,wgan_f_record_balanced,8203,2605,"[[2043, 0, 0, 2], [67, 4, 2, 0], [137, 19, 316, 1], [8, 0, 2, 4]]",0.908637236084453,0.5528729476775607,0.23214285714285712,0.08333333333333333,0.13675213675213677,0.9502325581395349,0.9059866962305987,0.9990220048899755,2045,2255,0.08333333333333333,0.17391304347826086,0.0547945205479452,73,23,0.7969735182849937,0.9875,0.6680761099365751,473,320,0.38095238095238093,0.5714285714285714,0.2857142857142857,14,7
HOLDOUT_223,223,WGAN_F_RECORD_BALANCED_X10,wgan_f_record_balanced,8204,2605,"[[2042, 0, 0, 3], [68, 1, 4, 0], [145, 9, 315, 4], [9, 0, 0, 5]]",0.9071017274472168,0.537987506032289,0.20435588507877667,0.024096385542168676,0.045351473922902494,0.9477837085170573,0.9019434628975265,0.9985330073349633,2045,2264,0.024096385542168676,0.1,0.0136986301369863,73,10,0.7954545454545454,0.987460815047022,0.6659619450317125,473,319,0.38461538461538464,0.4166666666666667,0.35714285714285715,14,12
HOLDOUT_223,223,WGAN_F_RECORD_BALANCED_X20,wgan_f_record_balanced,8200,2605,"[[2032, 0, 0, 13], [63, 4, 6, 0], [127, 175, 170, 1], [9, 0, 2, 3]]",0.8479846449136277,0.42449719962620175,0.11264720942140297,0.031746031746031744,0.05454545454545454,0.950420954162769,0.9108023307933663,0.993643031784841,2045,2231,0.031746031746031744,0.0223463687150838,0.0547945205479452,73,179,0.522273425499232,0.9550561797752809,0.3594080338266385,473,178,0.1935483870967742,0.17647058823529413,0.21428571428571427,14,17
HOLDOUT_223,223,WGAN_F_RECORD_BALANCED_X20,wgan_f_record_balanced,8201,2605,"[[2041, 0, 0, 4], [61, 10, 2, 0], [135, 128, 210, 0], [8, 0, 3, 3]]",0.8690978886756238,0.4856203208415817,0.1902505077860528,0.0947867298578199,0.1423487544483986,0.9515151515151515,0.9091314031180401,0.9980440097799511,2045,2245,0.0947867298578199,0.07246376811594203,0.136986301369863,73,138,0.6104651162790697,0.9767441860465116,0.4439746300211416,473,215,0.2857142857142857,0.42857142857142855,0.21428571428571427,14,7
HOLDOUT_223,223,WGAN_F_RECORD_BALANCED_X20,wgan_f_record_balanced,8202,2605,"[[2008, 0, 0, 37], [69, 2, 2, 0], [161, 7, 303, 2], [9, 0, 1, 4]]",0.8894433781190019,0.4756865226963939,0.09456568249893024,0.04878048780487805,0.07239819004524888,0.9356943150046598,0.8936359590565198,0.9819070904645477,2045,2247,0.04878048780487805,0.2222222222222222,0.0273972602739726,73,9,0.7779204107830552,0.9901960784313726,0.6405919661733616,473,306,0.14035087719298245,0.09302325581395349,0.2857142857142857,14,43
HOLDOUT_223,223,WGAN_F_RECORD_BALANCED_X20,wgan_f_record_balanced,8203,2605,"[[2043, 1, 0, 1], [65, 4, 4, 0], [123, 5, 341, 4], [8, 0, 3, 3]]",0.9178502879078695,0.5383971506937614,0.1845564074479737,0.0963855421686747,0.142433234421365,0.9537815126050421,0.9124609200535954,0.9990220048899755,2045,2239,0.0963855421686747,0.4,0.0547945205479452,73,10,0.830694275274056,0.9798850574712644,0.7209302325581395,473,348,0.2727272727272727,0.375,0.21428571428571427,14,8
HOLDOUT_223,223,WGAN_F_RECORD_BALANCED_X20,wgan_f_record_balanced,8204,2605,"[[2043, 0, 0, 2], [62, 6, 5, 0], [142, 9, 318, 4], [10, 0, 1, 3]]",0.9097888675623801,0.5362541170823103,0.19861660079051383,0.13636363636363635,0.1791044776119403,0.9497907949790795,0.9051838723969872,0.9990220048899755,2045,2257,0.13636363636363635,0.4,0.0821917808219178,73,15,0.7979924717691342,0.9814814814814815,0.6723044397463002,473,324,0.2608695652173913,0.3333333333333333,0.21428571428571427,14,9
HOLDOUT_223,223,WGAN_F_RECORD_BALANCED_X5,wgan_f_record_balanced,8200,2605,"[[2045, 0, 0, 0], [65, 7, 1, 0], [161, 73, 237, 2], [10, 0, 1, 3]]",0.8798464491362764,0.5046173045894038,0.20364637082903336,0.0915032679738562,0.14189189189189189,0.9454461396208969,0.8965366067514248,1.0,2045,2281,0.0915032679738562,0.0875,0.0958904109589041,73,80,0.6657303370786517,0.9916317991631799,0.5010570824524313,473,239,0.3157894736842105,0.6,0.21428571428571427,14,5
HOLDOUT_223,223,WGAN_F_RECORD_BALANCED_X5,wgan_f_record_balanced,8201,2605,"[[2039, 0, 0, 6], [61, 9, 3, 0], [131, 2, 340, 0], [9, 0, 3, 2]]",0.9174664107485605,0.5445191687607089,0.19805194805194803,0.18181818181818182,0.19672131147540986,0.9516919486581097,0.9102678571428572,0.9970660146699266,2045,2240,0.21428571428571427,0.8181818181818182,0.1232876712328767,73,11,0.8302808302808303,0.9826589595375722,0.718816067653277,473,346,0.18181818181818182,0.25,0.14285714285714285,14,8
HOLDOUT_223,223,WGAN_F_RECORD_BALANCED_X5,wgan_f_record_balanced,8202,2605,"[[2019, 0, 3, 23], [40, 2, 31, 0], [148, 9, 315, 1], [12, 0, 0, 2]]",0.8975047984644914,0.4652601322776684,0.07380952380952381,0.047619047619047616,0.06451612903225806,0.9469981238273921,0.9098693105002253,0.9872860635696822,2045,2219,0.047619047619047616,0.18181818181818182,0.0273972602739726,73,11,0.7664233576642335,0.9025787965616046,0.6659619450317125,473,349,0.1,0.07692307692307693,0.14285714285714285,14,26
HOLDOUT_223,223,WGAN_F_RECORD_BALANCED_X5,wgan_f_record_balanced,8203,2605,"[[2024, 0, 0, 21], [69, 0, 4, 0], [140, 52, 276, 5], [8, 0, 2, 4]]",0.8844529750479846,0.4643535945687105,0.09090909090909091,0.0,0.0,0.9444703686420906,0.9031682284694333,0.9897310513447433,2045,2241,0.0,0.0,0.0,73,52,0.7311258278145696,0.9787234042553191,0.5835095137420718,473,282,0.18181818181818182,0.13333333333333333,0.2857142857142857,14,30
HOLDOUT_223,223,WGAN_F_RECORD_BALANCED_X5,wgan_f_record_balanced,8204,2605,"[[2037, 1, 1, 6], [32, 35, 6, 0], [88, 6, 379, 0], [8, 0, 4, 2]]",0.9416506717850288,0.6591352995182729,0.3952569169960475,0.18181818181818182,0.27999999999999997,0.9676959619952494,0.9408775981524249,0.9960880195599022,2045,2165,0.6086956521739131,0.8333333333333334,0.4794520547945205,73,42,0.8783314020857474,0.9717948717948718,0.8012684989429175,473,390,0.18181818181818182,0.25,0.14285714285714285,14,8
HOLDOUT_MINOR_F,108,BASELINE_CE,baseline,8200,1763,"[[1463, 0, 277, 0], [0, 1, 3, 0], [2, 6, 9, 0], [2, 0, 0, 0]]",0.8355076574021554,0.28825522044858426,0.09090909090909091,0.0,0.0,0.9123791705643904,0.9972733469665985,0.8408045977011495,1740,1467,0.18181818181818182,0.14285714285714285,0.25,4,7,0.058823529411764705,0.031141868512110725,0.5294117647058824,17,289,0.0,0.0,0.0,2,0
HOLDOUT_MINOR_F,108,BASELINE_CE,baseline,8201,1763,"[[1261, 0, 479, 0], [0, 0, 4, 0], [3, 4, 10, 0], [2, 0, 0, 0]]",0.7209302325581395,0.21955109389065006,0.0,0.0,0.0,0.8389886892880905,0.9960505529225908,0.7247126436781609,1740,1266,0.0,0.0,0.0,4,4,0.0392156862745098,0.02028397565922921,0.5882352941176471,17,493,0.0,0.0,0.0,2,0
HOLDOUT_MINOR_F,108,BASELINE_CE,baseline,8202,1763,"[[1059, 0, 681, 0], [0, 0, 4, 0], [4, 3, 10, 0], [2, 0, 0, 0]]",0.6063528077141237,0.1957925253860482,0.0,0.0,0.0,0.7550802139037434,0.9943661971830986,0.6086206896551725,1740,1065,0.0,0.0,0.0,4,3,0.028089887640449437,0.014388489208633094,0.5882352941176471,17,695,0.0,0.0,0.0,2,0
HOLDOUT_MINOR_F,108,BASELINE_CE,baseline,8203,1763,"[[1463, 0, 277, 0], [0, 1, 3, 0], [0, 6, 11, 0], [2, 0, 0, 0]]",0.8366420873511061,0.2915488177968677,0.09090909090909091,0.0,0.0,0.9129485179407176,0.9986348122866894,0.8408045977011495,1740,1465,0.18181818181818182,0.14285714285714285,0.25,4,7,0.07142857142857142,0.037800687285223365,0.6470588235294118,17,291,0.0,0.0,0.0,2,0
HOLDOUT_MINOR_F,108,BASELINE_CE,baseline,8204,1763,"[[1483, 0, 257, 0], [0, 0, 4, 0], [3, 4, 10, 0], [2, 0, 0, 0]]",0.8468519568916619,0.2470699091284593,0.0,0.0,0.0,0.9188351920693928,0.9966397849462365,0.8522988505747127,1740,1488,0.0,0.0,0.0,4,4,0.06944444444444445,0.03690036900369004,0.5882352941176471,17,271,0.0,0.0,0.0,2,0
HOLDOUT_MINOR_F,108,FOCAL_A025_G3,focal,8200,1763,"[[1361, 0, 377, 2], [0, 1, 3, 0], [0, 7, 10, 0], [2, 0, 0, 0]]",0.7782189449801474,0.27325557840382203,0.08333333333333333,0.0,0.0,0.8772155978085724,0.9985326485693323,0.782183908045977,1740,1363,0.16666666666666666,0.125,0.25,4,8,0.04914004914004914,0.02564102564102564,0.5882352941176471,17,390,0.0,0.0,0.0,2,2
HOLDOUT_MINOR_F,108,FOCAL_A025_G3,focal,8201,1763,"[[1288, 0, 451, 1], [0, 1, 3, 0], [4, 5, 8, 0], [2, 0, 0, 0]]",0.735677821894498,0.2706117722182695,0.1,0.0,0.0,0.8490441661173368,0.9953632148377125,0.7402298850574712,1740,1294,0.2,0.16666666666666666,0.25,4,6,0.033402922755741124,0.017316017316017316,0.47058823529411764,17,462,0.0,0.0,0.0,2,1
HOLDOUT_MINOR_F,108,FOCAL_A025_G3,focal,8202,1763,"[[1278, 0, 462, 0], [0, 0, 4, 0], [3, 5, 9, 0], [2, 0, 0, 0]]",0.7300056721497448,0.22052576587624959,0.0,0.0,0.0,0.8455176976513398,0.9961028838659393,0.7344827586206897,1740,1283,0.0,0.0,0.0,4,5,0.036585365853658534,0.018947368421052633,0.5294117647058824,17,475,0.0,0.0,0.0,2,0
HOLDOUT_MINOR_F,108,FOCAL_A025_G3,focal,8203,1763,"[[1447, 0, 293, 0], [0, 2, 2, 0], [0, 7, 10, 0], [2, 0, 0, 0]]",0.8275666477595008,0.3193246553302179,0.15384615384615385,0.0,0.0,0.9074945123863281,0.9986197377501725,0.8316091954022988,1740,1449,0.3076923076923077,0.2222222222222222,0.5,4,9,0.062111801242236024,0.03278688524590164,0.5882352941176471,17,305,0.0,0.0,0.0,2,0
HOLDOUT_MINOR_F,108,FOCAL_A025_G3,focal,8204,1763,"[[1244, 0, 496, 0], [0, 1, 3, 0], [0, 7, 10, 0], [2, 0, 0, 0]]",0.7118547929665343,0.25947779540687127,0.08333333333333333,0.0,0.0,0.8332217012726055,0.9983948635634029,0.7149425287356321,1740,1246,0.16666666666666666,0.125,0.25,4,8,0.03802281368821293,0.019646365422396856,0.5882352941176471,17,509,0.0,0.0,0.0,2,0
HOLDOUT_MINOR_F,108,F_RECORD_BALANCED_CE_P025,record_balanced,8200,1763,"[[1489, 0, 251, 0], [0, 1, 3, 0], [0, 7, 10, 0], [2, 0, 0, 0]]",0.8508224617129893,0.28988427830481184,0.08333333333333333,0.0,0.0,0.9216960693283813,0.9986586183769283,0.8557471264367816,1740,1491,0.16666666666666666,0.125,0.25,4,8,0.0711743772241993,0.03787878787878788,0.5882352941176471,17,264,0.0,0.0,0.0,2,0
HOLDOUT_MINOR_F,108,F_RECORD_BALANCED_CE_P025,record_balanced,8201,1763,"[[1280, 0, 396, 64], [1, 1, 2, 0], [4, 5, 8, 0], [2, 0, 0, 0]]",0.7311401020986954,0.2708867239759423,0.1,0.0,0.0,0.8457218368021143,0.9945609945609946,0.735632183908046,1740,1287,0.2,0.16666666666666666,0.25,4,6,0.037825059101654845,0.019704433497536946,0.47058823529411764,17,406,0.0,0.0,0.0,2,64
HOLDOUT_MINOR_F,108,F_RECORD_BALANCED_CE_P025,record_balanced,8202,1763,"[[1698, 0, 42, 0], [1, 1, 2, 0], [2, 6, 9, 0], [2, 0, 0, 0]]",0.968803176403857,0.35632753827642005,0.09090909090909091,0.0,0.0,0.9863491141446413,0.9970640046975925,0.9758620689655172,1740,1703,0.18181818181818182,0.14285714285714285,0.25,4,7,0.2571428571428571,0.16981132075471697,0.5294117647058824,17,53,0.0,0.0,0.0,2,0
HOLDOUT_MINOR_F,108,F_RECORD_BALANCED_CE_P025,record_balanced,8203,1763,"[[1226, 0, 469, 45], [0, 0, 4, 0], [0, 4, 13, 0], [2, 0, 0, 0]]",0.7027793533749291,0.21945885334890924,0.0,0.0,0.0,0.8261455525606469,0.998371335504886,0.7045977011494253,1740,1228,0.0,0.0,0.0,4,4,0.05168986083499006,0.026748971193415638,0.7647058823529411,17,486,0.0,0.0,0.0,2,45
HOLDOUT_MINOR_F,108,F_RECORD_BALANCED_CE_P025,record_balanced,8204,1763,"[[1643, 0, 97, 0], [0, 1, 3, 0], [0, 4, 13, 0], [2, 0, 0, 0]]",0.9398752127056155,0.34824388642704746,0.1111111111111111,0.0,0.0,0.9707533234859675,0.9987841945288753,0.9442528735632184,1740,1645,0.2222222222222222,0.2,0.25,4,5,0.2,0.11504424778761062,0.7647058823529411,17,113,0.0,0.0,0.0,2,0
HOLDOUT_MINOR_F,108,F_RECORD_BALANCED_FOCAL_A025_G3,record_balanced,8200,1763,"[[1262, 0, 478, 0], [0, 1, 3, 0], [0, 7, 10, 0], [2, 0, 0, 0]]",0.7220646625070902,0.26156244866861683,0.08333333333333333,0.0,0.0,0.8402130492676432,0.9984177215189873,0.725287356321839,1740,1264,0.16666666666666666,0.125,0.25,4,8,0.03937007874015748,0.020366598778004074,0.5882352941176471,17,491,0.0,0.0,0.0,2,0
HOLDOUT_MINOR_F,108,F_RECORD_BALANCED_FOCAL_A025_G3,record_balanced,8201,1763,"[[1465, 0, 260, 15], [1, 0, 3, 0], [1, 6, 10, 0], [2, 0, 0, 0]]",0.8366420873511061,0.24550563608815723,0.0,0.0,0.0,0.9130570271112496,0.9972770592239619,0.8419540229885057,1740,1469,0.0,0.0,0.0,4,6,0.06896551724137931,0.03663003663003663,0.5882352941176471,17,273,0.0,0.0,0.0,2,15
HOLDOUT_MINOR_F,108,F_RECORD_BALANCED_FOCAL_A025_G3,record_balanced,8202,1763,"[[1670, 0, 70, 0], [0, 0, 4, 0], [2, 0, 15, 0], [2, 0, 0, 0]]",0.9557572319909245,0.31533585347791004,0.0,0.0,0.0,0.9783245459871119,0.997610513739546,0.9597701149425287,1740,1674,0.0,0.0,0.0,4,0,0.2830188679245283,0.16853932584269662,0.8823529411764706,17,89,0.0,0.0,0.0,2,0
HOLDOUT_MINOR_F,108,F_RECORD_BALANCED_FOCAL_A025_G3,record_balanced,8203,1763,"[[1541, 0, 199, 0], [0, 0, 4, 0], [0, 3, 14, 0], [2, 0, 0, 0]]",0.8820192853091322,0.2646084074655503,0.0,0.0,0.0,0.9387755102040817,0.998703823720026,0.885632183908046,1740,1543,0.0,0.0,0.0,4,3,0.11965811965811966,0.06451612903225806,0.8235294117647058,17,217,0.0,0.0,0.0,2,0
HOLDOUT_MINOR_F,108,F_RECORD_BALANCED_FOCAL_A025_G3,record_balanced,8204,1763,"[[1497, 0, 243, 0], [0, 1, 3, 0], [0, 5, 12, 0], [2, 0, 0, 0]]",0.8564946114577425,0.3029080243621769,0.1,0.0,0.0,0.9243593701759802,0.9986657771847899,0.8603448275862069,1740,1499,0.2,0.16666666666666666,0.25,4,6,0.08727272727272728,0.046511627906976744,0.7058823529411765,17,258,0.0,0.0,0.0,2,0
HOLDOUT_MINOR_F,108,WGAN_F_RECORD_BALANCED_X10,wgan_f_record_balanced,8200,1763,"[[1629, 0, 111, 0], [0, 2, 2, 0], [0, 14, 3, 0], [2, 0, 0, 0]]",0.926829268292683,0.30289789290788527,0.1,0.0,0.0,0.9664787896766538,0.9987737584304108,0.9362068965517242,1740,1631,0.2,0.125,0.5,4,16,0.045112781954887216,0.02586206896551724,0.17647058823529413,17,116,0.0,0.0,0.0,2,0
HOLDOUT_MINOR_F,108,WGAN_F_RECORD_BALANCED_X10,wgan_f_record_balanced,8201,1763,"[[1560, 0, 180, 0], [0, 1, 3, 0], [0, 7, 10, 0], [2, 0, 0, 0]]",0.8910947249007374,0.30169666291713537,0.08333333333333333,0.0,0.0,0.9448818897637795,0.998719590268886,0.896551724137931,1740,1562,0.16666666666666666,0.125,0.25,4,8,0.09523809523809523,0.05181347150259067,0.5882352941176471,17,193,0.0,0.0,0.0,2,0
HOLDOUT_MINOR_F,108,WGAN_F_RECORD_BALANCED_X10,wgan_f_record_balanced,8202,1763,"[[1469, 0, 271, 0], [1, 0, 3, 0], [2, 5, 10, 0], [2, 0, 0, 0]]",0.8389109472490074,0.24514272069662005,0.0,0.0,0.0,0.9141257000622277,0.9966078697421981,0.8442528735632184,1740,1474,0.0,0.0,0.0,4,5,0.0664451827242525,0.035211267605633804,0.5882352941176471,17,284,0.0,0.0,0.0,2,0
HOLDOUT_MINOR_F,108,WGAN_F_RECORD_BALANCED_X10,wgan_f_record_balanced,8203,1763,"[[1453, 0, 287, 0], [0, 0, 4, 0], [3, 8, 6, 0], [2, 0, 0, 0]]",0.8275666477595008,0.23672737339818278,0.0,0.0,0.0,0.908692933083177,0.9965706447187929,0.8350574712643678,1740,1458,0.0,0.0,0.0,4,8,0.03821656050955414,0.020202020202020204,0.35294117647058826,17,297,0.0,0.0,0.0,2,0
HOLDOUT_MINOR_F,108,WGAN_F_RECORD_BALANCED_X10,wgan_f_record_balanced,8204,1763,"[[1484, 0, 256, 0], [0, 3, 1, 0], [5, 8, 4, 0], [2, 0, 0, 0]]",0.8457175269427113,0.3368445076807635,0.2,0.0,0.0,0.9186010523057877,0.9953051643192489,0.8528735632183908,1740,1491,0.4,0.2727272727272727,0.75,4,11,0.02877697841726619,0.01532567049808429,0.23529411764705882,17,261,0.0,0.0,0.0,2,0
HOLDOUT_MINOR_F,108,WGAN_F_RECORD_BALANCED_X20,wgan_f_record_balanced,8200,1763,"[[1422, 0, 318, 0], [0, 0, 4, 0], [2, 3, 12, 0], [2, 0, 0, 0]]",0.8133862733976177,0.24166761153495203,0.0,0.0,0.0,0.8982943777637398,0.9971949509116409,0.8172413793103448,1740,1426,0.0,0.0,0.0,4,3,0.06837606837606838,0.03592814371257485,0.7058823529411765,17,334,0.0,0.0,0.0,2,0
HOLDOUT_MINOR_F,108,WGAN_F_RECORD_BALANCED_X20,wgan_f_record_balanced,8201,1763,"[[1328, 0, 412, 0], [0, 0, 4, 0], [4, 1, 12, 0], [2, 0, 0, 0]]",0.7600680657969371,0.2294883510121132,0.0,0.0,0.0,0.8640208197787899,0.9955022488755623,0.7632183908045977,1740,1334,0.0,0.0,0.0,4,1,0.05393258426966292,0.028037383177570093,0.7058823529411765,17,428,0.0,0.0,0.0,2,0
HOLDOUT_MINOR_F,108,WGAN_F_RECORD_BALANCED_X20,wgan_f_record_balanced,8202,1763,"[[990, 0, 750, 0], [1, 0, 3, 0], [0, 2, 15, 0], [2, 0, 0, 0]]",0.5700510493477028,0.19067378886503947,0.0,0.0,0.0,0.7244785949506037,0.9969788519637462,0.5689655172413793,1740,993,0.0,0.0,0.0,4,2,0.03821656050955414,0.01953125,0.8823529411764706,17,768,0.0,0.0,0.0,2,0
HOLDOUT_MINOR_F,108,WGAN_F_RECORD_BALANCED_X20,wgan_f_record_balanced,8203,1763,"[[1474, 0, 266, 0], [0, 4, 0, 0], [4, 8, 5, 0], [2, 0, 0, 0]]",0.8411798071469087,0.36256254313319536,0.25,0.0,0.0,0.915527950310559,0.995945945945946,0.8471264367816091,1740,1480,0.5,0.3333333333333333,1.0,4,12,0.034722222222222224,0.01845018450184502,0.29411764705882354,17,271,0.0,0.0,0.0,2,0
HOLDOUT_MINOR_F,108,WGAN_F_RECORD_BALANCED_X20,wgan_f_record_balanced,8204,1763,"[[1464, 0, 276, 0], [0, 0, 4, 0], [1, 5, 11, 0], [2, 0, 0, 0]]",0.8366420873511061,0.24610784444741413,0.0,0.0,0.0,0.9130028063610851,0.9979550102249489,0.8413793103448276,1740,1467,0.0,0.0,0.0,4,5,0.07142857142857142,0.037800687285223365,0.6470588235294118,17,291,0.0,0.0,0.0,2,0
HOLDOUT_MINOR_F,108,WGAN_F_RECORD_BALANCED_X5,wgan_f_record_balanced,8200,1763,"[[1287, 0, 453, 0], [0, 0, 4, 0], [2, 3, 12, 0], [2, 0, 0, 0]]",0.7368122518434487,0.22465184859334206,0.0,0.0,0.0,0.8492246783239855,0.9969016266460109,0.7396551724137931,1740,1291,0.0,0.0,0.0,4,3,0.04938271604938271,0.0255863539445629,0.7058823529411765,17,469,0.0,0.0,0.0,2,0
HOLDOUT_MINOR_F,108,WGAN_F_RECORD_BALANCED_X5,wgan_f_record_balanced,8201,1763,"[[1353, 0, 387, 0], [0, 0, 4, 0], [3, 3, 11, 0], [2, 0, 0, 0]]",0.7736812251843449,0.23149317983270445,0.0,0.0,0.0,0.8734667527437057,0.9963181148748159,0.7775862068965518,1740,1358,0.0,0.0,0.0,4,3,0.05250596658711217,0.02736318407960199,0.6470588235294118,17,402,0.0,0.0,0.0,2,0
HOLDOUT_MINOR_F,108,WGAN_F_RECORD_BALANCED_X5,wgan_f_record_balanced,8202,1763,"[[1502, 0, 238, 0], [1, 0, 3, 0], [2, 6, 9, 0], [2, 0, 0, 0]]",0.8570618264322178,0.24814435451220312,0.0,0.0,0.0,0.9251616877117339,0.9966821499668215,0.8632183908045977,1740,1507,0.0,0.0,0.0,4,6,0.06741573033707865,0.036,0.5294117647058824,17,250,0.0,0.0,0.0,2,0
HOLDOUT_MINOR_F,108,WGAN_F_RECORD_BALANCED_X5,wgan_f_record_balanced,8203,1763,"[[1198, 0, 542, 0], [0, 0, 4, 0], [1, 4, 12, 0], [2, 0, 0, 0]]",0.6863301191151446,0.21410700294191565,0.0,0.0,0.0,0.81468888133288,0.9975020815986678,0.6885057471264368,1740,1201,0.0,0.0,0.0,4,4,0.04173913043478261,0.021505376344086023,0.7058823529411765,17,558,0.0,0.0,0.0,2,0
HOLDOUT_MINOR_F,108,WGAN_F_RECORD_BALANCED_X5,wgan_f_record_balanced,8204,1763,"[[1163, 0, 577, 0], [1, 0, 3, 0], [1, 1, 15, 0], [2, 0, 0, 0]]",0.6681792399319342,0.21228930168558652,0.0,0.0,0.0,0.8001375988992088,0.9965724078834619,0.6683908045977012,1740,1167,0.0,0.0,0.0,4,1,0.049019607843137254,0.025210084033613446,0.8823529411764706,17,595,0.0,0.0,0.0,2,0
HOLDOUT_MINOR_F,109,BASELINE_CE,baseline,8200,2531,"[[2302, 0, 175, 14], [0, 0, 0, 0], [2, 0, 35, 1], [0, 0, 0, 2]]",0.9241406558672461,0.3632378051911035,0.10526315789473684,0.0,0.0,0.9601668404588113,0.9991319444444444,0.9241268566840626,2491,2304,0.0,0.0,0.0,0,0,0.28225806451612906,0.16666666666666666,0.9210526315789473,38,210,0.21052631578947367,0.11764705882352941,1.0,2,17
HOLDOUT_MINOR_F,109,BASELINE_CE,baseline,8201,2531,"[[181, 0, 2142, 168], [0, 0, 0, 0], [3, 0, 34, 1], [0, 0, 0, 2]]",0.08573686290003951,0.04729053263917834,0.011560693641618497,0.0,0.0,0.13532710280373833,0.9836956521739131,0.07266158169409875,2491,184,0.0,0.0,0.0,0,0,0.03071364046973803,0.015625,0.8947368421052632,38,2176,0.023121387283236993,0.011695906432748537,1.0,2,171
HOLDOUT_MINOR_F,109,BASELINE_CE,baseline,8202,2531,"[[96, 0, 2378, 17], [0, 0, 0, 0], [1, 0, 37, 0], [0, 0, 0, 2]]",0.053338601343342555,0.07370797383688893,0.09523809523809523,0.0,0.0,0.07418856259659969,0.9896907216494846,0.03853873946206343,2491,97,0.0,0.0,0.0,0,0,0.030167142274765593,0.015320910973084885,0.9736842105263158,38,2415,0.19047619047619047,0.10526315789473684,1.0,2,19
HOLDOUT_MINOR_F,109,BASELINE_CE,baseline,8203,2531,"[[490, 0, 1906, 95], [0, 0, 0, 0], [3, 0, 35, 0], [0, 0, 0, 2]]",0.20821809561438168,0.10104841766596491,0.020202020202020204,0.0,0.0,0.3284182305630027,0.9939148073022313,0.1967081493376154,2491,493,0.0,0.0,0.0,0,0,0.035371399696816574,0.018031942297784646,0.9210526315789473,38,1941,0.04040404040404041,0.020618556701030927,1.0,2,97
HOLDOUT_MINOR_F,109,BASELINE_CE,baseline,8204,2531,"[[179, 0, 57, 2255], [0, 0, 0, 0], [4, 0, 33, 1], [0, 0, 0, 2]]",0.08455156064796523,0.16281918412143154,0.0008849557522123894,0.0,0.0,0.1338818249813014,0.9781420765027322,0.0718586912886391,2491,183,0.0,0.0,0.0,0,0,0.515625,0.36666666666666664,0.868421052631579,38,90,0.0017699115044247787,0.0008857395925597874,1.0,2,2258
HOLDOUT_MINOR_F,109,FOCAL_A025_G3,focal,8200,2531,"[[78, 4, 21, 2388], [0, 0, 0, 0], [2, 0, 35, 1], [0, 0, 0, 2]]",0.04543658632951403,0.20175729313114157,0.0008357709987463436,0.0,0.0,0.060676779463243874,0.975,0.03131272581292654,2491,80,0.0,0.0,0.0,0,4,0.7446808510638298,0.625,0.9210526315789473,38,56,0.001671541997492687,0.000836470096194061,1.0,2,2391
HOLDOUT_MINOR_F,109,FOCAL_A025_G3,focal,8201,2531,"[[790, 0, 1666, 35], [0, 0, 0, 0], [5, 0, 33, 0], [0, 0, 0, 2]]",0.32595811932042673,0.15534710061025186,0.05128205128205128,0.0,0.0,0.4808277541083384,0.9937106918238994,0.3171417101565636,2491,795,0.0,0.0,0.0,0,0,0.037996545768566495,0.01942319011183049,0.868421052631579,38,1699,0.10256410256410256,0.05405405405405406,1.0,2,37
HOLDOUT_MINOR_F,109,FOCAL_A025_G3,focal,8202,2531,"[[1021, 0, 1416, 54], [0, 0, 0, 0], [3, 0, 35, 0], [0, 0, 0, 2]]",0.41801659423152904,0.1742289419675551,0.034482758620689655,0.0,0.0,0.5809388335704125,0.9970703125,0.40987555198715375,2491,1024,0.0,0.0,0.0,0,0,0.04701141705842848,0.024121295658166782,0.9210526315789473,38,1451,0.06896551724137931,0.03571428571428571,1.0,2,56
HOLDOUT_MINOR_F,109,FOCAL_A025_G3,focal,8203,2531,"[[195, 2, 15, 2279], [0, 0, 0, 0], [1, 0, 36, 1], [0, 0, 0, 2]]",0.09205847491110233,0.23897084000030375,0.0008756567425569177,0.0,0.0,0.14514328247115743,0.9948979591836735,0.07828181453231634,2491,196,0.0,0.0,0.0,0,2,0.8089887640449438,0.7058823529411765,0.9473684210526315,38,51,0.0017513134851138354,0.0008764241893076249,1.0,2,2282
HOLDOUT_MINOR_F,109,FOCAL_A025_G3,focal,8204,2531,"[[157, 0, 2111, 223], [0, 0, 0, 0], [4, 0, 33, 1], [1, 0, 0, 1]]",0.07546424338206242,0.03935365738085578,0.004405286343612335,0.0,0.0,0.11835657745947983,0.9691358024691358,0.0630268968285829,2491,162,0.0,0.0,0.0,0,0,0.03024747937671861,0.015391791044776119,0.868421052631579,38,2144,0.00881057268722467,0.0044444444444444444,0.5,2,225
HOLDOUT_MINOR_F,109,F_RECORD_BALANCED_CE_P025,record_balanced,8200,2531,"[[144, 0, 280, 2067], [0, 0, 0, 0], [1, 1, 36, 0], [0, 0, 0, 2]]",0.07190833662583959,0.07864442844092209,0.0009657170449058426,0.0,0.0,0.10925644916540213,0.993103448275862,0.05780810919309514,2491,145,0.0,0.0,0.0,0,1,0.2033898305084746,0.11392405063291139,0.9473684210526315,38,316,0.001931434089811685,0.0009666505558240696,1.0,2,2069
HOLDOUT_MINOR_F,109,F_RECORD_BALANCED_CE_P025,record_balanced,8201,2531,"[[61, 2, 1626, 802], [0, 0, 0, 0], [1, 1, 35, 1], [0, 0, 0, 2]]",0.03871987356775978,0.023486063285475617,0.0024783147459727386,0.0,0.0,0.04778691735213474,0.9838709677419355,0.02448815736651947,2491,62,0.0,0.0,0.0,0,3,0.04120070629782225,0.02107164358819988,0.9210526315789473,38,1661,0.004956629491945477,0.002484472049689441,1.0,2,805
HOLDOUT_MINOR_F,109,F_RECORD_BALANCED_CE_P025,record_balanced,8202,2531,"[[1027, 0, 367, 1097], [0, 0, 0, 0], [4, 0, 34, 0], [0, 0, 0, 2]]",0.41999209798498616,0.1854304809249026,0.0018165304268846503,0.0,0.0,0.5831913685406019,0.9961202715809894,0.4122842232035327,2491,1031,0.0,0.0,0.0,0,0,0.1548974943052392,0.08478802992518704,0.8947368421052632,38,401,0.0036330608537693005,0.0018198362147406734,1.0,2,1099
HOLDOUT_MINOR_F,109,F_RECORD_BALANCED_CE_P025,record_balanced,8203,2531,"[[33, 2, 213, 2243], [0, 0, 0, 0], [0, 0, 37, 1], [0, 0, 0, 2]]",0.028447254049782694,0.07121819344102859,0.0008896797153024911,0.0,0.0,0.026148969889064975,1.0,0.013247691690084303,2491,33,0.0,0.0,0.0,0,2,0.2569444444444444,0.148,0.9736842105263158,38,250,0.0017793594306049821,0.0008904719501335708,1.0,2,2246
HOLDOUT_MINOR_F,109,F_RECORD_BALANCED_CE_P025,record_balanced,8204,2531,"[[161, 0, 1426, 904], [0, 0, 0, 0], [4, 0, 34, 0], [1, 0, 0, 1]]",0.07743974713551956,0.04219706034902323,0.0011025358324145535,0.0,0.0,0.12118931125329319,0.9698795180722891,0.06463267763950221,2491,166,0.0,0.0,0.0,0,0,0.04539385847797063,0.023287671232876714,0.8947368421052632,38,1460,0.002205071664829107,0.0011049723756906078,0.5,2,905
HOLDOUT_MINOR_F,109,F_RECORD_BALANCED_FOCAL_A025_G3,record_balanced,8200,2531,"[[170, 0, 1471, 850], [0, 0, 0, 0], [3, 0, 35, 0], [2, 0, 0, 0]]",0.08099565389174239,0.04321716763387738,0.0,0.0,0.0,0.1275318829707427,0.9714285714285714,0.06824568446407066,2491,175,0.0,0.0,0.0,0,0,0.04533678756476684,0.023240371845949535,0.9210526315789473,38,1506,0.0,0.0,0.0,2,850
HOLDOUT_MINOR_F,109,F_RECORD_BALANCED_FOCAL_A025_G3,record_balanced,8201,2531,"[[103, 0, 103, 2285], [0, 0, 0, 0], [4, 0, 33, 1], [0, 0, 0, 2]]",0.05452390359541683,0.11508720815323754,0.0008733624454148472,0.0,0.0,0.07929176289453425,0.9626168224299065,0.04134885588117222,2491,107,0.0,0.0,0.0,0,0,0.3793103448275862,0.2426470588235294,0.868421052631579,38,136,0.0017467248908296944,0.0008741258741258741,1.0,2,2288
HOLDOUT_MINOR_F,109,F_RECORD_BALANCED_FOCAL_A025_G3,record_balanced,8202,2531,"[[1849, 0, 14, 628], [0, 0, 0, 0], [6, 0, 32, 0], [0, 0, 0, 2]]",0.7439747135519558,0.40478281318177745,0.0031645569620253164,0.0,0.0,0.8508973768982973,0.9967654986522911,0.7422721798474509,2491,1855,0.0,0.0,0.0,0,0,0.7619047619047619,0.6956521739130435,0.8421052631578947,38,46,0.006329113924050633,0.0031746031746031746,1.0,2,630
HOLDOUT_MINOR_F,109,F_RECORD_BALANCED_FOCAL_A025_G3,record_balanced,8203,2531,"[[299, 1, 1300, 891], [0, 0, 0, 0], [3, 0, 35, 0], [2, 0, 0, 0]]",0.13196365073093638,0.06623418418333643,0.0,0.0,0.0,0.21395348837209302,0.9835526315789473,0.12003211561621839,2491,304,0.0,0.0,0.0,0,1,0.05098324836125273,0.026217228464419477,0.9210526315789473,38,1335,0.0,0.0,0.0,2,891
HOLDOUT_MINOR_F,109,F_RECORD_BALANCED_FOCAL_A025_G3,record_balanced,8204,2531,"[[470, 0, 327, 1694], [0, 0, 0, 0], [3, 0, 35, 0], [0, 0, 0, 2]]",0.20031608060055314,0.12362367848814752,0.001177856301531213,0.0,0.0,0.31713900134952766,0.9936575052854123,0.18867924528301888,2491,473,0.0,0.0,0.0,0,0,0.175,0.09668508287292818,0.9210526315789473,38,362,0.002355712603062426,0.0011792452830188679,1.0,2,1696
HOLDOUT_MINOR_F,109,WGAN_F_RECORD_BALANCED_X10,wgan_f_record_balanced,8200,2531,"[[1102, 0, 1360, 29], [0, 0, 0, 0], [5, 0, 33, 0], [0, 0, 0, 2]]",0.44922955353615174,0.19497406231126224,0.06060606060606061,0.0,0.0,0.6125625347415231,0.995483288166215,0.4423926134082698,2491,1107,0.0,0.0,0.0,0,0,0.04612159329140461,0.023689877961234746,0.868421052631579,38,1393,0.12121212121212122,0.06451612903225806,1.0,2,31
HOLDOUT_MINOR_F,109,WGAN_F_RECORD_BALANCED_X10,wgan_f_record_balanced,8201,2531,"[[329, 0, 1210, 952], [0, 0, 0, 0], [4, 0, 34, 0], [0, 0, 0, 2]]",0.1442117740023706,0.07255726374111682,0.0020920502092050207,0.0,0.0,0.2330028328611898,0.987987987987988,0.1320754716981132,2491,333,0.0,0.0,0.0,0,0,0.0530421216848674,0.027331189710610933,0.8947368421052632,38,1244,0.0041841004184100415,0.0020964360587002098,1.0,2,954
HOLDOUT_MINOR_F,109,WGAN_F_RECORD_BALANCED_X10,wgan_f_record_balanced,8202,2531,"[[424, 0, 103, 1964], [0, 0, 0, 0], [2, 0, 34, 2], [0, 0, 0, 2]]",0.1817463453180561,0.17032787965224985,0.0010152284263959391,0.0,0.0,0.2907096331847789,0.9953051643192489,0.1702127659574468,2491,426,0.0,0.0,0.0,0,0,0.38857142857142857,0.24817518248175183,0.8947368421052632,38,137,0.0020304568527918783,0.0010162601626016261,1.0,2,1968
HOLDOUT_MINOR_F,109,WGAN_F_RECORD_BALANCED_X10,wgan_f_record_balanced,8203,2531,"[[632, 2, 1388, 469], [0, 0, 0, 0], [2, 0, 36, 0], [0, 0, 0, 2]]",0.26471750296325564,0.11554606640965054,0.004228329809725159,0.0,0.0,0.40448,0.9968454258675079,0.2537133681252509,2491,634,0.0,0.0,0.0,0,2,0.049247606019151846,0.025280898876404494,0.9473684210526315,38,1424,0.008456659619450317,0.004246284501061571,1.0,2,471
HOLDOUT_MINOR_F,109,WGAN_F_RECORD_BALANCED_X10,wgan_f_record_balanced,8204,2531,"[[474, 0, 2017, 0], [0, 0, 0, 0], [5, 0, 33, 0], [0, 0, 0, 2]]",0.20110628210193598,0.3377002786485545,0.5,0.0,0.0,0.3191919191919192,0.9895615866388309,0.1902850260939382,2491,479,0.0,0.0,0.0,0,0,0.031609195402298854,0.016097560975609757,0.868421052631579,38,2050,1.0,1.0,1.0,2,2
HOLDOUT_MINOR_F,109,WGAN_F_RECORD_BALANCED_X20,wgan_f_record_balanced,8200,2531,"[[191, 0, 978, 1322], [0, 0, 0, 0], [3, 0, 35, 0], [0, 0, 0, 2]]",0.0900829711576452,0.05297292677138108,0.0015082956259426848,0.0,0.0,0.14227188081936684,0.9845360824742269,0.07667603372139703,2491,194,0.0,0.0,0.0,0,0,0.06660323501427212,0.034550839091806514,0.9210526315789473,38,1013,0.0030165912518853697,0.0015105740181268882,1.0,2,1324
HOLDOUT_MINOR_F,109,WGAN_F_RECORD_BALANCED_X20,wgan_f_record_balanced,8201,2531,"[[1515, 0, 930, 46], [0, 0, 0, 0], [2, 0, 36, 0], [0, 0, 0, 2]]",0.6135914658237851,0.2269252928406136,0.04,0.0,0.0,0.7559880239520959,0.998681608437706,0.6081894821356885,2491,1517,0.0,0.0,0.0,0,0,0.07171314741035857,0.037267080745341616,0.9473684210526315,38,966,0.08,0.041666666666666664,1.0,2,48
HOLDOUT_MINOR_F,109,WGAN_F_RECORD_BALANCED_X20,wgan_f_record_balanced,8202,2531,"[[300, 0, 2184, 7], [0, 0, 0, 0], [3, 1, 34, 0], [0, 0, 0, 2]]",0.13275385223231925,0.15213102291130437,0.18181818181818182,0.0,0.0,0.2147458840372226,0.9900990099009901,0.12043356081894821,2491,303,0.0,0.0,0.0,0,1,0.030141843971631204,0.015329125338142471,0.8947368421052632,38,2218,0.36363636363636365,0.2222222222222222,1.0,2,9
HOLDOUT_MINOR_F,109,WGAN_F_RECORD_BALANCED_X20,wgan_f_record_balanced,8203,2531,"[[234, 1, 247, 2009], [0, 0, 0, 0], [4, 0, 33, 1], [0, 0, 0, 2]]",0.10628210193599368,0.09525616397929773,0.0009930486593843098,0.0,0.0,0.1714913887871015,0.9831932773109243,0.09393817743877961,2491,238,0.0,0.0,0.0,0,1,0.20754716981132076,0.11785714285714285,0.868421052631579,38,280,0.0019860973187686196,0.0009940357852882703,1.0,2,2012
HOLDOUT_MINOR_F,109,WGAN_F_RECORD_BALANCED_X20,wgan_f_record_balanced,8204,2531,"[[689, 0, 1636, 166], [0, 0, 0, 0], [6, 0, 32, 0], [0, 0, 0, 2]]",0.28565784274990125,0.12339033223805637,0.011764705882352941,0.0,0.0,0.4325172630257376,0.9913669064748202,0.2765957446808511,2491,695,0.0,0.0,0.0,0,0,0.03751465416178194,0.019184652278177457,0.8421052631578947,38,1668,0.023529411764705882,0.011904761904761904,1.0,2,168
HOLDOUT_MINOR_F,109,WGAN_F_RECORD_BALANCED_X5,wgan_f_record_balanced,8200,2531,"[[498, 0, 1986, 7], [0, 0, 0, 0], [5, 0, 33, 0], [1, 0, 0, 1]]",0.2101935993678388,0.1411599546481212,0.1,0.0,0.0,0.3325542570951586,0.9880952380952381,0.19991971095945404,2491,504,0.0,0.0,0.0,0,0,0.03208556149732621,0.01634472511144131,0.868421052631579,38,2019,0.2,0.125,0.5,2,8
HOLDOUT_MINOR_F,109,WGAN_F_RECORD_BALANCED_X5,wgan_f_record_balanced,8201,2531,"[[411, 0, 2080, 0], [0, 0, 0, 0], [5, 0, 33, 0], [0, 0, 0, 2]]",0.17621493480837613,0.32836228523560934,0.5,0.0,0.0,0.28276573787409703,0.9879807692307693,0.16499397832195906,2491,416,0.0,0.0,0.0,0,0,0.030683403068340307,0.015617605300520587,0.868421052631579,38,2113,1.0,1.0,1.0,2,2
HOLDOUT_MINOR_F,109,WGAN_F_RECORD_BALANCED_X5,wgan_f_record_balanced,8202,2531,"[[2340, 0, 146, 5], [0, 0, 0, 0], [2, 0, 36, 0], [0, 0, 0, 2]]",0.9395495851442117,0.4350149540093674,0.2222222222222222,0.0,0.0,0.9683426443202979,0.9991460290350128,0.939381774387796,2491,2342,0.0,0.0,0.0,0,0,0.32727272727272727,0.1978021978021978,0.9473684210526315,38,182,0.4444444444444444,0.2857142857142857,1.0,2,7
HOLDOUT_MINOR_F,109,WGAN_F_RECORD_BALANCED_X5,wgan_f_record_balanced,8203,2531,"[[377, 0, 1129, 985], [0, 0, 0, 0], [4, 0, 33, 1], [0, 0, 0, 2]]",0.16278150928486765,0.08039380574547705,0.00202020202020202,0.0,0.0,0.26253481894150416,0.989501312335958,0.15134484142914492,2491,381,0.0,0.0,0.0,0,0,0.055,0.028399311531841654,0.868421052631579,38,1162,0.00404040404040404,0.0020242914979757085,1.0,2,988
HOLDOUT_MINOR_F,109,WGAN_F_RECORD_BALANCED_X5,wgan_f_record_balanced,8204,2531,"[[262, 0, 2228, 1], [0, 0, 0, 0], [1, 0, 37, 0], [0, 0, 0, 2]]",0.11892532595811932,0.2556001754523717,0.4,0.0,0.0,0.19026870007262164,0.9961977186311787,0.10517864311521477,2491,263,0.0,0.0,0.0,0,0,0.03213200173686496,0.016335540838852098,0.9736842105263158,38,2265,0.8,0.6666666666666666,1.0,2,3
HOLDOUT_MINOR_F,114,BASELINE_CE,baseline,8200,1879,"[[1820, 0, 0, 0], [7, 5, 0, 0], [0, 0, 43, 0], [0, 0, 4, 0]]",0.9941458222458754,0.6354678659691644,0.29411764705882354,0.0,0.0,0.9980806142034548,0.9961685823754789,1.0,1820,1827,0.5882352941176471,1.0,0.4166666666666667,12,5,0.9555555555555556,0.9148936170212766,1.0,43,47,0.0,0.0,0.0,4,0
HOLDOUT_MINOR_F,114,BASELINE_CE,baseline,8201,1879,"[[1820, 0, 0, 0], [7, 5, 0, 0], [0, 0, 43, 0], [0, 0, 4, 0]]",0.9941458222458754,0.6354678659691644,0.29411764705882354,0.0,0.0,0.9980806142034548,0.9961685823754789,1.0,1820,1827,0.5882352941176471,1.0,0.4166666666666667,12,5,0.9555555555555556,0.9148936170212766,1.0,43,47,0.0,0.0,0.0,4,0
HOLDOUT_MINOR_F,114,BASELINE_CE,baseline,8202,1879,"[[1820, 0, 0, 0], [8, 3, 1, 0], [0, 0, 43, 0], [0, 0, 4, 0]]",0.99308142629058,0.5857154906497012,0.2,0.0,0.0,0.9978070175438597,0.9956236323851203,1.0,1820,1828,0.4,1.0,0.25,12,3,0.945054945054945,0.8958333333333334,1.0,43,48,0.0,0.0,0.0,4,0
HOLDOUT_MINOR_F,114,BASELINE_CE,baseline,8203,1879,"[[1820, 0, 0, 0], [8, 4, 0, 0], [0, 0, 43, 0], [0, 0, 4, 0]]",0.9936136242682277,0.6133406432748538,0.25,0.0,0.0,0.9978070175438597,0.9956236323851203,1.0,1820,1828,0.5,1.0,0.3333333333333333,12,4,0.9555555555555556,0.9148936170212766,1.0,43,47,0.0,0.0,0.0,4,0
HOLDOUT_MINOR_F,114,BASELINE_CE,baseline,8204,1879,"[[1820, 0, 0, 0], [7, 5, 0, 0], [0, 0, 43, 0], [0, 0, 4, 0]]",0.9941458222458754,0.6354678659691644,0.29411764705882354,0.0,0.0,0.9980806142034548,0.9961685823754789,1.0,1820,1827,0.5882352941176471,1.0,0.4166666666666667,12,5,0.9555555555555556,0.9148936170212766,1.0,43,47,0.0,0.0,0.0,4,0
HOLDOUT_MINOR_F,114,FOCAL_A025_G3,focal,8200,1879,"[[1820, 0, 0, 0], [6, 6, 0, 0], [0, 0, 43, 0], [2, 0, 2, 0]]",0.9946780202235231,0.6604366028708134,0.3333333333333333,0.0,0.0,0.9978070175438597,0.9956236323851203,1.0,1820,1828,0.6666666666666666,1.0,0.5,12,6,0.9772727272727273,0.9555555555555556,1.0,43,45,0.0,0.0,0.0,4,0
HOLDOUT_MINOR_F,114,FOCAL_A025_G3,focal,8201,1879,"[[1820, 0, 0, 0], [8, 4, 0, 0], [0, 0, 43, 0], [0, 0, 4, 0]]",0.9936136242682277,0.6133406432748538,0.25,0.0,0.0,0.9978070175438597,0.9956236323851203,1.0,1820,1828,0.5,1.0,0.3333333333333333,12,4,0.9555555555555556,0.9148936170212766,1.0,43,47,0.0,0.0,0.0,4,0
HOLDOUT_MINOR_F,114,FOCAL_A025_G3,focal,8202,1879,"[[1820, 0, 0, 0], [6, 6, 0, 0], [0, 0, 43, 0], [0, 0, 4, 0]]",0.9946780202235231,0.6551441457914305,0.3333333333333333,0.0,0.0,0.9983543609434997,0.9967141292442497,1.0,1820,1826,0.6666666666666666,1.0,0.5,12,6,0.9555555555555556,0.9148936170212766,1.0,43,47,0.0,0.0,0.0,4,0
HOLDOUT_MINOR_F,114,FOCAL_A025_G3,focal,8203,1879,"[[1820, 0, 0, 0], [6, 6, 0, 0], [0, 0, 43, 0], [0, 0, 4, 0]]",0.9946780202235231,0.6551441457914305,0.3333333333333333,0.0,0.0,0.9983543609434997,0.9967141292442497,1.0,1820,1826,0.6666666666666666,1.0,0.5,12,6,0.9555555555555556,0.9148936170212766,1.0,43,47,0.0,0.0,0.0,4,0
HOLDOUT_MINOR_F,114,FOCAL_A025_G3,focal,8204,1879,"[[1820, 0, 0, 0], [7, 5, 0, 0], [0, 0, 43, 0], [1, 0, 3, 0]]",0.9941458222458754,0.6380836116232419,0.29411764705882354,0.0,0.0,0.9978070175438597,0.9956236323851203,1.0,1820,1828,0.5882352941176471,1.0,0.4166666666666667,12,5,0.9662921348314607,0.9347826086956522,1.0,43,46,0.0,0.0,0.0,4,0
HOLDOUT_MINOR_F,114,F_RECORD_BALANCED_CE_P025,record_balanced,8200,1879,"[[1820, 0, 0, 0], [7, 5, 0, 0], [0, 0, 43, 0], [0, 0, 4, 0]]",0.9941458222458754,0.6354678659691644,0.29411764705882354,0.0,0.0,0.9980806142034548,0.9961685823754789,1.0,1820,1827,0.5882352941176471,1.0,0.4166666666666667,12,5,0.9555555555555556,0.9148936170212766,1.0,43,47,0.0,0.0,0.0,4,0
HOLDOUT_MINOR_F,114,F_RECORD_BALANCED_CE_P025,record_balanced,8201,1879,"[[1802, 1, 0, 17], [3, 9, 0, 0], [0, 0, 43, 0], [0, 0, 4, 0]]",0.9866950505588079,0.6919860675722745,0.4090909090909091,0.0,0.0,0.9942068965517241,0.9983379501385041,0.9901098901098901,1820,1805,0.8181818181818182,0.9,0.75,12,10,0.9555555555555556,0.9148936170212766,1.0,43,47,0.0,0.0,0.0,4,17
HOLDOUT_MINOR_F,114,F_RECORD_BALANCED_CE_P025,record_balanced,8202,1879,"[[1820, 0, 0, 0], [4, 8, 0, 0], [0, 0, 43, 0], [2, 0, 2, 0]]",0.9957424161788185,0.6939067720540568,0.4,0.0,0.0,0.9983543609434997,0.9967141292442497,1.0,1820,1826,0.8,1.0,0.6666666666666666,12,8,0.9772727272727273,0.9555555555555556,1.0,43,45,0.0,0.0,0.0,4,0
HOLDOUT_MINOR_F,114,F_RECORD_BALANCED_CE_P025,record_balanced,8203,1879,"[[1802, 0, 0, 18], [6, 5, 1, 0], [0, 0, 43, 0], [0, 0, 4, 0]]",0.9845662586482171,0.6316687560445262,0.29411764705882354,0.0,0.0,0.9933847850055126,0.9966814159292036,0.9901098901098901,1820,1808,0.5882352941176471,1.0,0.4166666666666667,12,5,0.945054945054945,0.8958333333333334,1.0,43,48,0.0,0.0,0.0,4,18
HOLDOUT_MINOR_F,114,F_RECORD_BALANCED_CE_P025,record_balanced,8204,1879,"[[1819, 1, 0, 0], [6, 5, 1, 0], [0, 0, 43, 0], [1, 0, 3, 0]]",0.9936136242682277,0.627229231425611,0.2777777777777778,0.0,0.0,0.997805814591333,0.9961664841182913,0.9994505494505495,1820,1826,0.5555555555555556,0.8333333333333334,0.4166666666666667,12,6,0.9555555555555556,0.9148936170212766,1.0,43,47,0.0,0.0,0.0,4,0
HOLDOUT_MINOR_F,114,F_RECORD_BALANCED_FOCAL_A025_G3,record_balanced,8200,1879,"[[1820, 0, 0, 0], [6, 6, 0, 0], [0, 0, 43, 0], [0, 0, 4, 0]]",0.9946780202235231,0.6551441457914305,0.3333333333333333,0.0,0.0,0.9983543609434997,0.9967141292442497,1.0,1820,1826,0.6666666666666666,1.0,0.5,12,6,0.9555555555555556,0.9148936170212766,1.0,43,47,0.0,0.0,0.0,4,0
HOLDOUT_MINOR_F,114,F_RECORD_BALANCED_FOCAL_A025_G3,record_balanced,8201,1879,"[[1819, 0, 0, 1], [8, 4, 0, 0], [0, 0, 43, 0], [0, 0, 4, 0]]",0.99308142629058,0.6132719434542852,0.25,0.0,0.0,0.9975322182615849,0.9956212370005474,0.9994505494505495,1820,1827,0.5,1.0,0.3333333333333333,12,4,0.9555555555555556,0.9148936170212766,1.0,43,47,0.0,0.0,0.0,4,1
HOLDOUT_MINOR_F,114,F_RECORD_BALANCED_FOCAL_A025_G3,record_balanced,8202,1879,"[[1820, 0, 0, 0], [7, 5, 0, 0], [3, 0, 40, 0], [4, 0, 0, 0]]",0.9925492283129325,0.6370648245449683,0.29411764705882354,0.0,0.0,0.9961685823754789,0.9923664122137404,1.0,1820,1834,0.5882352941176471,1.0,0.4166666666666667,12,5,0.963855421686747,1.0,0.9302325581395349,43,40,0.0,0.0,0.0,4,0
HOLDOUT_MINOR_F,114,F_RECORD_BALANCED_FOCAL_A025_G3,record_balanced,8203,1879,"[[1820, 0, 0, 0], [8, 4, 0, 0], [6, 0, 37, 0], [3, 0, 1, 0]]",0.9904204364023417,0.6022329069567243,0.25,0.0,0.0,0.9953513809133169,0.9907457811649428,1.0,1820,1837,0.5,1.0,0.3333333333333333,12,4,0.9135802469135802,0.9736842105263158,0.8604651162790697,43,38,0.0,0.0,0.0,4,0
HOLDOUT_MINOR_F,114,F_RECORD_BALANCED_FOCAL_A025_G3,record_balanced,8204,1879,"[[1820, 0, 0, 0], [6, 5, 1, 0], [2, 0, 41, 0], [2, 0, 2, 0]]",0.99308142629058,0.6320060759306084,0.29411764705882354,0.0,0.0,0.9972602739726028,0.994535519125683,1.0,1820,1830,0.5882352941176471,1.0,0.4166666666666667,12,5,0.9425287356321839,0.9318181818181818,0.9534883720930233,43,44,0.0,0.0,0.0,4,0
HOLDOUT_MINOR_F,114,WGAN_F_RECORD_BALANCED_X10,wgan_f_record_balanced,8200,1879,"[[1820, 0, 0, 0], [8, 4, 0, 0], [0, 0, 43, 0], [0, 0, 4, 0]]",0.9936136242682277,0.6133406432748538,0.25,0.0,0.0,0.9978070175438597,0.9956236323851203,1.0,1820,1828,0.5,1.0,0.3333333333333333,12,4,0.9555555555555556,0.9148936170212766,1.0,43,47,0.0,0.0,0.0,4,0
HOLDOUT_MINOR_F,114,WGAN_F_RECORD_BALANCED_X10,wgan_f_record_balanced,8201,1879,"[[1820, 0, 0, 0], [8, 4, 0, 0], [0, 0, 43, 0], [1, 0, 3, 0]]",0.9936136242682277,0.6159564264181968,0.25,0.0,0.0,0.9975335708413264,0.9950792782941498,1.0,1820,1829,0.5,1.0,0.3333333333333333,12,4,0.9662921348314607,0.9347826086956522,1.0,43,46,0.0,0.0,0.0,4,0
HOLDOUT_MINOR_F,114,WGAN_F_RECORD_BALANCED_X10,wgan_f_record_balanced,8202,1879,"[[1820, 0, 0, 0], [8, 4, 0, 0], [1, 0, 42, 0], [0, 0, 4, 0]]",0.99308142629058,0.6103384488901069,0.25,0.0,0.0,0.9975335708413264,0.9950792782941498,1.0,1820,1829,0.5,1.0,0.3333333333333333,12,4,0.9438202247191011,0.9130434782608695,0.9767441860465116,43,46,0.0,0.0,0.0,4,0
HOLDOUT_MINOR_F,114,WGAN_F_RECORD_BALANCED_X10,wgan_f_record_balanced,8203,1879,"[[1820, 0, 0, 0], [6, 6, 0, 0], [0, 0, 43, 0], [0, 0, 4, 0]]",0.9946780202235231,0.6551441457914305,0.3333333333333333,0.0,0.0,0.9983543609434997,0.9967141292442497,1.0,1820,1826,0.6666666666666666,1.0,0.5,12,6,0.9555555555555556,0.9148936170212766,1.0,43,47,0.0,0.0,0.0,4,0
HOLDOUT_MINOR_F,114,WGAN_F_RECORD_BALANCED_X10,wgan_f_record_balanced,8204,1879,"[[1820, 0, 0, 0], [7, 5, 0, 0], [0, 0, 43, 0], [0, 0, 4, 0]]",0.9941458222458754,0.6354678659691644,0.29411764705882354,0.0,0.0,0.9980806142034548,0.9961685823754789,1.0,1820,1827,0.5882352941176471,1.0,0.4166666666666667,12,5,0.9555555555555556,0.9148936170212766,1.0,43,47,0.0,0.0,0.0,4,0
HOLDOUT_MINOR_F,114,WGAN_F_RECORD_BALANCED_X20,wgan_f_record_balanced,8200,1879,"[[1820, 0, 0, 0], [8, 4, 0, 0], [0, 0, 43, 0], [0, 0, 4, 0]]",0.9936136242682277,0.6133406432748538,0.25,0.0,0.0,0.9978070175438597,0.9956236323851203,1.0,1820,1828,0.5,1.0,0.3333333333333333,12,4,0.9555555555555556,0.9148936170212766,1.0,43,47,0.0,0.0,0.0,4,0
HOLDOUT_MINOR_F,114,WGAN_F_RECORD_BALANCED_X20,wgan_f_record_balanced,8201,1879,"[[1819, 1, 0, 0], [6, 6, 0, 0], [0, 0, 43, 0], [0, 0, 4, 0]]",0.9941458222458754,0.6463035159916252,0.3157894736842105,0.0,0.0,0.998079561042524,0.9967123287671232,0.9994505494505495,1820,1825,0.631578947368421,0.8571428571428571,0.5,12,7,0.9555555555555556,0.9148936170212766,1.0,43,47,0.0,0.0,0.0,4,0
HOLDOUT_MINOR_F,114,WGAN_F_RECORD_BALANCED_X20,wgan_f_record_balanced,8202,1879,"[[1820, 0, 0, 0], [6, 5, 1, 0], [0, 0, 43, 0], [0, 0, 4, 0]]",0.9941458222458754,0.632911150029023,0.29411764705882354,0.0,0.0,0.9983543609434997,0.9967141292442497,1.0,1820,1826,0.5882352941176471,1.0,0.4166666666666667,12,5,0.945054945054945,0.8958333333333334,1.0,43,48,0.0,0.0,0.0,4,0
HOLDOUT_MINOR_F,114,WGAN_F_RECORD_BALANCED_X20,wgan_f_record_balanced,8203,1879,"[[1820, 0, 0, 0], [8, 4, 0, 0], [0, 0, 43, 0], [1, 0, 3, 0]]",0.9936136242682277,0.6159564264181968,0.25,0.0,0.0,0.9975335708413264,0.9950792782941498,1.0,1820,1829,0.5,1.0,0.3333333333333333,12,4,0.9662921348314607,0.9347826086956522,1.0,43,46,0.0,0.0,0.0,4,0
HOLDOUT_MINOR_F,114,WGAN_F_RECORD_BALANCED_X20,wgan_f_record_balanced,8204,1879,"[[1820, 0, 0, 0], [7, 5, 0, 0], [0, 0, 43, 0], [1, 0, 3, 0]]",0.9941458222458754,0.6380836116232419,0.29411764705882354,0.0,0.0,0.9978070175438597,0.9956236323851203,1.0,1820,1828,0.5882352941176471,1.0,0.4166666666666667,12,5,0.9662921348314607,0.9347826086956522,1.0,43,46,0.0,0.0,0.0,4,0
HOLDOUT_MINOR_F,114,WGAN_F_RECORD_BALANCED_X5,wgan_f_record_balanced,8200,1879,"[[1820, 0, 0, 0], [8, 4, 0, 0], [0, 0, 43, 0], [0, 0, 4, 0]]",0.9936136242682277,0.6133406432748538,0.25,0.0,0.0,0.9978070175438597,0.9956236323851203,1.0,1820,1828,0.5,1.0,0.3333333333333333,12,4,0.9555555555555556,0.9148936170212766,1.0,43,47,0.0,0.0,0.0,4,0
HOLDOUT_MINOR_F,114,WGAN_F_RECORD_BALANCED_X5,wgan_f_record_balanced,8201,1879,"[[1820, 0, 0, 0], [7, 4, 1, 0], [0, 0, 43, 0], [2, 0, 2, 0]]",0.9936136242682277,0.6159564264181968,0.25,0.0,0.0,0.9975335708413264,0.9950792782941498,1.0,1820,1829,0.5,1.0,0.3333333333333333,12,4,0.9662921348314607,0.9347826086956522,1.0,43,46,0.0,0.0,0.0,4,0
HOLDOUT_MINOR_F,114,WGAN_F_RECORD_BALANCED_X5,wgan_f_record_balanced,8202,1879,"[[1820, 0, 0, 0], [7, 5, 0, 0], [0, 0, 43, 0], [0, 0, 4, 0]]",0.9941458222458754,0.6354678659691644,0.29411764705882354,0.0,0.0,0.9980806142034548,0.9961685823754789,1.0,1820,1827,0.5882352941176471,1.0,0.4166666666666667,12,5,0.9555555555555556,0.9148936170212766,1.0,43,47,0.0,0.0,0.0,4,0
HOLDOUT_MINOR_F,114,WGAN_F_RECORD_BALANCED_X5,wgan_f_record_balanced,8203,1879,"[[1819, 0, 0, 1], [8, 4, 0, 0], [0, 0, 43, 0], [0, 0, 4, 0]]",0.99308142629058,0.6132719434542852,0.25,0.0,0.0,0.9975322182615849,0.9956212370005474,0.9994505494505495,1820,1827,0.5,1.0,0.3333333333333333,12,4,0.9555555555555556,0.9148936170212766,1.0,43,47,0.0,0.0,0.0,4,1
HOLDOUT_MINOR_F,114,WGAN_F_RECORD_BALANCED_X5,wgan_f_record_balanced,8204,1879,"[[1820, 0, 0, 0], [8, 4, 0, 0], [0, 0, 43, 0], [0, 0, 4, 0]]",0.9936136242682277,0.6133406432748538,0.25,0.0,0.0,0.9978070175438597,0.9956236323851203,1.0,1820,1828,0.5,1.0,0.3333333333333333,12,4,0.9555555555555556,0.9148936170212766,1.0,43,47,0.0,0.0,0.0,4,0
HOLDOUT_MINOR_F,124,BASELINE_CE,baseline,8200,1619,"[[1536, 0, 0, 0], [30, 0, 1, 0], [13, 4, 30, 0], [5, 0, 0, 0]]",0.9672637430512662,0.43846153846153846,0.0,0.0,0.0,0.9846153846153847,0.9696969696969697,1.0,1536,1584,0.0,0.0,0.0,31,4,0.7692307692307693,0.967741935483871,0.6382978723404256,47,31,0.0,0.0,0.0,5,0
HOLDOUT_MINOR_F,124,BASELINE_CE,baseline,8201,1619,"[[1520, 0, 16, 0], [30, 0, 1, 0], [12, 0, 35, 0], [5, 0, 0, 0]]",0.9604694255713403,0.4216919436062201,0.0,0.0,0.0,0.9796970673541734,0.9700063816209317,0.9895833333333334,1536,1567,0.0,0.0,0.0,31,0,0.7070707070707071,0.6730769230769231,0.7446808510638298,47,52,0.0,0.0,0.0,5,0
HOLDOUT_MINOR_F,124,BASELINE_CE,baseline,8202,1619,"[[1534, 0, 2, 0], [30, 0, 1, 0], [11, 0, 36, 0], [5, 0, 0, 0]]",0.9697344039530574,0.455451234438905,0.0,0.0,0.0,0.9845956354300385,0.970886075949367,0.9986979166666666,1536,1580,0.0,0.0,0.0,31,0,0.8372093023255814,0.9230769230769231,0.7659574468085106,47,39,0.0,0.0,0.0,5,0
HOLDOUT_MINOR_F,124,BASELINE_CE,baseline,8203,1619,"[[1536, 0, 0, 0], [30, 0, 1, 0], [22, 3, 22, 0], [5, 0, 0, 0]]",0.9623224212476837,0.4025886864813039,0.0,0.0,0.0,0.9817833173537871,0.9642184557438794,1.0,1536,1593,0.0,0.0,0.0,31,3,0.6285714285714286,0.9565217391304348,0.46808510638297873,47,23,0.0,0.0,0.0,5,0
HOLDOUT_MINOR_F,124,BASELINE_CE,baseline,8204,1619,"[[1536, 0, 0, 0], [30, 0, 1, 0], [21, 0, 26, 0], [5, 0, 0, 0]]",0.964793082149475,0.4211999723508675,0.0,0.0,0.0,0.9820971867007673,0.964824120603015,1.0,1536,1592,0.0,0.0,0.0,31,0,0.7027027027027027,0.9629629629629629,0.5531914893617021,47,27,0.0,0.0,0.0,5,0
HOLDOUT_MINOR_F,124,FOCAL_A025_G3,focal,8200,1619,"[[1536, 0, 0, 0], [30, 0, 1, 0], [30, 2, 15, 0], [5, 0, 0, 0]]",0.9579987646695491,0.36386751066381284,0.0,0.0,0.0,0.9792795664647752,0.9594003747657714,1.0,1536,1601,0.0,0.0,0.0,31,2,0.47619047619047616,0.9375,0.3191489361702128,47,16,0.0,0.0,0.0,5,0
HOLDOUT_MINOR_F,124,FOCAL_A025_G3,focal,8201,1619,"[[1536, 0, 0, 0], [30, 0, 1, 0], [12, 0, 35, 0], [5, 0, 0, 0]]",0.9703520691785052,0.45707614040644784,0.0,0.0,0.0,0.9849310676498878,0.9703095388502843,1.0,1536,1583,0.0,0.0,0.0,31,0,0.8433734939759037,0.9722222222222222,0.7446808510638298,47,36,0.0,0.0,0.0,5,0
HOLDOUT_MINOR_F,124,FOCAL_A025_G3,focal,8202,1619,"[[1205, 0, 331, 0], [28, 0, 3, 0], [13, 0, 34, 0], [5, 0, 0, 0]]",0.7652872143298333,0.25714613026919303,0.0,0.0,0.0,0.8647290993900251,0.9632294164668266,0.7845052083333334,1536,1251,0.0,0.0,0.0,31,0,0.163855421686747,0.09239130434782608,0.723404255319149,47,368,0.0,0.0,0.0,5,0
HOLDOUT_MINOR_F,124,FOCAL_A025_G3,focal,8203,1619,"[[1536, 0, 0, 0], [30, 0, 1, 0], [13, 0, 34, 0], [5, 0, 0, 0]]",0.9697344039530574,0.45347091932457784,0.0,0.0,0.0,0.9846153846153847,0.9696969696969697,1.0,1536,1584,0.0,0.0,0.0,31,0,0.8292682926829268,0.9714285714285714,0.723404255319149,47,35,0.0,0.0,0.0,5,0
HOLDOUT_MINOR_F,124,FOCAL_A025_G3,focal,8204,1619,"[[1427, 0, 109, 0], [30, 0, 1, 0], [9, 0, 38, 0], [5, 0, 0, 0]]",0.9048795552810377,0.3347155781808259,0.0,0.0,0.0,0.949118722979714,0.9700883752549286,0.9290364583333334,1536,1471,0.0,0.0,0.0,31,0,0.38974358974358975,0.25675675675675674,0.8085106382978723,47,148,0.0,0.0,0.0,5,0
HOLDOUT_MINOR_F,124,F_RECORD_BALANCED_CE_P025,record_balanced,8200,1619,"[[1536, 0, 0, 0], [30, 0, 1, 0], [9, 5, 33, 0], [5, 0, 0, 0]]",0.9691167387276096,0.45017353682308753,0.0,0.0,0.0,0.9858793324775353,0.9721518987341772,1.0,1536,1580,0.0,0.0,0.0,31,5,0.8148148148148148,0.9705882352941176,0.7021276595744681,47,34,0.0,0.0,0.0,5,0
HOLDOUT_MINOR_F,124,F_RECORD_BALANCED_CE_P025,record_balanced,8201,1619,"[[1533, 0, 1, 2], [30, 0, 1, 0], [9, 3, 35, 0], [5, 0, 0, 0]]",0.9684990735021618,0.4545588392761538,0.0,0.0,0.0,0.9849020237712818,0.9720989220038047,0.998046875,1536,1577,0.0,0.0,0.0,31,3,0.8333333333333334,0.9459459459459459,0.7446808510638298,47,37,0.0,0.0,0.0,5,2
HOLDOUT_MINOR_F,124,F_RECORD_BALANCED_CE_P025,record_balanced,8202,1619,"[[1536, 0, 0, 0], [30, 0, 1, 0], [14, 6, 27, 0], [5, 0, 0, 0]]",0.9654107473749228,0.4260749759692406,0.0,0.0,0.0,0.9842999038769625,0.9690851735015773,1.0,1536,1585,0.0,0.0,0.0,31,6,0.72,0.9642857142857143,0.574468085106383,47,28,0.0,0.0,0.0,5,0
HOLDOUT_MINOR_F,124,F_RECORD_BALANCED_CE_P025,record_balanced,8203,1619,"[[1533, 0, 0, 3], [30, 0, 1, 0], [12, 6, 29, 0], [5, 0, 0, 0]]",0.964793082149475,0.4343001350382608,0.0,0.0,0.0,0.9839537869062901,0.970253164556962,0.998046875,1536,1580,0.0,0.0,0.0,31,6,0.7532467532467533,0.9666666666666667,0.6170212765957447,47,30,0.0,0.0,0.0,5,3
HOLDOUT_MINOR_F,124,F_RECORD_BALANCED_CE_P025,record_balanced,8204,1619,"[[1532, 0, 4, 0], [30, 0, 1, 0], [15, 3, 29, 0], [5, 0, 0, 0]]",0.9641754169240272,0.42468264715431703,0.0,0.0,0.0,0.9826812059012188,0.9683944374209861,0.9973958333333334,1536,1582,0.0,0.0,0.0,31,3,0.7160493827160493,0.8529411764705882,0.6170212765957447,47,34,0.0,0.0,0.0,5,0
HOLDOUT_MINOR_F,124,F_RECORD_BALANCED_FOCAL_A025_G3,record_balanced,8200,1619,"[[776, 0, 760, 0], [28, 0, 3, 0], [10, 6, 31, 0], [5, 0, 0, 0]]",0.49845583693638046,0.18318627859362652,0.0,0.0,0.0,0.6590233545647558,0.9474969474969475,0.5052083333333334,1536,819,0.0,0.0,0.0,31,6,0.07372175980975029,0.03904282115869018,0.6595744680851063,47,794,0.0,0.0,0.0,5,0
HOLDOUT_MINOR_F,124,F_RECORD_BALANCED_FOCAL_A025_G3,record_balanced,8201,1619,"[[1529, 0, 6, 1], [30, 0, 1, 0], [10, 5, 31, 1], [5, 0, 0, 0]]",0.9635577516985794,0.42817287686778893,0.0,0.0,0.0,0.9832797427652733,0.9714104193138501,0.9954427083333334,1536,1574,0.0,0.0,0.0,31,5,0.7294117647058823,0.8157894736842105,0.6595744680851063,47,38,0.0,0.0,0.0,5,2
HOLDOUT_MINOR_F,124,F_RECORD_BALANCED_FOCAL_A025_G3,record_balanced,8202,1619,"[[1536, 0, 0, 0], [30, 0, 1, 0], [31, 0, 16, 0], [5, 0, 0, 0]]",0.958616429894997,0.3697418738049713,0.0,0.0,0.0,0.9789674952198852,0.9588014981273408,1.0,1536,1602,0.0,0.0,0.0,31,0,0.5,0.9411764705882353,0.3404255319148936,47,17,0.0,0.0,0.0,5,0
HOLDOUT_MINOR_F,124,F_RECORD_BALANCED_FOCAL_A025_G3,record_balanced,8203,1619,"[[1536, 0, 0, 0], [30, 0, 1, 0], [19, 1, 27, 0], [5, 0, 0, 0]]",0.9654107473749228,0.4256813819577735,0.0,0.0,0.0,0.982725527831094,0.9660377358490566,1.0,1536,1590,0.0,0.0,0.0,31,1,0.72,0.9642857142857143,0.574468085106383,47,28,0.0,0.0,0.0,5,0
HOLDOUT_MINOR_F,124,F_RECORD_BALANCED_FOCAL_A025_G3,record_balanced,8204,1619,"[[1536, 0, 0, 0], [30, 0, 1, 0], [13, 0, 34, 0], [5, 0, 0, 0]]",0.9697344039530574,0.45347091932457784,0.0,0.0,0.0,0.9846153846153847,0.9696969696969697,1.0,1536,1584,0.0,0.0,0.0,31,0,0.8292682926829268,0.9714285714285714,0.723404255319149,47,35,0.0,0.0,0.0,5,0
HOLDOUT_MINOR_F,124,WGAN_F_RECORD_BALANCED_X10,wgan_f_record_balanced,8200,1619,"[[1536, 0, 0, 0], [30, 0, 1, 0], [12, 3, 32, 0], [5, 0, 0, 0]]",0.9684990735021618,0.44623276691247193,0.0,0.0,0.0,0.9849310676498878,0.9703095388502843,1.0,1536,1583,0.0,0.0,0.0,31,3,0.8,0.9696969696969697,0.6808510638297872,47,33,0.0,0.0,0.0,5,0
HOLDOUT_MINOR_F,124,WGAN_F_RECORD_BALANCED_X10,wgan_f_record_balanced,8201,1619,"[[1536, 0, 0, 0], [30, 0, 1, 0], [10, 5, 32, 0], [5, 0, 0, 0]]",0.9684990735021618,0.44639076034648706,0.0,0.0,0.0,0.9855630413859481,0.9715370018975332,1.0,1536,1581,0.0,0.0,0.0,31,5,0.8,0.9696969696969697,0.6808510638297872,47,33,0.0,0.0,0.0,5,0
HOLDOUT_MINOR_F,124,WGAN_F_RECORD_BALANCED_X10,wgan_f_record_balanced,8202,1619,"[[1536, 0, 0, 0], [30, 0, 1, 0], [11, 0, 36, 0], [5, 0, 0, 0]]",0.9709697344039531,0.46059745257949236,0.0,0.0,0.0,0.9852469531751122,0.9709228824273072,1.0,1536,1582,0.0,0.0,0.0,31,0,0.8571428571428571,0.972972972972973,0.7659574468085106,47,37,0.0,0.0,0.0,5,0
HOLDOUT_MINOR_F,124,WGAN_F_RECORD_BALANCED_X10,wgan_f_record_balanced,8203,1619,"[[1536, 0, 0, 0], [30, 0, 1, 0], [12, 0, 35, 0], [5, 0, 0, 0]]",0.9703520691785052,0.45707614040644784,0.0,0.0,0.0,0.9849310676498878,0.9703095388502843,1.0,1536,1583,0.0,0.0,0.0,31,0,0.8433734939759037,0.9722222222222222,0.7446808510638298,47,36,0.0,0.0,0.0,5,0
HOLDOUT_MINOR_F,124,WGAN_F_RECORD_BALANCED_X10,wgan_f_record_balanced,8204,1619,"[[1536, 0, 0, 0], [30, 0, 1, 0], [9, 2, 36, 0], [5, 0, 0, 0]]",0.9709697344039531,0.4607555474050981,0.0,0.0,0.0,0.9858793324775353,0.9721518987341772,1.0,1536,1580,0.0,0.0,0.0,31,2,0.8571428571428571,0.972972972972973,0.7659574468085106,47,37,0.0,0.0,0.0,5,0
HOLDOUT_MINOR_F,124,WGAN_F_RECORD_BALANCED_X20,wgan_f_record_balanced,8200,1619,"[[1515, 0, 21, 0], [30, 0, 1, 0], [9, 0, 38, 0], [5, 0, 0, 0]]",0.9592340951204448,0.4223196895807226,0.0,0.0,0.0,0.9789983844911146,0.9717767799871713,0.986328125,1536,1559,0.0,0.0,0.0,31,0,0.7102803738317757,0.6333333333333333,0.8085106382978723,47,60,0.0,0.0,0.0,5,0
HOLDOUT_MINOR_F,124,WGAN_F_RECORD_BALANCED_X20,wgan_f_record_balanced,8201,1619,"[[1536, 0, 0, 0], [30, 0, 1, 0], [11, 0, 36, 0], [5, 0, 0, 0]]",0.9709697344039531,0.46059745257949236,0.0,0.0,0.0,0.9852469531751122,0.9709228824273072,1.0,1536,1582,0.0,0.0,0.0,31,0,0.8571428571428571,0.972972972972973,0.7659574468085106,47,37,0.0,0.0,0.0,5,0
HOLDOUT_MINOR_F,124,WGAN_F_RECORD_BALANCED_X20,wgan_f_record_balanced,8202,1619,"[[1361, 0, 175, 0], [26, 0, 5, 0], [8, 0, 39, 0], [5, 0, 0, 0]]",0.8647313156269302,0.3050861998320051,0.0,0.0,0.0,0.9271117166212534,0.9721428571428572,0.8860677083333334,1536,1400,0.0,0.0,0.0,31,0,0.2932330827067669,0.1780821917808219,0.8297872340425532,47,219,0.0,0.0,0.0,5,0
HOLDOUT_MINOR_F,124,WGAN_F_RECORD_BALANCED_X20,wgan_f_record_balanced,8203,1619,"[[1532, 0, 4, 0], [30, 0, 1, 0], [26, 1, 20, 0], [5, 0, 0, 0]]",0.958616429894997,0.3836955363801001,0.0,0.0,0.0,0.979226589964845,0.9617074701820465,0.9973958333333334,1536,1593,0.0,0.0,0.0,31,1,0.5555555555555556,0.8,0.425531914893617,47,25,0.0,0.0,0.0,5,0
HOLDOUT_MINOR_F,124,WGAN_F_RECORD_BALANCED_X20,wgan_f_record_balanced,8204,1619,"[[1536, 0, 0, 0], [30, 0, 1, 0], [11, 1, 35, 0], [5, 0, 0, 0]]",0.9703520691785052,0.457155111787754,0.0,0.0,0.0,0.9852469531751122,0.9709228824273072,1.0,1536,1582,0.0,0.0,0.0,31,1,0.8433734939759037,0.9722222222222222,0.7446808510638298,47,36,0.0,0.0,0.0,5,0
HOLDOUT_MINOR_F,124,WGAN_F_RECORD_BALANCED_X5,wgan_f_record_balanced,8200,1619,"[[1536, 0, 0, 0], [30, 0, 1, 0], [8, 0, 39, 0], [5, 0, 0, 0]]",0.9728227300802965,0.47068688769579897,0.0,0.0,0.0,0.9861958266452648,0.9727675744141862,1.0,1536,1579,0.0,0.0,0.0,31,0,0.896551724137931,0.975,0.8297872340425532,47,40,0.0,0.0,0.0,5,0
HOLDOUT_MINOR_F,124,WGAN_F_RECORD_BALANCED_X5,wgan_f_record_balanced,8201,1619,"[[1536, 0, 0, 0], [30, 0, 1, 0], [11, 6, 30, 0], [5, 0, 0, 0]]",0.9672637430512662,0.43861943060147035,0.0,0.0,0.0,0.9852469531751122,0.9709228824273072,1.0,1536,1582,0.0,0.0,0.0,31,6,0.7692307692307693,0.967741935483871,0.6382978723404256,47,31,0.0,0.0,0.0,5,0
HOLDOUT_MINOR_F,124,WGAN_F_RECORD_BALANCED_X5,wgan_f_record_balanced,8202,1619,"[[1536, 0, 0, 0], [30, 0, 1, 0], [13, 1, 33, 0], [5, 0, 0, 0]]",0.9691167387276096,0.4498575498575499,0.0,0.0,0.0,0.9846153846153847,0.9696969696969697,1.0,1536,1584,0.0,0.0,0.0,31,1,0.8148148148148148,0.9705882352941176,0.7021276595744681,47,34,0.0,0.0,0.0,5,0
HOLDOUT_MINOR_F,124,WGAN_F_RECORD_BALANCED_X5,wgan_f_record_balanced,8203,1619,"[[1536, 0, 0, 0], [30, 0, 1, 0], [11, 0, 36, 0], [5, 0, 0, 0]]",0.9709697344039531,0.46059745257949236,0.0,0.0,0.0,0.9852469531751122,0.9709228824273072,1.0,1536,1582,0.0,0.0,0.0,31,0,0.8571428571428571,0.972972972972973,0.7659574468085106,47,37,0.0,0.0,0.0,5,0
HOLDOUT_MINOR_F,124,WGAN_F_RECORD_BALANCED_X5,wgan_f_record_balanced,8204,1619,"[[1080, 0, 456, 0], [30, 0, 1, 0], [8, 0, 39, 0], [5, 0, 0, 0]]",0.6911673872760964,0.2389954683250256,0.0,0.0,0.0,0.8123354644603235,0.9617097061442564,0.703125,1536,1123,0.0,0.0,0.0,31,0,0.143646408839779,0.07862903225806452,0.8297872340425532,47,496,0.0,0.0,0.0,5,0
HOLDOUT_MINOR_F,201,BASELINE_CE,baseline,8200,1963,"[[1285, 88, 124, 138], [2, 6, 119, 1], [107, 0, 91, 0], [0, 0, 2, 0]]",0.7040244523688233,0.310835715993164,0.02702702702702703,0.0,0.0,0.8484648398811488,0.9218077474892395,0.7859327217125383,1635,1394,0.05405405405405406,0.06382978723404255,0.046875,128,94,0.3408239700374532,0.2708333333333333,0.4595959595959596,198,336,0.0,0.0,0.0,2,139
HOLDOUT_MINOR_F,201,BASELINE_CE,baseline,8201,1963,"[[1217, 87, 78, 253], [2, 8, 114, 4], [32, 0, 166, 0], [1, 0, 1, 0]]",0.7086092715231788,0.37772221518197924,0.03587443946188341,0.0,0.0,0.8430897125043297,0.9720447284345048,0.7443425076452599,1635,1252,0.07174887892376682,0.08421052631578947,0.0625,128,95,0.5960502692998204,0.4623955431754875,0.8383838383838383,198,359,0.0,0.0,0.0,2,257
HOLDOUT_MINOR_F,201,BASELINE_CE,baseline,8202,1963,"[[1377, 42, 164, 52], [3, 2, 123, 0], [1, 0, 197, 0], [0, 0, 2, 0]]",0.8028527763627101,0.3781022948102888,0.011627906976744186,0.0,0.0,0.9131299734748011,0.997103548153512,0.8422018348623853,1635,1381,0.023255813953488372,0.045454545454545456,0.015625,128,44,0.5760233918128655,0.4053497942386831,0.9949494949494949,198,486,0.0,0.0,0.0,2,52
HOLDOUT_MINOR_F,201,BASELINE_CE,baseline,8203,1963,"[[1301, 115, 45, 174], [2, 9, 113, 4], [114, 0, 84, 0], [2, 0, 0, 0]]",0.7101375445746306,0.3263110334328409,0.03571428571428571,0.0,0.0,0.8519973804846104,0.9168428470754052,0.7957186544342507,1635,1419,0.07142857142857142,0.07258064516129033,0.0703125,128,124,0.38181818181818183,0.34710743801652894,0.42424242424242425,198,242,0.0,0.0,0.0,2,178
HOLDOUT_MINOR_F,201,BASELINE_CE,baseline,8204,1963,"[[1305, 91, 69, 170], [2, 7, 116, 3], [115, 0, 83, 0], [1, 0, 1, 0]]",0.7106469689251146,0.31772657676512106,0.030973451327433628,0.0,0.0,0.8534990189666448,0.9170765987350668,0.7981651376146789,1635,1423,0.061946902654867256,0.07142857142857142,0.0546875,128,98,0.3554603854389722,0.30855018587360594,0.41919191919191917,198,269,0.0,0.0,0.0,2,173
HOLDOUT_MINOR_F,201,FOCAL_A025_G3,focal,8200,1963,"[[1256, 114, 69, 196], [6, 9, 107, 6], [150, 0, 48, 0], [1, 0, 1, 0]]",0.6688741721854304,0.2807026209118961,0.035856573705179286,0.0,0.0,0.8241469816272966,0.8888888888888888,0.7681957186544343,1635,1413,0.07171314741035857,0.07317073170731707,0.0703125,128,123,0.22695035460992907,0.21333333333333335,0.24242424242424243,198,225,0.0,0.0,0.0,2,202
HOLDOUT_MINOR_F,201,FOCAL_A025_G3,focal,8201,1963,"[[1332, 134, 28, 141], [2, 8, 117, 1], [18, 0, 180, 0], [0, 0, 2, 0]]",0.7743250127356087,0.40920957305289407,0.02962962962962963,0.0,0.0,0.8918647472380314,0.985207100591716,0.8146788990825689,1635,1352,0.05925925925925926,0.056338028169014086,0.0625,128,142,0.6857142857142857,0.5504587155963303,0.9090909090909091,198,327,0.0,0.0,0.0,2,142
HOLDOUT_MINOR_F,201,FOCAL_A025_G3,focal,8202,1963,"[[1390, 71, 78, 96], [4, 2, 122, 0], [5, 0, 193, 0], [0, 0, 2, 0]]",0.8074375955170657,0.3967775301648035,0.009950248756218905,0.0,0.0,0.9162821357943309,0.993566833452466,0.8501529051987767,1635,1399,0.01990049751243781,0.0273972602739726,0.015625,128,73,0.6509274873524452,0.48860759493670886,0.9747474747474747,198,395,0.0,0.0,0.0,2,96
HOLDOUT_MINOR_F,201,FOCAL_A025_G3,focal,8203,1963,"[[1300, 175, 15, 145], [1, 23, 94, 10], [91, 0, 107, 0], [1, 0, 1, 0]]",0.7284768211920529,0.3788548802596663,0.0705521472392638,0.0,0.0,0.8586525759577279,0.9332376166547021,0.7951070336391437,1635,1393,0.1411042944785276,0.11616161616161616,0.1796875,128,198,0.5156626506024097,0.4930875576036866,0.5404040404040404,198,217,0.0,0.0,0.0,2,155
HOLDOUT_MINOR_F,201,FOCAL_A025_G3,focal,8204,1963,"[[1364, 175, 45, 51], [2, 20, 106, 0], [42, 0, 156, 0], [0, 0, 2, 0]]",0.7845134997452878,0.40892683945765224,0.06191950464396285,0.0,0.0,0.8964837331580677,0.96875,0.8342507645259939,1635,1408,0.1238390092879257,0.10256410256410256,0.15625,128,195,0.6153846153846154,0.5048543689320388,0.7878787878787878,198,309,0.0,0.0,0.0,2,51
HOLDOUT_MINOR_F,201,F_RECORD_BALANCED_CE_P025,record_balanced,8200,1963,"[[1274, 152, 67, 142], [2, 5, 121, 0], [76, 0, 122, 0], [1, 0, 1, 0]]",0.7137035150280183,0.3418008365450912,0.017543859649122806,0.0,0.0,0.8527443105756358,0.9416112342941612,0.7792048929663609,1635,1353,0.03508771929824561,0.03184713375796178,0.0390625,128,157,0.4793713163064833,0.39228295819935693,0.6161616161616161,198,311,0.0,0.0,0.0,2,142
HOLDOUT_MINOR_F,201,F_RECORD_BALANCED_CE_P025,record_balanced,8201,1963,"[[1074, 132, 80, 349], [4, 8, 114, 2], [24, 0, 174, 0], [1, 0, 1, 0]]",0.6398369842078452,0.3644930875669076,0.029850746268656716,0.0,0.0,0.7845142439737034,0.9737080689029919,0.6568807339449542,1635,1103,0.05970149253731343,0.05714285714285714,0.0625,128,140,0.6137566137566137,0.4715447154471545,0.8787878787878788,198,369,0.0,0.0,0.0,2,351
HOLDOUT_MINOR_F,201,F_RECORD_BALANCED_CE_P025,record_balanced,8202,1963,"[[1346, 145, 81, 63], [3, 5, 119, 1], [148, 0, 50, 0], [2, 0, 0, 0]]",0.7137035150280183,0.2795379215362326,0.017985611510791366,0.0,0.0,0.8589661774090619,0.8979319546364243,0.8232415902140673,1635,1499,0.03597122302158273,0.03333333333333333,0.0390625,128,150,0.22321428571428573,0.2,0.25252525252525254,198,250,0.0,0.0,0.0,2,64
HOLDOUT_MINOR_F,201,F_RECORD_BALANCED_CE_P025,record_balanced,8203,1963,"[[1305, 136, 87, 107], [1, 6, 119, 2], [43, 0, 155, 0], [0, 0, 2, 0]]",0.7468160978094753,0.36792349850818545,0.022222222222222223,0.0,0.0,0.8746648793565683,0.9673832468495182,0.7981651376146789,1635,1349,0.044444444444444446,0.04225352112676056,0.046875,128,142,0.5525846702317291,0.42699724517906334,0.7828282828282829,198,363,0.0,0.0,0.0,2,109
HOLDOUT_MINOR_F,201,F_RECORD_BALANCED_CE_P025,record_balanced,8204,1963,"[[1316, 105, 114, 100], [1, 2, 124, 1], [151, 0, 47, 0], [2, 0, 0, 0]]",0.695364238410596,0.2648258275455315,0.00851063829787234,0.0,0.0,0.8476650563607085,0.8952380952380953,0.8048929663608563,1635,1470,0.01702127659574468,0.018691588785046728,0.015625,128,107,0.19461697722567287,0.1649122807017544,0.23737373737373738,198,285,0.0,0.0,0.0,2,101
HOLDOUT_MINOR_F,201,F_RECORD_BALANCED_FOCAL_A025_G3,record_balanced,8200,1963,"[[1371, 234, 25, 5], [1, 15, 109, 3], [108, 0, 90, 0], [0, 0, 2, 0]]",0.7519103413143148,0.34609018013340603,0.03978779840848806,0.0,0.0,0.8802568218298555,0.9263513513513514,0.8385321100917431,1635,1480,0.07957559681697612,0.060240963855421686,0.1171875,128,249,0.42452830188679247,0.39823008849557523,0.45454545454545453,198,226,0.0,0.0,0.0,2,8
HOLDOUT_MINOR_F,201,F_RECORD_BALANCED_FOCAL_A025_G3,record_balanced,8201,1963,"[[1353, 138, 37, 107], [4, 13, 111, 0], [104, 0, 94, 0], [2, 0, 0, 0]]",0.7437595517065716,0.34848236104353475,0.04659498207885305,0.0,0.0,0.8734667527437057,0.924812030075188,0.8275229357798165,1635,1463,0.0931899641577061,0.08609271523178808,0.1015625,128,151,0.42727272727272725,0.3884297520661157,0.47474747474747475,198,242,0.0,0.0,0.0,2,107
HOLDOUT_MINOR_F,201,F_RECORD_BALANCED_FOCAL_A025_G3,record_balanced,8202,1963,"[[1468, 77, 80, 10], [6, 3, 117, 2], [93, 0, 105, 0], [1, 0, 1, 0]]",0.8028527763627101,0.34116211997101403,0.014423076923076924,0.0,0.0,0.9166406493911957,0.9362244897959183,0.8978593272171254,1635,1568,0.028846153846153848,0.0375,0.0234375,128,80,0.41916167664670656,0.3465346534653465,0.5303030303030303,198,303,0.0,0.0,0.0,2,12
HOLDOUT_MINOR_F,201,F_RECORD_BALANCED_FOCAL_A025_G3,record_balanced,8203,1963,"[[1385, 207, 43, 0], [2, 4, 122, 0], [181, 0, 17, 0], [1, 0, 1, 0]]",0.7162506367804381,0.24434549620096335,0.011799410029498525,0.0,0.0,0.8645443196004994,0.882727852135118,0.8470948012232415,1635,1569,0.02359882005899705,0.018957345971563982,0.03125,128,211,0.08923884514435695,0.09289617486338798,0.08585858585858586,198,183,0.0,0.0,0.0,2,0
HOLDOUT_MINOR_F,201,F_RECORD_BALANCED_FOCAL_A025_G3,record_balanced,8204,1963,"[[1380, 170, 62, 23], [3, 3, 122, 0], [135, 0, 63, 0], [1, 0, 1, 0]]",0.7366276107997962,0.2943810075014333,0.009966777408637873,0.0,0.0,0.8750792644261256,0.9084924292297564,0.8440366972477065,1635,1519,0.019933554817275746,0.017341040462427744,0.0234375,128,173,0.2825112107623318,0.2540322580645161,0.3181818181818182,198,248,0.0,0.0,0.0,2,23
HOLDOUT_MINOR_F,201,WGAN_F_RECORD_BALANCED_X10,wgan_f_record_balanced,8200,1963,"[[1395, 189, 18, 33], [5, 22, 101, 0], [138, 0, 60, 0], [2, 0, 0, 0]]",0.7524197656647987,0.3317090137681758,0.06489675516224189,0.0,0.0,0.878740157480315,0.9058441558441559,0.8532110091743119,1635,1540,0.12979351032448377,0.10426540284360189,0.171875,128,211,0.3183023872679045,0.33519553072625696,0.30303030303030304,198,179,0.0,0.0,0.0,2,33
HOLDOUT_MINOR_F,201,WGAN_F_RECORD_BALANCED_X10,wgan_f_record_balanced,8201,1963,"[[1401, 115, 61, 58], [1, 7, 117, 3], [127, 57, 14, 0], [2, 0, 0, 0]]",0.7244014263881814,0.25060647617383375,0.02280130293159609,0.0,0.0,0.885028427037271,0.9150881776616591,0.8568807339449541,1635,1531,0.04560260586319218,0.03910614525139665,0.0546875,128,179,0.07179487179487179,0.07291666666666667,0.0707070707070707,198,192,0.0,0.0,0.0,2,61
HOLDOUT_MINOR_F,201,WGAN_F_RECORD_BALANCED_X10,wgan_f_record_balanced,8202,1963,"[[1220, 51, 87, 277], [3, 6, 117, 2], [43, 0, 155, 0], [1, 0, 1, 0]]",0.7035150280183393,0.3653049672691299,0.032432432432432434,0.0,0.0,0.8407994486560992,0.9629044988161011,0.746177370030581,1635,1267,0.06486486486486487,0.10526315789473684,0.046875,128,57,0.5555555555555556,0.4305555555555556,0.7828282828282829,198,360,0.0,0.0,0.0,2,279
HOLDOUT_MINOR_F,201,WGAN_F_RECORD_BALANCED_X10,wgan_f_record_balanced,8203,1963,"[[1374, 93, 51, 117], [3, 10, 113, 2], [69, 0, 129, 0], [2, 0, 0, 0]]",0.7707590422822211,0.3758444848335339,0.04329004329004329,0.0,0.0,0.8913396042815439,0.9488950276243094,0.8403669724770643,1635,1448,0.08658008658008658,0.0970873786407767,0.078125,128,103,0.5254582484725051,0.4402730375426621,0.6515151515151515,198,293,0.0,0.0,0.0,2,119
HOLDOUT_MINOR_F,201,WGAN_F_RECORD_BALANCED_X10,wgan_f_record_balanced,8204,1963,"[[1398, 152, 48, 37], [3, 16, 108, 1], [18, 0, 180, 0], [2, 0, 0, 0]]",0.8120224146714213,0.4242967193618702,0.05405405405405406,0.0,0.0,0.9149214659685864,0.983814215341309,0.8550458715596331,1635,1421,0.10810810810810811,0.09523809523809523,0.125,128,168,0.6741573033707865,0.5357142857142857,0.9090909090909091,198,336,0.0,0.0,0.0,2,38
HOLDOUT_MINOR_F,201,WGAN_F_RECORD_BALANCED_X20,wgan_f_record_balanced,8200,1963,"[[1309, 73, 95, 158], [2, 8, 115, 3], [7, 0, 191, 0], [0, 0, 2, 0]]",0.7682119205298014,0.39967959743879933,0.03827751196172249,0.0,0.0,0.8865560447003048,0.9931714719271624,0.8006116207951071,1635,1318,0.07655502392344497,0.09876543209876543,0.0625,128,81,0.6356073211314476,0.4739454094292804,0.9646464646464646,198,403,0.0,0.0,0.0,2,161
HOLDOUT_MINOR_F,201,WGAN_F_RECORD_BALANCED_X20,wgan_f_record_balanced,8201,1963,"[[1252, 109, 129, 145], [0, 6, 120, 2], [1, 0, 197, 0], [0, 0, 2, 0]]",0.7412124299541518,0.3815814619681873,0.024691358024691357,0.0,0.0,0.8670360110803325,0.9992019154030327,0.7657492354740061,1635,1253,0.04938271604938271,0.05217391304347826,0.046875,128,115,0.6099071207430341,0.43973214285714285,0.9949494949494949,198,448,0.0,0.0,0.0,2,147
HOLDOUT_MINOR_F,201,WGAN_F_RECORD_BALANCED_X20,wgan_f_record_balanced,8202,1963,"[[1322, 82, 145, 86], [1, 1, 126, 0], [6, 0, 192, 0], [0, 0, 2, 0]]",0.7717778909831889,0.37017549503060043,0.004739336492890996,0.0,0.0,0.8920377867746289,0.9947328818660647,0.8085626911314985,1635,1329,0.009478672985781991,0.012048192771084338,0.0078125,128,83,0.579185520361991,0.4129032258064516,0.9696969696969697,198,465,0.0,0.0,0.0,2,86
HOLDOUT_MINOR_F,201,WGAN_F_RECORD_BALANCED_X20,wgan_f_record_balanced,8203,1963,"[[1397, 139, 38, 61], [7, 17, 103, 1], [131, 0, 67, 0], [1, 0, 1, 0]]",0.7544574630667346,0.33251667475387275,0.05985915492957746,0.0,0.0,0.881110059918007,0.9095052083333334,0.854434250764526,1635,1536,0.11971830985915492,0.10897435897435898,0.1328125,128,156,0.32923832923832924,0.32057416267942584,0.3383838383838384,198,209,0.0,0.0,0.0,2,62
HOLDOUT_MINOR_F,201,WGAN_F_RECORD_BALANCED_X20,wgan_f_record_balanced,8204,1963,"[[1400, 84, 84, 67], [5, 5, 117, 1], [4, 0, 194, 0], [0, 0, 2, 0]]",0.8145695364238411,0.40450652559781913,0.02304147465437788,0.0,0.0,0.9198423127463863,0.99361249112846,0.8562691131498471,1635,1409,0.04608294930875576,0.056179775280898875,0.0390625,128,89,0.6521008403361345,0.48866498740554154,0.9797979797979798,198,397,0.0,0.0,0.0,2,68
HOLDOUT_MINOR_F,201,WGAN_F_RECORD_BALANCED_X5,wgan_f_record_balanced,8200,1963,"[[1375, 118, 67, 75], [4, 12, 112, 0], [39, 0, 159, 0], [0, 0, 2, 0]]",0.7875700458481916,0.39621367002046864,0.046511627906976744,0.0,0.0,0.9007533573534229,0.9696755994358252,0.8409785932721713,1635,1418,0.09302325581395349,0.09230769230769231,0.09375,128,130,0.5910780669144982,0.4676470588235294,0.803030303030303,198,340,0.0,0.0,0.0,2,75
HOLDOUT_MINOR_F,201,WGAN_F_RECORD_BALANCED_X5,wgan_f_record_balanced,8201,1963,"[[1261, 73, 124, 177], [1, 3, 122, 2], [71, 0, 127, 0], [1, 0, 1, 0]]",0.7086092715231788,0.3307279915218813,0.014705882352941176,0.0,0.0,0.8494442573256988,0.9452773613193404,0.7712538226299694,1635,1334,0.029411764705882353,0.039473684210526314,0.0234375,128,76,0.44405594405594406,0.339572192513369,0.6414141414141414,198,374,0.0,0.0,0.0,2,179
HOLDOUT_MINOR_F,201,WGAN_F_RECORD_BALANCED_X5,wgan_f_record_balanced,8202,1963,"[[1259, 112, 110, 154], [2, 2, 124, 0], [30, 0, 168, 0], [2, 0, 0, 0]]",0.7279673968415691,0.3591254008038658,0.008264462809917356,0.0,0.0,0.8599726775956285,0.9737045630317092,0.7700305810397553,1635,1293,0.01652892561983471,0.017543859649122806,0.015625,128,114,0.56,0.417910447761194,0.8484848484848485,198,402,0.0,0.0,0.0,2,154
HOLDOUT_MINOR_F,201,WGAN_F_RECORD_BALANCED_X5,wgan_f_record_balanced,8203,1963,"[[1343, 57, 75, 160], [3, 5, 116, 4], [62, 0, 136, 0], [1, 0, 1, 0]]",0.7559857361181864,0.3630333587800512,0.02631578947368421,0.0,0.0,0.8823915900131406,0.9531582682753726,0.8214067278287461,1635,1409,0.05263157894736842,0.08064516129032258,0.0390625,128,62,0.5171102661596958,0.4146341463414634,0.6868686868686869,198,328,0.0,0.0,0.0,2,164
HOLDOUT_MINOR_F,201,WGAN_F_RECORD_BALANCED_X5,wgan_f_record_balanced,8204,1963,"[[1407, 99, 71, 58], [0, 5, 120, 3], [17, 0, 181, 0], [0, 0, 2, 0]]",0.8115129903209374,0.39896976199055423,0.021551724137931036,0.0,0.0,0.919908466819222,0.988061797752809,0.8605504587155963,1635,1424,0.04310344827586207,0.04807692307692308,0.0390625,128,104,0.6328671328671329,0.4839572192513369,0.9141414141414141,198,374,0.0,0.0,0.0,2,61
HOLDOUT_MINOR_F,203,BASELINE_CE,baseline,8200,2976,"[[951, 89, 1381, 108], [0, 1, 1, 0], [2, 39, 400, 3], [0, 1, 0, 0]]",0.4543010752688172,0.23019458703922197,0.007575757575757576,0.0,0.0,0.5462377943710511,0.9979013641133263,0.3760379596678529,2529,953,0.015151515151515152,0.007692307692307693,0.5,2,130,0.35938903863432164,0.2244668911335578,0.9009009009009009,444,1782,0.0,0.0,0.0,1,111
HOLDOUT_MINOR_F,203,BASELINE_CE,baseline,8201,2976,"[[694, 79, 1604, 152], [0, 1, 1, 0], [0, 45, 395, 4], [0, 0, 1, 0]]",0.36626344086021506,0.192377771379165,0.007874015748031496,0.0,0.0,0.4306546695625194,1.0,0.27441676551996835,2529,694,0.015748031496062992,0.008,0.5,2,125,0.3231083844580777,0.19740129935032483,0.8896396396396397,444,2001,0.0,0.0,0.0,1,156
HOLDOUT_MINOR_F,203,BASELINE_CE,baseline,8202,2976,"[[407, 34, 2074, 14], [0, 1, 1, 0], [1, 33, 409, 1], [0, 0, 1, 0]]",0.2745295698924731,0.14625029752657007,0.014285714285714285,0.0,0.0,0.27715355805243447,0.9975490196078431,0.1609331751680506,2529,408,0.02857142857142857,0.014705882352941176,0.5,2,68,0.2792762034824172,0.16458752515090544,0.9211711711711712,444,2485,0.0,0.0,0.0,1,15
HOLDOUT_MINOR_F,203,BASELINE_CE,baseline,8203,2976,"[[961, 79, 1428, 61], [0, 1, 1, 0], [5, 48, 386, 5], [0, 0, 1, 0]]",0.4529569892473118,0.22672650124509292,0.007692307692307693,0.0,0.0,0.549928469241774,0.994824016563147,0.37999209173586396,2529,966,0.015384615384615385,0.0078125,0.5,2,128,0.3415929203539823,0.21255506607929514,0.8693693693693694,444,1816,0.0,0.0,0.0,1,66
HOLDOUT_MINOR_F,203,BASELINE_CE,baseline,8204,2976,"[[553, 63, 1834, 79], [1, 0, 1, 0], [1, 38, 403, 2], [0, 0, 1, 0]]",0.32123655913978494,0.16475878773639863,0.0,0.0,0.0,0.35862516212710766,0.9963963963963964,0.21866350336101226,2529,555,0.0,0.0,0.0,2,101,0.3004099888184868,0.1799910674408218,0.9076576576576577,444,2239,0.0,0.0,0.0,1,81
HOLDOUT_MINOR_F,203,FOCAL_A025_G3,focal,8200,2976,"[[877, 122, 1199, 331], [0, 1, 0, 1], [2, 71, 353, 18], [0, 1, 0, 0]]",0.41364247311827956,0.21963276514899155,0.005076142131979695,0.0,0.0,0.5146713615023474,0.9977246871444824,0.34677738236457095,2529,879,0.01015228426395939,0.005128205128205128,0.5,2,195,0.35370741482965934,0.22744845360824742,0.795045045045045,444,1552,0.0,0.0,0.0,1,350
HOLDOUT_MINOR_F,203,FOCAL_A025_G3,focal,8201,2976,"[[841, 110, 1380, 198], [0, 1, 0, 1], [3, 54, 375, 12], [0, 0, 1, 0]]",0.40893817204301075,0.21288775372199836,0.005988023952095809,0.0,0.0,0.49866587607471097,0.9964454976303317,0.33254250691973114,2529,844,0.011976047904191617,0.006060606060606061,0.5,2,165,0.3409090909090909,0.21355353075170844,0.8445945945945946,444,1756,0.0,0.0,0.0,1,211
HOLDOUT_MINOR_F,203,FOCAL_A025_G3,focal,8202,2976,"[[625, 50, 1785, 69], [0, 1, 1, 0], [1, 28, 412, 3], [0, 0, 1, 0]]",0.3487903225806452,0.18316370075314703,0.012345679012345678,0.0,0.0,0.39619651347068147,0.9984025559105432,0.24713325425069196,2529,626,0.024691358024691357,0.012658227848101266,0.5,2,79,0.3117669315172153,0.18735788994997726,0.9279279279279279,444,2199,0.0,0.0,0.0,1,72
HOLDOUT_MINOR_F,203,FOCAL_A025_G3,focal,8203,2976,"[[1004, 142, 1158, 225], [0, 1, 0, 1], [0, 53, 383, 8], [0, 0, 1, 0]]",0.46639784946236557,0.24103910365810466,0.005050505050505051,0.0,0.0,0.568355505236343,1.0,0.3969948596283116,2529,1004,0.010101010101010102,0.00510204081632653,0.5,2,196,0.3856998992950655,0.248378728923476,0.8626126126126126,444,1542,0.0,0.0,0.0,1,234
HOLDOUT_MINOR_F,203,FOCAL_A025_G3,focal,8204,2976,"[[682, 99, 1588, 160], [0, 1, 1, 0], [0, 36, 404, 4], [0, 0, 1, 0]]",0.365255376344086,0.1926754336998016,0.007246376811594203,0.0,0.0,0.42478978511367177,1.0,0.2696718070383551,2529,682,0.014492753623188406,0.007352941176470588,0.5,2,136,0.3314191960623462,0.20260782347041123,0.9099099099099099,444,1994,0.0,0.0,0.0,1,164
HOLDOUT_MINOR_F,203,F_RECORD_BALANCED_CE_P025,record_balanced,8200,2976,"[[437, 129, 1768, 195], [0, 1, 1, 0], [2, 90, 343, 9], [0, 1, 0, 0]]",0.26243279569892475,0.14295777745318589,0.004484304932735426,0.0,0.0,0.2944743935309973,0.9954441913439636,0.17279557137208382,2529,439,0.008968609865470852,0.004524886877828055,0.5,2,221,0.2683881064162754,0.16240530303030304,0.7725225225225225,444,2112,0.0,0.0,0.0,1,204
HOLDOUT_MINOR_F,203,F_RECORD_BALANCED_CE_P025,record_balanced,8201,2976,"[[713, 125, 1427, 264], [0, 1, 0, 1], [0, 71, 369, 4], [0, 0, 1, 0]]",0.3639112903225806,0.1948048658943743,0.005025125628140704,0.0,0.0,0.43985194324491056,1.0,0.2819296164491894,2529,713,0.010050251256281407,0.005076142131979695,0.5,2,197,0.3293172690763052,0.20534223706176963,0.831081081081081,444,1797,0.0,0.0,0.0,1,269
HOLDOUT_MINOR_F,203,F_RECORD_BALANCED_CE_P025,record_balanced,8202,2976,"[[898, 143, 1374, 114], [0, 1, 1, 0], [1, 46, 394, 3], [0, 0, 1, 0]]",0.4344758064516129,0.22256355315279133,0.005208333333333333,0.0,0.0,0.5239206534422404,0.9988876529477196,0.35508105970739423,2529,899,0.010416666666666666,0.005263157894736842,0.5,2,190,0.35591689250225833,0.22259887005649717,0.8873873873873874,444,1770,0.0,0.0,0.0,1,117
HOLDOUT_MINOR_F,203,F_RECORD_BALANCED_CE_P025,record_balanced,8203,2976,"[[439, 53, 1767, 270], [1, 1, 0, 0], [2, 36, 394, 12], [0, 0, 1, 0]]",0.28024193548387094,0.1549104120819383,0.010869565217391304,0.0,0.0,0.29552339279703804,0.9932126696832579,0.17358639778568605,2529,442,0.021739130434782608,0.011111111111111112,0.5,2,90,0.30237912509593246,0.1822386679000925,0.8873873873873874,444,2162,0.0,0.0,0.0,1,282
HOLDOUT_MINOR_F,203,F_RECORD_BALANCED_CE_P025,record_balanced,8204,2976,"[[747, 106, 1494, 182], [0, 2, 0, 0], [0, 36, 402, 6], [0, 1, 0, 0]]",0.38676075268817206,0.20671114599686027,0.013605442176870748,0.0,0.0,0.45604395604395603,1.0,0.29537366548042704,2529,747,0.027210884353741496,0.013793103448275862,1.0,2,145,0.3435897435897436,0.2120253164556962,0.9054054054054054,444,1896,0.0,0.0,0.0,1,188
HOLDOUT_MINOR_F,203,F_RECORD_BALANCED_FOCAL_A025_G3,record_balanced,8200,2976,"[[690, 155, 1438, 246], [0, 2, 0, 0], [0, 30, 411, 3], [0, 1, 0, 0]]",0.3706317204301075,0.20205988394090274,0.010526315789473684,0.0,0.0,0.42870456663560114,1.0,0.27283511269276395,2529,690,0.021052631578947368,0.010638297872340425,1.0,2,188,0.3584823375490624,0.2222823147647377,0.9256756756756757,444,1849,0.0,0.0,0.0,1,249
HOLDOUT_MINOR_F,203,F_RECORD_BALANCED_FOCAL_A025_G3,record_balanced,8201,2976,"[[617, 122, 1445, 345], [0, 2, 0, 0], [0, 22, 422, 0], [0, 1, 0, 0]]",0.3497983870967742,0.19607490573991873,0.013422818791946308,0.0,0.0,0.3922441195168468,1.0,0.24396994859628313,2529,617,0.026845637583892617,0.013605442176870748,1.0,2,147,0.3652098658589355,0.22603106588109267,0.9504504504504504,444,1867,0.0,0.0,0.0,1,345
HOLDOUT_MINOR_F,203,F_RECORD_BALANCED_FOCAL_A025_G3,record_balanced,8202,2976,"[[1305, 35, 836, 353], [0, 1, 1, 0], [0, 8, 429, 7], [0, 0, 1, 0]]",0.582997311827957,0.30642264210458625,0.021739130434782608,0.0,0.0,0.6807511737089202,1.0,0.5160142348754448,2529,1305,0.043478260869565216,0.022727272727272728,0.5,2,44,0.5014611338398597,0.33859510655090763,0.9662162162162162,444,1267,0.0,0.0,0.0,1,360
HOLDOUT_MINOR_F,203,F_RECORD_BALANCED_FOCAL_A025_G3,record_balanced,8203,2976,"[[745, 318, 1436, 30], [0, 2, 0, 0], [0, 147, 297, 0], [0, 0, 1, 0]]",0.35080645161290325,0.18408921287776858,0.0042643923240938165,0.0,0.0,0.45510079413561394,1.0,0.2945828390668248,2529,745,0.008528784648187633,0.004282655246252677,1.0,2,467,0.2727272727272727,0.17128027681660898,0.668918918918919,444,1734,0.0,0.0,0.0,1,30
HOLDOUT_MINOR_F,203,F_RECORD_BALANCED_FOCAL_A025_G3,record_balanced,8204,2976,"[[451, 295, 1572, 211], [0, 2, 0, 0], [0, 183, 261, 0], [0, 1, 0, 0]]",0.2399193548387097,0.13505378727876538,0.004140786749482402,0.0,0.0,0.30268456375838926,1.0,0.17833135626729932,2529,451,0.008281573498964804,0.004158004158004158,1.0,2,481,0.22924901185770752,0.14238952536824878,0.5878378378378378,444,1833,0.0,0.0,0.0,1,211
HOLDOUT_MINOR_F,203,WGAN_F_RECORD_BALANCED_X10,wgan_f_record_balanced,8200,2976,"[[956, 241, 1297, 35], [0, 2, 0, 0], [2, 91, 350, 1], [0, 1, 0, 0]]",0.43951612903225806,0.22373995747127906,0.005934718100890208,0.0,0.0,0.5483223401204473,0.9979123173277662,0.37801502570185846,2529,958,0.011869436201780416,0.005970149253731343,1.0,2,335,0.3347680535628886,0.21250758955676988,0.7882882882882883,444,1647,0.0,0.0,0.0,1,36
HOLDOUT_MINOR_F,203,WGAN_F_RECORD_BALANCED_X10,wgan_f_record_balanced,8201,2976,"[[820, 153, 1516, 40], [0, 1, 1, 0], [1, 79, 363, 1], [0, 0, 1, 0]]",0.3978494623655914,0.20258023540499287,0.00425531914893617,0.0,0.0,0.48955223880597015,0.9987819732034104,0.32423882957690786,2529,821,0.00851063829787234,0.004291845493562232,0.5,2,233,0.31225806451612903,0.19298245614035087,0.8175675675675675,444,1881,0.0,0.0,0.0,1,41
HOLDOUT_MINOR_F,203,WGAN_F_RECORD_BALANCED_X10,wgan_f_record_balanced,8202,2976,"[[846, 223, 1355, 105], [1, 0, 1, 0], [5, 72, 367, 0], [0, 0, 1, 0]]",0.4075940860215054,0.20975113533300374,0.0,0.0,0.0,0.5004436557231589,0.9929577464788732,0.33451957295373663,2529,852,0.0,0.0,0.0,2,295,0.3385608856088561,0.212877030162413,0.8265765765765766,444,1724,0.0,0.0,0.0,1,105
HOLDOUT_MINOR_F,203,WGAN_F_RECORD_BALANCED_X10,wgan_f_record_balanced,8203,2976,"[[1015, 170, 1299, 45], [0, 2, 0, 0], [1, 69, 374, 0], [0, 1, 0, 0]]",0.4674059139784946,0.23559028611909333,0.00819672131147541,0.0,0.0,0.5726375176304654,0.9990157480314961,0.4013444049031238,2529,1016,0.01639344262295082,0.008264462809917356,1.0,2,242,0.35333018422295703,0.22355050806933652,0.8423423423423423,444,1673,0.0,0.0,0.0,1,45
HOLDOUT_MINOR_F,203,WGAN_F_RECORD_BALANCED_X10,wgan_f_record_balanced,8204,2976,"[[791, 200, 1529, 9], [0, 1, 1, 0], [1, 91, 351, 1], [0, 1, 0, 0]]",0.3840725806451613,0.19626942157277716,0.003389830508474576,0.0,0.0,0.4763625414031918,0.9987373737373737,0.31277184657967577,2529,792,0.006779661016949152,0.0034129692832764505,0.5,2,293,0.30193548387096775,0.18660287081339713,0.7905405405405406,444,1881,0.0,0.0,0.0,1,10
HOLDOUT_MINOR_F,203,WGAN_F_RECORD_BALANCED_X20,wgan_f_record_balanced,8200,2976,"[[999, 85, 1419, 26], [1, 0, 1, 0], [7, 73, 363, 1], [0, 0, 1, 0]]",0.4576612903225806,0.22272450790839743,0.0,0.0,0.0,0.5650452488687783,0.9920556107249255,0.39501779359430605,2529,1007,0.0,0.0,0.0,2,158,0.3258527827648115,0.20347533632286996,0.8175675675675675,444,1784,0.0,0.0,0.0,1,27
HOLDOUT_MINOR_F,203,WGAN_F_RECORD_BALANCED_X20,wgan_f_record_balanced,8201,2976,"[[823, 124, 1515, 67], [1, 0, 1, 0], [0, 43, 401, 0], [0, 0, 1, 0]]",0.4112903225806452,0.2076116071823153,0.0,0.0,0.0,0.4909036683566955,0.9987864077669902,0.3254250691973112,2529,824,0.0,0.0,0.0,2,167,0.33954276037256564,0.20907194994786235,0.9031531531531531,444,1918,0.0,0.0,0.0,1,67
HOLDOUT_MINOR_F,203,WGAN_F_RECORD_BALANCED_X20,wgan_f_record_balanced,8202,2976,"[[672, 38, 1802, 17], [0, 1, 1, 0], [1, 19, 424, 0], [0, 0, 1, 0]]",0.36861559139784944,0.19260906668860905,0.016666666666666666,0.0,0.0,0.419737663960025,0.9985141158989599,0.265717674970344,2529,673,0.03333333333333333,0.017241379310344827,0.5,2,58,0.31736526946107785,0.19030520646319568,0.954954954954955,444,2228,0.0,0.0,0.0,1,17
HOLDOUT_MINOR_F,203,WGAN_F_RECORD_BALANCED_X20,wgan_f_record_balanced,8203,2976,"[[805, 177, 1496, 51], [0, 1, 1, 0], [1, 81, 358, 4], [0, 0, 1, 0]]",0.3911290322580645,0.20043145094119608,0.0038314176245210726,0.0,0.0,0.4827586206896552,0.9987593052109182,0.3183076314748913,2529,806,0.007662835249042145,0.003861003861003861,0.5,2,259,0.31130434782608696,0.19288793103448276,0.8063063063063063,444,1856,0.0,0.0,0.0,1,55
HOLDOUT_MINOR_F,203,WGAN_F_RECORD_BALANCED_X20,wgan_f_record_balanced,8204,2976,"[[866, 366, 1278, 19], [0, 1, 1, 0], [1, 70, 373, 0], [0, 0, 1, 0]]",0.4166666666666667,0.2175784728658025,0.002277904328018223,0.0,0.0,0.5100117785630153,0.9988465974625144,0.3424278370897588,2529,867,0.004555808656036446,0.002288329519450801,0.5,2,437,0.3557463042441583,0.22565033272837265,0.8400900900900901,444,1653,0.0,0.0,0.0,1,19
HOLDOUT_MINOR_F,203,WGAN_F_RECORD_BALANCED_X5,wgan_f_record_balanced,8200,2976,"[[425, 27, 2060, 17], [1, 0, 1, 0], [0, 11, 432, 1], [0, 0, 1, 0]]",0.2879704301075269,0.14543141448940827,0.0,0.0,0.0,0.2876480541455161,0.9976525821596244,0.16805061289047055,2529,426,0.0,0.0,0.0,2,38,0.29407760381211706,0.17321571772253408,0.972972972972973,444,2494,0.0,0.0,0.0,1,18
HOLDOUT_MINOR_F,203,WGAN_F_RECORD_BALANCED_X5,wgan_f_record_balanced,8201,2976,"[[470, 46, 1962, 51], [1, 0, 1, 0], [0, 14, 429, 1], [0, 1, 0, 0]]",0.3020833333333333,0.1539680300893277,0.0,0.0,0.0,0.31333333333333335,0.9978768577494692,0.18584420719652037,2529,471,0.0,0.0,0.0,2,61,0.3025387870239774,0.1793478260869565,0.9662162162162162,444,2392,0.0,0.0,0.0,1,52
HOLDOUT_MINOR_F,203,WGAN_F_RECORD_BALANCED_X5,wgan_f_record_balanced,8202,2976,"[[1106, 48, 1322, 53], [1, 0, 1, 0], [1, 40, 402, 1], [0, 0, 1, 0]]",0.5067204301075269,0.24467511964208108,0.0,0.0,0.0,0.608193566125928,0.9981949458483754,0.4373270067220245,2529,1108,0.0,0.0,0.0,2,88,0.3705069124423963,0.23290845886442643,0.9054054054054054,444,1726,0.0,0.0,0.0,1,54
HOLDOUT_MINOR_F,203,WGAN_F_RECORD_BALANCED_X5,wgan_f_record_balanced,8203,2976,"[[493, 53, 1932, 51], [1, 0, 1, 0], [3, 32, 406, 3], [1, 0, 0, 0]]",0.3020833333333333,0.15437663021072418,0.0,0.0,0.0,0.32573505120581436,0.9899598393574297,0.19493871095294582,2529,498,0.0,0.0,0.0,2,85,0.2917714696370823,0.1735784523300556,0.9144144144144144,444,2339,0.0,0.0,0.0,1,54
HOLDOUT_MINOR_F,203,WGAN_F_RECORD_BALANCED_X5,wgan_f_record_balanced,8204,2976,"[[600, 68, 1838, 23], [1, 0, 1, 0], [2, 21, 421, 0], [0, 0, 1, 0]]",0.3430779569892473,0.17360429458714882,0.0,0.0,0.0,0.3831417624521073,0.9950248756218906,0.2372479240806643,2529,603,0.0,0.0,0.0,2,89,0.311275415896488,0.18620079610791684,0.9481981981981982,444,2261,0.0,0.0,0.0,1,23
HOLDOUT_MINOR_F,215,BASELINE_CE,baseline,8200,3363,"[[1872, 541, 30, 752], [0, 0, 3, 0], [1, 28, 120, 15], [1, 0, 0, 0]]",0.592328278322926,0.37392625303928806,0.0,0.0,0.0,0.7386072203590451,0.9989327641408752,0.5859154929577465,3195,1874,0.0,0.0,0.0,3,569,0.7570977917981072,0.7843137254901961,0.7317073170731707,164,153,0.0,0.0,0.0,1,767
HOLDOUT_MINOR_F,215,BASELINE_CE,baseline,8201,3363,"[[3055, 74, 6, 60], [0, 2, 1, 0], [3, 27, 118, 16], [0, 0, 0, 1]]",0.944394885518882,0.46427921209209977,0.031688437348814706,0.02564102564102564,0.030534351145038167,0.9771309771309772,0.9990189666448659,0.9561815336463224,3195,3058,0.03773584905660377,0.019417475728155338,0.6666666666666666,3,103,0.8166089965397924,0.944,0.7195121951219512,164,125,0.02564102564102564,0.012987012987012988,1.0,1,77
HOLDOUT_MINOR_F,215,BASELINE_CE,baseline,8202,3363,"[[3151, 16, 21, 7], [0, 0, 3, 0], [0, 4, 157, 3], [0, 0, 0, 1]]",0.983942908117752,0.5174695231961706,0.08333333333333333,0.0,0.0,0.9930664985817838,1.0,0.9862284820031298,3195,3151,0.0,0.0,0.0,3,20,0.9101449275362319,0.8674033149171271,0.9573170731707317,164,181,0.16666666666666666,0.09090909090909091,1.0,1,11
HOLDOUT_MINOR_F,215,BASELINE_CE,baseline,8203,3363,"[[2355, 738, 6, 96], [0, 3, 0, 0], [0, 14, 136, 14], [1, 0, 0, 0]]",0.7415997621171573,0.43632505567494106,0.00395778364116095,0.0,0.0,0.8484957665285534,0.9995755517826825,0.7370892018779343,3195,2356,0.0079155672823219,0.003973509933774834,1.0,3,755,0.8888888888888888,0.9577464788732394,0.8292682926829268,164,142,0.0,0.0,0.0,1,110
HOLDOUT_MINOR_F,215,BASELINE_CE,baseline,8204,3363,"[[2389, 681, 30, 95], [0, 2, 1, 0], [1, 9, 138, 16], [0, 0, 0, 1]]",0.752304490038656,0.4269472896787475,0.011727255363850513,0.0057553956834532375,0.008686210640608035,0.8555058191584601,0.999581589958159,0.7477308294209702,3195,2390,0.0057553956834532375,0.002890173410404624,0.6666666666666666,3,692,0.8288288288288288,0.8165680473372781,0.8414634146341463,164,169,0.017699115044247787,0.008928571428571428,1.0,1,112
HOLDOUT_MINOR_F,215,FOCAL_A025_G3,focal,8200,3363,"[[2106, 1071, 1, 17], [0, 3, 0, 0], [1, 17, 109, 37], [1, 0, 0, 0]]",0.6595301813856675,0.39884307361614824,0.002742230347349177,0.0,0.0,0.7942673958136903,0.9990512333965844,0.6591549295774648,3195,2108,0.005484460694698354,0.002749770852428964,1.0,3,1091,0.7956204379562044,0.990909090909091,0.6646341463414634,164,110,0.0,0.0,0.0,1,54
HOLDOUT_MINOR_F,215,FOCAL_A025_G3,focal,8201,3363,"[[2881, 303, 4, 7], [0, 3, 0, 0], [3, 31, 104, 26], [0, 0, 0, 1]]",0.8887897710377639,0.4468372659147554,0.037394957983193276,0.01764705882352941,0.02696629213483146,0.947853265339694,0.9989597780859917,0.9017214397496087,3195,2884,0.01764705882352941,0.008902077151335312,1.0,3,337,0.7647058823529411,0.9629629629629629,0.6341463414634146,164,108,0.05714285714285714,0.029411764705882353,1.0,1,34
HOLDOUT_MINOR_F,215,FOCAL_A025_G3,focal,8202,3363,"[[2688, 469, 9, 29], [0, 3, 0, 0], [0, 17, 125, 22], [1, 0, 0, 0]]",0.8373476063038954,0.44119636761978376,0.006097560975609756,0.0,0.0,0.9136641740312712,0.9996281145407214,0.8413145539906103,3195,2689,0.012195121951219513,0.006134969325153374,1.0,3,489,0.8389261744966443,0.9328358208955224,0.7621951219512195,164,134,0.0,0.0,0.0,1,51
HOLDOUT_MINOR_F,215,FOCAL_A025_G3,focal,8203,3363,"[[1121, 2053, 1, 20], [0, 3, 0, 0], [0, 29, 109, 26], [1, 0, 0, 0]]",0.3666369313113292,0.32945903422925227,0.0014367816091954023,0.0,0.0,0.5193421357424137,0.9991087344028521,0.3508607198748044,3195,1122,0.0028735632183908046,0.0014388489208633094,1.0,3,2085,0.7956204379562044,0.990909090909091,0.6646341463414634,164,110,0.0,0.0,0.0,1,46
HOLDOUT_MINOR_F,215,FOCAL_A025_G3,focal,8204,3363,"[[1580, 1540, 5, 70], [0, 3, 0, 0], [0, 15, 119, 30], [0, 0, 0, 1]]",0.5063931013975617,0.3779051316701325,0.011725766539799776,0.003843689942344651,0.006427423674343867,0.6617801047120419,1.0,0.4945226917057903,3195,1580,0.003843689942344651,0.0019255455712451862,1.0,3,1558,0.8263888888888888,0.9596774193548387,0.725609756097561,164,124,0.0196078431372549,0.009900990099009901,1.0,1,101
HOLDOUT_MINOR_F,215,F_RECORD_BALANCED_CE_P025,record_balanced,8200,3363,"[[2736, 400, 1, 58], [0, 3, 0, 0], [1, 23, 123, 17], [1, 0, 0, 0]]",0.8510258697591436,0.4476129215536977,0.006993006993006993,0.0,0.0,0.9222990055621102,0.9992695398100804,0.856338028169014,3195,2738,0.013986013986013986,0.007042253521126761,1.0,3,426,0.8541666666666666,0.9919354838709677,0.75,164,124,0.0,0.0,0.0,1,75
HOLDOUT_MINOR_F,215,F_RECORD_BALANCED_CE_P025,record_balanced,8201,3363,"[[2548, 605, 1, 41], [0, 3, 0, 0], [2, 7, 148, 7], [0, 0, 0, 1]]",0.8028545941123997,0.47060696018431314,0.024854368932038837,0.009708737864077669,0.015624999999999998,0.8870322019147084,0.9992156862745099,0.7974960876369327,3195,2550,0.009708737864077669,0.004878048780487805,1.0,3,615,0.9456869009584664,0.9932885906040269,0.9024390243902439,164,149,0.04,0.02040816326530612,1.0,1,49
HOLDOUT_MINOR_F,215,F_RECORD_BALANCED_CE_P025,record_balanced,8202,3363,"[[2693, 470, 1, 31], [0, 3, 0, 0], [1, 44, 104, 15], [1, 0, 0, 0]]",0.832589949449896,0.42480097541768763,0.0057692307692307696,0.0,0.0,0.9144312393887946,0.9992578849721707,0.8428794992175274,3195,2695,0.011538461538461539,0.005802707930367505,1.0,3,517,0.7732342007434945,0.9904761904761905,0.6341463414634146,164,105,0.0,0.0,0.0,1,46
HOLDOUT_MINOR_F,215,F_RECORD_BALANCED_CE_P025,record_balanced,8203,3363,"[[2227, 937, 11, 20], [0, 3, 0, 0], [1, 10, 142, 11], [0, 0, 0, 1]]",0.7056199821587869,0.4460294090784761,0.0334509841330408,0.0062959076600209865,0.011406844106463879,0.8213166144200627,0.9995511669658886,0.6970266040688576,3195,2228,0.0062959076600209865,0.003157894736842105,1.0,3,950,0.8958990536277602,0.9281045751633987,0.8658536585365854,164,153,0.06060606060606061,0.03125,1.0,1,32
HOLDOUT_MINOR_F,215,F_RECORD_BALANCED_CE_P025,record_balanced,8204,3363,"[[3029, 150, 13, 3], [0, 3, 0, 0], [0, 19, 128, 17], [1, 0, 0, 0]]",0.9396372286648825,0.4617006668359621,0.017142857142857144,0.0,0.0,0.9731726907630522,0.9996699669966996,0.9480438184663537,3195,3030,0.03428571428571429,0.01744186046511628,1.0,3,172,0.839344262295082,0.9078014184397163,0.7804878048780488,164,141,0.0,0.0,0.0,1,20
HOLDOUT_MINOR_F,215,F_RECORD_BALANCED_FOCAL_A025_G3,record_balanced,8200,3363,"[[1612, 1573, 8, 2], [0, 3, 0, 0], [1, 25, 124, 14], [1, 0, 0, 0]]",0.5170978293190603,0.37799703369811943,0.0018703241895261845,0.0,0.0,0.6704096485755875,0.9987608426270136,0.5045383411580595,3195,1614,0.003740648379052369,0.0018738288569643974,1.0,3,1601,0.8378378378378378,0.9393939393939394,0.7560975609756098,164,132,0.0,0.0,0.0,1,16
HOLDOUT_MINOR_F,215,F_RECORD_BALANCED_FOCAL_A025_G3,record_balanced,8201,3363,"[[3026, 161, 4, 4], [0, 3, 0, 0], [0, 29, 129, 6], [0, 0, 0, 1]]",0.9393398751115076,0.5096999324443235,0.09863945578231292,0.030612244897959183,0.05172413793103448,0.9728339495257997,1.0,0.9471048513302034,3195,3026,0.030612244897959183,0.015544041450777202,1.0,3,193,0.8686868686868687,0.9699248120300752,0.7865853658536586,164,133,0.16666666666666666,0.09090909090909091,1.0,1,11
HOLDOUT_MINOR_F,215,F_RECORD_BALANCED_FOCAL_A025_G3,record_balanced,8202,3363,"[[943, 2239, 5, 8], [0, 3, 0, 0], [4, 12, 132, 16], [0, 0, 0, 1]]",0.3208444840915849,0.35299836791433337,0.03979073651204799,0.002658396101019052,0.005139186295503213,0.45533558667310475,0.9957761351636748,0.29514866979655713,3195,947,0.002658396101019052,0.0013309671694764862,1.0,3,2254,0.8770764119601329,0.9635036496350365,0.8048780487804879,164,137,0.07692307692307693,0.04,1.0,1,25
HOLDOUT_MINOR_F,215,F_RECORD_BALANCED_FOCAL_A025_G3,record_balanced,8203,3363,"[[616, 2578, 1, 0], [0, 3, 0, 0], [0, 27, 136, 1], [1, 0, 0, 0]]",0.22450193279809694,0.30728559543099154,0.0011489850631941786,0.0,0.0,0.323189926547744,0.9983792544570502,0.19280125195618153,3195,617,0.002297970126388357,0.0011503067484662577,1.0,3,2608,0.9036544850498339,0.9927007299270073,0.8292682926829268,164,137,0.0,0.0,0.0,1,1
HOLDOUT_MINOR_F,215,F_RECORD_BALANCED_FOCAL_A025_G3,record_balanced,8204,3363,"[[298, 2895, 1, 1], [0, 3, 0, 0], [0, 43, 121, 0], [0, 0, 0, 1]]",0.12578055307760927,0.4213713811302331,0.33435235507246375,0.0020380434782608695,0.004063664070436844,0.17062696822215861,1.0,0.09327073552425665,3195,298,0.0020380434782608695,0.0010200612036722204,1.0,3,2941,0.8461538461538461,0.9918032786885246,0.7378048780487805,164,122,0.6666666666666666,0.5,1.0,1,2
HOLDOUT_MINOR_F,215,WGAN_F_RECORD_BALANCED_X10,wgan_f_record_balanced,8200,3363,"[[2913, 269, 12, 1], [0, 3, 0, 0], [0, 53, 94, 17], [1, 0, 0, 0]]",0.8950341956586381,0.4170659712749253,0.009146341463414634,0.0,0.0,0.9536749058765756,0.9996568291008923,0.9117370892018779,3195,2914,0.018292682926829267,0.009230769230769232,1.0,3,325,0.6962962962962963,0.8867924528301887,0.573170731707317,164,106,0.0,0.0,0.0,1,18
HOLDOUT_MINOR_F,215,WGAN_F_RECORD_BALANCED_X10,wgan_f_record_balanced,8201,3363,"[[2965, 225, 5, 0], [0, 3, 0, 0], [2, 6, 137, 19], [1, 0, 0, 0]]",0.9232827832292596,0.4707337572784988,0.012658227848101266,0.0,0.0,0.9621937368164855,0.998989218328841,0.9280125195618153,3195,2968,0.02531645569620253,0.01282051282051282,1.0,3,234,0.8954248366013072,0.9647887323943662,0.8353658536585366,164,142,0.0,0.0,0.0,1,19
HOLDOUT_MINOR_F,215,WGAN_F_RECORD_BALANCED_X10,wgan_f_record_balanced,8202,3363,"[[3175, 17, 1, 2], [2, 0, 1, 0], [3, 19, 118, 24], [1, 0, 0, 0]]",0.9791852512637526,0.4567270309435029,0.0,0.0,0.0,0.9959222082810539,0.9981138006916064,0.9937402190923318,3195,3181,0.0,0.0,0.0,3,36,0.8309859154929577,0.9833333333333333,0.7195121951219512,164,120,0.0,0.0,0.0,1,26
HOLDOUT_MINOR_F,215,WGAN_F_RECORD_BALANCED_X10,wgan_f_record_balanced,8203,3363,"[[2254, 930, 11, 0], [0, 3, 0, 0], [3, 21, 133, 7], [1, 0, 0, 0]]",0.7106749925661612,0.4241517136751965,0.003134796238244514,0.0,0.0,0.8267008985879333,0.9982285208148804,0.7054773082942097,3195,2258,0.006269592476489028,0.0031446540880503146,1.0,3,954,0.8636363636363636,0.9236111111111112,0.8109756097560976,164,144,0.0,0.0,0.0,1,7
HOLDOUT_MINOR_F,215,WGAN_F_RECORD_BALANCED_X10,wgan_f_record_balanced,8204,3363,"[[3137, 47, 11, 0], [0, 3, 0, 0], [4, 36, 116, 8], [1, 0, 0, 0]]",0.968183169788879,0.4636812441732738,0.033707865168539325,0.0,0.0,0.9900583872494871,0.998408656906429,0.9818466353677622,3195,3142,0.06741573033707865,0.03488372093023256,1.0,3,86,0.7972508591065293,0.9133858267716536,0.7073170731707317,164,127,0.0,0.0,0.0,1,8
HOLDOUT_MINOR_F,215,WGAN_F_RECORD_BALANCED_X20,wgan_f_record_balanced,8200,3363,"[[3171, 9, 14, 1], [0, 2, 1, 0], [2, 6, 136, 20], [1, 0, 0, 0]]",0.983942908117752,0.5148131948650083,0.1,0.0,0.0,0.9957607159679699,0.999054820415879,0.9924882629107982,3195,3174,0.2,0.11764705882352941,0.6666666666666666,3,17,0.8634920634920635,0.9006622516556292,0.8292682926829268,164,151,0.0,0.0,0.0,1,21
HOLDOUT_MINOR_F,215,WGAN_F_RECORD_BALANCED_X20,wgan_f_record_balanced,8201,3363,"[[1928, 1144, 122, 1], [0, 0, 3, 0], [0, 2, 156, 6], [1, 0, 0, 0]]",0.6196848052334225,0.3634151689778877,0.0,0.0,0.0,0.7525370804059328,0.9994815966822188,0.6034428794992175,3195,1929,0.0,0.0,0.0,3,1146,0.701123595505618,0.5551601423487544,0.9512195121951219,164,281,0.0,0.0,0.0,1,7
HOLDOUT_MINOR_F,215,WGAN_F_RECORD_BALANCED_X20,wgan_f_record_balanced,8202,3363,"[[2670, 430, 95, 0], [0, 0, 3, 0], [3, 2, 147, 12], [1, 0, 0, 0]]",0.8376449598572703,0.4071729500783404,0.0,0.0,0.0,0.909865394445391,0.9985041136873598,0.8356807511737089,3195,2674,0.0,0.0,0.0,3,432,0.7188264058679706,0.6,0.8963414634146342,164,245,0.0,0.0,0.0,1,12
HOLDOUT_MINOR_F,215,WGAN_F_RECORD_BALANCED_X20,wgan_f_record_balanced,8203,3363,"[[2647, 539, 6, 3], [0, 3, 0, 0], [0, 15, 118, 31], [1, 0, 0, 0]]",0.8230746357418971,0.4340500368097493,0.005357142857142857,0.0,0.0,0.906041417080267,0.9996223564954683,0.8284820031298904,3195,2648,0.010714285714285714,0.005385996409335727,1.0,3,557,0.8194444444444444,0.9516129032258065,0.7195121951219512,164,124,0.0,0.0,0.0,1,34
HOLDOUT_MINOR_F,215,WGAN_F_RECORD_BALANCED_X20,wgan_f_record_balanced,8204,3363,"[[2944, 245, 6, 0], [0, 3, 0, 0], [3, 11, 146, 4], [1, 0, 0, 0]]",0.91971454058876,0.4763601834318599,0.011450381679389313,0.0,0.0,0.9584893374572684,0.9986431478968792,0.9214397496087637,3195,2948,0.022900763358778626,0.011583011583011582,1.0,3,259,0.9240506329113924,0.9605263157894737,0.8902439024390244,164,152,0.0,0.0,0.0,1,4
HOLDOUT_MINOR_F,215,WGAN_F_RECORD_BALANCED_X5,wgan_f_record_balanced,8200,3363,"[[2113, 274, 808, 0], [0, 0, 3, 0], [0, 6, 150, 8], [0, 0, 1, 0]]",0.6729110912875409,0.26564664616966116,0.0,0.0,0.0,0.7961567445365486,1.0,0.6613458528951487,3195,2113,0.0,0.0,0.0,3,280,0.2664298401420959,0.15592515592515593,0.9146341463414634,164,962,0.0,0.0,0.0,1,8
HOLDOUT_MINOR_F,215,WGAN_F_RECORD_BALANCED_X5,wgan_f_record_balanced,8201,3363,"[[2937, 170, 22, 66], [0, 1, 2, 0], [0, 6, 150, 8], [0, 0, 0, 1]]",0.9185251263752602,0.47073162527241613,0.01871345029239766,0.011111111111111112,0.015625,0.9579256360078278,1.0,0.9192488262910798,3195,2937,0.011111111111111112,0.005649717514124294,0.3333333333333333,3,177,0.8875739644970414,0.8620689655172413,0.9146341463414634,164,174,0.02631578947368421,0.013333333333333334,1.0,1,75
HOLDOUT_MINOR_F,215,WGAN_F_RECORD_BALANCED_X5,wgan_f_record_balanced,8202,3363,"[[2921, 243, 22, 9], [0, 2, 1, 0], [0, 22, 123, 19], [1, 0, 0, 0]]",0.9057389235801367,0.44085163095035107,0.007407407407407408,0.0,0.0,0.9550433218898152,0.9996577686516085,0.9142410015649453,3195,2922,0.014814814814814815,0.00749063670411985,0.6666666666666666,3,267,0.7935483870967742,0.8424657534246576,0.75,164,146,0.0,0.0,0.0,1,28
HOLDOUT_MINOR_F,215,WGAN_F_RECORD_BALANCED_X5,wgan_f_record_balanced,8203,3363,"[[3061, 117, 15, 2], [0, 3, 0, 0], [0, 8, 145, 11], [0, 0, 0, 1]]",0.9545049063336307,0.5131942877764497,0.08956743002544529,0.04580152671755725,0.06818181818181819,0.9785805626598465,1.0,0.9580594679186228,3195,3061,0.04580152671755725,0.0234375,1.0,3,128,0.8950617283950617,0.90625,0.8841463414634146,164,160,0.13333333333333333,0.07142857142857142,1.0,1,14
HOLDOUT_MINOR_F,215,WGAN_F_RECORD_BALANCED_X5,wgan_f_record_balanced,8204,3363,"[[2979, 189, 27, 0], [0, 2, 1, 0], [2, 7, 136, 19], [1, 0, 0, 0]]",0.9268510258697591,0.45342867156535405,0.009950248756218905,0.0,0.0,0.9645458960660515,0.9989939637826962,0.9323943661971831,3195,2982,0.01990049751243781,0.010101010101010102,0.6666666666666666,3,198,0.8292682926829268,0.8292682926829268,0.8292682926829268,164,164,0.0,0.0,0.0,1,19
