fold_id,holdout_records_json,config_id,family,config_json,seed,n_parameters,fixed_epochs,n_train_samples,n_val_samples,original_train_counts_json,val_counts_json,train_loss_final,time_s,confusion_json,weight_info_json,wgan_info_json,Accuracy,Macro_F1,Rare_Macro_SF,Min_Rare_F1,Rare_HMean_SF,F1_N,Precision_N,Recall_N,Support_N,Predicted_N,F1_S,Precision_S,Recall_S,Support_S,Predicted_S,F1_V,Precision_V,Recall_V,Support_V,Predicted_V,F1_F,Precision_F,Recall_F,Support_F,Predicted_F
HOLDOUT_205,"[""205""]",BASELINE_CE,baseline,"{""config_id"": ""BASELINE_CE"", ""family"": ""baseline"", ""kind"": ""ce""}",8200,318885,15,48348,2656,"{""N"": 43287, ""S"": 941, ""V"": 3717, ""F"": 403}","{""N"": 2571, ""S"": 3, ""V"": 71, ""F"": 11}",0.04966927877819491,136.19162487983704,"[[2571, 0, 0, 0], [0, 3, 0, 0], [2, 0, 69, 0], [11, 0, 0, 0]]","{""sample_weight_max"": 1.0, ""sample_weight_mean"": 1.0, ""sample_weight_min"": 1.0}","{""quality_gate_passed"": null, ""used"": false}",0.995105421686747,0.7457981155604823,0.5,0.0,0.0,0.997478176527643,0.9949690402476781,1.0,2571,2584,1.0,1.0,1.0,3,3,0.9857142857142858,1.0,0.971830985915493,71,69,0.0,0.0,0.0,11,0
HOLDOUT_205,"[""205""]",BASELINE_CE,baseline,"{""config_id"": ""BASELINE_CE"", ""family"": ""baseline"", ""kind"": ""ce""}",8201,318885,15,48348,2656,"{""N"": 43287, ""S"": 941, ""V"": 3717, ""F"": 403}","{""N"": 2571, ""S"": 3, ""V"": 71, ""F"": 11}",0.04429679503818363,137.10794234275818,"[[2570, 1, 0, 0], [0, 3, 0, 0], [1, 0, 70, 0], [11, 0, 0, 0]]","{""sample_weight_max"": 1.0, ""sample_weight_mean"": 1.0, ""sample_weight_min"": 1.0}","{""quality_gate_passed"": null, ""used"": false}",0.995105421686747,0.7118819640775452,0.42857142857142855,0.0,0.0,0.9974771977488841,0.9953524399690162,0.999611046285492,2571,2582,0.8571428571428571,0.75,1.0,3,4,0.9929078014184397,1.0,0.9859154929577465,71,70,0.0,0.0,0.0,11,0
HOLDOUT_205,"[""205""]",BASELINE_CE,baseline,"{""config_id"": ""BASELINE_CE"", ""family"": ""baseline"", ""kind"": ""ce""}",8202,318885,15,48348,2656,"{""N"": 43287, ""S"": 941, ""V"": 3717, ""F"": 403}","{""N"": 2571, ""S"": 3, ""V"": 71, ""F"": 11}",0.044644936329590296,137.3928759098053,"[[2569, 2, 0, 0], [0, 3, 0, 0], [2, 0, 69, 0], [11, 0, 0, 0]]","{""sample_weight_max"": 1.0, ""sample_weight_mean"": 1.0, ""sample_weight_min"": 1.0}","{""quality_gate_passed"": null, ""used"": false}",0.9943524096385542,0.6832008400099803,0.375,0.0,0.0,0.9970890743256355,0.9949651432997676,0.999222092570984,2571,2582,0.75,0.6,1.0,3,5,0.9857142857142858,1.0,0.971830985915493,71,69,0.0,0.0,0.0,11,0
HOLDOUT_205,"[""205""]",BASELINE_CE,baseline,"{""config_id"": ""BASELINE_CE"", ""family"": ""baseline"", ""kind"": ""ce""}",8203,318885,15,48348,2656,"{""N"": 43287, ""S"": 941, ""V"": 3717, ""F"": 403}","{""N"": 2571, ""S"": 3, ""V"": 71, ""F"": 11}",0.050624879806289554,136.92093777656555,"[[2570, 1, 0, 0], [0, 3, 0, 0], [1, 0, 70, 0], [11, 0, 0, 0]]","{""sample_weight_max"": 1.0, ""sample_weight_mean"": 1.0, ""sample_weight_min"": 1.0}","{""quality_gate_passed"": null, ""used"": false}",0.995105421686747,0.7118819640775452,0.42857142857142855,0.0,0.0,0.9974771977488841,0.9953524399690162,0.999611046285492,2571,2582,0.8571428571428571,0.75,1.0,3,4,0.9929078014184397,1.0,0.9859154929577465,71,70,0.0,0.0,0.0,11,0
HOLDOUT_205,"[""205""]",BASELINE_CE,baseline,"{""config_id"": ""BASELINE_CE"", ""family"": ""baseline"", ""kind"": ""ce""}",8204,318885,15,48348,2656,"{""N"": 43287, ""S"": 941, ""V"": 3717, ""F"": 403}","{""N"": 2571, ""S"": 3, ""V"": 71, ""F"": 11}",0.05974821217629748,136.60364484786987,"[[2570, 1, 0, 0], [0, 3, 0, 0], [2, 0, 69, 0], [11, 0, 0, 0]]","{""sample_weight_max"": 1.0, ""sample_weight_mean"": 1.0, ""sample_weight_min"": 1.0}","{""quality_gate_passed"": null, ""used"": false}",0.9947289156626506,0.7100352015078442,0.42857142857142855,0.0,0.0,0.9972836631742336,0.9949670925280681,0.999611046285492,2571,2583,0.8571428571428571,0.75,1.0,3,4,0.9857142857142858,1.0,0.971830985915493,71,69,0.0,0.0,0.0,11,0
HOLDOUT_205,"[""205""]",FOCAL_A025_G3,focal,"{""alpha_power"": 0.25, ""config_id"": ""FOCAL_A025_G3"", ""family"": ""focal"", ""gamma"": 3.0, ""kind"": ""focal""}",8200,318885,15,48348,2656,"{""N"": 43287, ""S"": 941, ""V"": 3717, ""F"": 403}","{""N"": 2571, ""S"": 3, ""V"": 71, ""F"": 11}",0.01342877570551108,138.57726073265076,"[[2569, 2, 0, 0], [0, 3, 0, 0], [3, 0, 68, 0], [11, 0, 0, 0]]","{""sample_weight_max"": 1.0, ""sample_weight_mean"": 1.0, ""sample_weight_min"": 1.0}","{""quality_gate_passed"": null, ""used"": false}",0.9939759036144579,0.6813282203108294,0.375,0.0,0.0,0.996895615056267,0.994579945799458,0.999222092570984,2571,2583,0.75,0.6,1.0,3,5,0.9784172661870504,1.0,0.9577464788732394,71,68,0.0,0.0,0.0,11,0
HOLDOUT_205,"[""205""]",FOCAL_A025_G3,focal,"{""alpha_power"": 0.25, ""config_id"": ""FOCAL_A025_G3"", ""family"": ""focal"", ""gamma"": 3.0, ""kind"": ""focal""}",8201,318885,15,48348,2656,"{""N"": 43287, ""S"": 941, ""V"": 3717, ""F"": 403}","{""N"": 2571, ""S"": 3, ""V"": 71, ""F"": 11}",0.014410693753879053,137.8999526500702,"[[2571, 0, 0, 0], [0, 3, 0, 0], [0, 0, 71, 0], [11, 0, 0, 0]]","{""sample_weight_max"": 1.0, ""sample_weight_mean"": 1.0, ""sample_weight_min"": 1.0}","{""quality_gate_passed"": null, ""used"": false}",0.9958584337349398,0.7494663302930332,0.5,0.0,0.0,0.9978653211721328,0.9957397366382649,1.0,2571,2582,1.0,1.0,1.0,3,3,1.0,1.0,1.0,71,71,0.0,0.0,0.0,11,0
HOLDOUT_205,"[""205""]",FOCAL_A025_G3,focal,"{""alpha_power"": 0.25, ""config_id"": ""FOCAL_A025_G3"", ""family"": ""focal"", ""gamma"": 3.0, ""kind"": ""focal""}",8202,318885,15,48348,2656,"{""N"": 43287, ""S"": 941, ""V"": 3717, ""F"": 403}","{""N"": 2571, ""S"": 3, ""V"": 71, ""F"": 11}",0.011130171874534214,137.6027388572693,"[[2569, 2, 0, 0], [0, 3, 0, 0], [0, 0, 71, 0], [11, 0, 0, 0]]","{""sample_weight_max"": 1.0, ""sample_weight_mean"": 1.0, ""sample_weight_min"": 1.0}","{""quality_gate_passed"": null, ""used"": false}",0.995105421686747,0.686869054552514,0.375,0.0,0.0,0.9974762182100563,0.9957364341085271,0.999222092570984,2571,2580,0.75,0.6,1.0,3,5,1.0,1.0,1.0,71,71,0.0,0.0,0.0,11,0
HOLDOUT_205,"[""205""]",FOCAL_A025_G3,focal,"{""alpha_power"": 0.25, ""config_id"": ""FOCAL_A025_G3"", ""family"": ""focal"", ""gamma"": 3.0, ""kind"": ""focal""}",8203,318885,15,48348,2656,"{""N"": 43287, ""S"": 941, ""V"": 3717, ""F"": 403}","{""N"": 2571, ""S"": 3, ""V"": 71, ""F"": 11}",0.012439408767224651,137.86930656433105,"[[2570, 1, 0, 0], [0, 3, 0, 0], [0, 0, 71, 0], [11, 0, 0, 0]]","{""sample_weight_max"": 1.0, ""sample_weight_mean"": 1.0, ""sample_weight_min"": 1.0}","{""quality_gate_passed"": null, ""used"": false}",0.9954819277108434,0.7137034161490683,0.42857142857142855,0.0,0.0,0.9976708074534162,0.9957380860131732,0.999611046285492,2571,2581,0.8571428571428571,0.75,1.0,3,4,1.0,1.0,1.0,71,71,0.0,0.0,0.0,11,0
HOLDOUT_205,"[""205""]",FOCAL_A025_G3,focal,"{""alpha_power"": 0.25, ""config_id"": ""FOCAL_A025_G3"", ""family"": ""focal"", ""gamma"": 3.0, ""kind"": ""focal""}",8204,318885,15,48348,2656,"{""N"": 43287, ""S"": 941, ""V"": 3717, ""F"": 403}","{""N"": 2571, ""S"": 3, ""V"": 71, ""F"": 11}",0.016724324308963437,137.83636140823364,"[[2571, 0, 0, 0], [0, 3, 0, 0], [0, 0, 71, 0], [11, 0, 0, 0]]","{""sample_weight_max"": 1.0, ""sample_weight_mean"": 1.0, ""sample_weight_min"": 1.0}","{""quality_gate_passed"": null, ""used"": false}",0.9958584337349398,0.7494663302930332,0.5,0.0,0.0,0.9978653211721328,0.9957397366382649,1.0,2571,2582,1.0,1.0,1.0,3,3,1.0,1.0,1.0,71,71,0.0,0.0,0.0,11,0
HOLDOUT_205,"[""205""]",F_RECORD_BALANCED_CE_P025,record_balanced,"{""class_weight_power"": 0.25, ""config_id"": ""F_RECORD_BALANCED_CE_P025"", ""family"": ""record_balanced"", ""kind"": ""record_balanced_ce""}",8200,318885,15,48348,2656,"{""N"": 43287, ""S"": 941, ""V"": 3717, ""F"": 403}","{""N"": 2571, ""S"": 3, ""V"": 71, ""F"": 11}",0.105983515127153,137.31070137023926,"[[2570, 1, 0, 0], [0, 3, 0, 0], [2, 1, 64, 4], [11, 0, 0, 0]]","{""class_alpha"": [0.46131131052970886, 1.2013956308364868, 0.8521878123283386, 1.4851051568984985], ""f_record_counts"": {""108"": 2, ""109"": 2, ""114"": 4, ""124"": 5, ""201"": 2, ""203"": 1, ""208"": 372, ""215"": 1, ""223"": 14}, ""f_record_total_weight_after_normalization"": {""108"": 129.30140228466638, ""109"": 129.30140228466638, ""114"": 129.30140228466638, ""124"": 129.30140228466638, ""201"": 129.30140228466638, ""203"": 129.30140228466638, ""208"": 129.30140228466635, ""215"": 129.30140228466638, ""223"": 129.30140228466632}, ""sample_weight_max"": 129.30140228466638, ""sample_weight_mean"": 0.9999999999999994, ""sample_weight_min"": 0.34758441474372676}","{""quality_gate_passed"": null, ""used"": false}",0.9928463855421686,0.6738579528305955,0.375,0.0,0.0,0.9972836631742336,0.9949670925280681,0.999611046285492,2571,2583,0.75,0.6,1.0,3,5,0.9481481481481482,1.0,0.9014084507042254,71,64,0.0,0.0,0.0,11,4
HOLDOUT_205,"[""205""]",F_RECORD_BALANCED_CE_P025,record_balanced,"{""class_weight_power"": 0.25, ""config_id"": ""F_RECORD_BALANCED_CE_P025"", ""family"": ""record_balanced"", ""kind"": ""record_balanced_ce""}",8201,318885,15,48348,2656,"{""N"": 43287, ""S"": 941, ""V"": 3717, ""F"": 403}","{""N"": 2571, ""S"": 3, ""V"": 71, ""F"": 11}",0.11299768659574468,136.8491187095642,"[[2570, 1, 0, 0], [0, 3, 0, 0], [0, 0, 71, 0], [11, 0, 0, 0]]","{""class_alpha"": [0.46131131052970886, 1.2013956308364868, 0.8521878123283386, 1.4851051568984985], ""f_record_counts"": {""108"": 2, ""109"": 2, ""114"": 4, ""124"": 5, ""201"": 2, ""203"": 1, ""208"": 372, ""215"": 1, ""223"": 14}, ""f_record_total_weight_after_normalization"": {""108"": 129.30140228466638, ""109"": 129.30140228466638, ""114"": 129.30140228466638, ""124"": 129.30140228466638, ""201"": 129.30140228466638, ""203"": 129.30140228466638, ""208"": 129.30140228466635, ""215"": 129.30140228466638, ""223"": 129.30140228466632}, ""sample_weight_max"": 129.30140228466638, ""sample_weight_mean"": 0.9999999999999994, ""sample_weight_min"": 0.34758441474372676}","{""quality_gate_passed"": null, ""used"": false}",0.9954819277108434,0.7137034161490683,0.42857142857142855,0.0,0.0,0.9976708074534162,0.9957380860131732,0.999611046285492,2571,2581,0.8571428571428571,0.75,1.0,3,4,1.0,1.0,1.0,71,71,0.0,0.0,0.0,11,0
HOLDOUT_205,"[""205""]",F_RECORD_BALANCED_CE_P025,record_balanced,"{""class_weight_power"": 0.25, ""config_id"": ""F_RECORD_BALANCED_CE_P025"", ""family"": ""record_balanced"", ""kind"": ""record_balanced_ce""}",8202,318885,15,48348,2656,"{""N"": 43287, ""S"": 941, ""V"": 3717, ""F"": 403}","{""N"": 2571, ""S"": 3, ""V"": 71, ""F"": 11}",0.09249957148866511,137.61598348617554,"[[2568, 3, 0, 0], [0, 3, 0, 0], [3, 0, 68, 0], [11, 0, 0, 0]]","{""class_alpha"": [0.46131131052970886, 1.2013956308364868, 0.8521878123283386, 1.4851051568984985], ""f_record_counts"": {""108"": 2, ""109"": 2, ""114"": 4, ""124"": 5, ""201"": 2, ""203"": 1, ""208"": 372, ""215"": 1, ""223"": 14}, ""f_record_total_weight_after_normalization"": {""108"": 129.30140228466638, ""109"": 129.30140228466638, ""114"": 129.30140228466638, ""124"": 129.30140228466638, ""201"": 129.30140228466638, ""203"": 129.30140228466638, ""208"": 129.30140228466635, ""215"": 129.30140228466638, ""223"": 129.30140228466632}, ""sample_weight_max"": 129.30140228466638, ""sample_weight_mean"": 0.9999999999999994, ""sample_weight_min"": 0.34758441474372676}","{""quality_gate_passed"": null, ""used"": false}",0.9935993975903614,0.660446220939026,0.3333333333333333,0.0,0.0,0.996700950902387,0.994577846630519,0.9988331388564761,2571,2582,0.6666666666666666,0.5,1.0,3,6,0.9784172661870504,1.0,0.9577464788732394,71,68,0.0,0.0,0.0,11,0
HOLDOUT_205,"[""205""]",F_RECORD_BALANCED_CE_P025,record_balanced,"{""class_weight_power"": 0.25, ""config_id"": ""F_RECORD_BALANCED_CE_P025"", ""family"": ""record_balanced"", ""kind"": ""record_balanced_ce""}",8203,318885,15,48348,2656,"{""N"": 43287, ""S"": 941, ""V"": 3717, ""F"": 403}","{""N"": 2571, ""S"": 3, ""V"": 71, ""F"": 11}",0.11759946812356936,137.48141622543335,"[[2568, 3, 0, 0], [0, 3, 0, 0], [1, 0, 68, 2], [11, 0, 0, 0]]","{""class_alpha"": [0.46131131052970886, 1.2013956308364868, 0.8521878123283386, 1.4851051568984985], ""f_record_counts"": {""108"": 2, ""109"": 2, ""114"": 4, ""124"": 5, ""201"": 2, ""203"": 1, ""208"": 372, ""215"": 1, ""223"": 14}, ""f_record_total_weight_after_normalization"": {""108"": 129.30140228466638, ""109"": 129.30140228466638, ""114"": 129.30140228466638, ""124"": 129.30140228466638, ""201"": 129.30140228466638, ""203"": 129.30140228466638, ""208"": 129.30140228466635, ""215"": 129.30140228466638, ""223"": 129.30140228466632}, ""sample_weight_max"": 129.30140228466638, ""sample_weight_mean"": 0.9999999999999994, ""sample_weight_min"": 0.34758441474372676}","{""quality_gate_passed"": null, ""used"": false}",0.9935993975903614,0.6605429692355609,0.3333333333333333,0.0,0.0,0.9970879440885265,0.9953488372093023,0.9988331388564761,2571,2580,0.6666666666666666,0.5,1.0,3,6,0.9784172661870504,1.0,0.9577464788732394,71,68,0.0,0.0,0.0,11,2
HOLDOUT_205,"[""205""]",F_RECORD_BALANCED_CE_P025,record_balanced,"{""class_weight_power"": 0.25, ""config_id"": ""F_RECORD_BALANCED_CE_P025"", ""family"": ""record_balanced"", ""kind"": ""record_balanced_ce""}",8204,318885,15,48348,2656,"{""N"": 43287, ""S"": 941, ""V"": 3717, ""F"": 403}","{""N"": 2571, ""S"": 3, ""V"": 71, ""F"": 11}",0.13356248503606322,136.24683141708374,"[[2568, 3, 0, 0], [0, 3, 0, 0], [0, 0, 71, 0], [11, 0, 0, 0]]","{""class_alpha"": [0.46131131052970886, 1.2013956308364868, 0.8521878123283386, 1.4851051568984985], ""f_record_counts"": {""108"": 2, ""109"": 2, ""114"": 4, ""124"": 5, ""201"": 2, ""203"": 1, ""208"": 372, ""215"": 1, ""223"": 14}, ""f_record_total_weight_after_normalization"": {""108"": 129.30140228466638, ""109"": 129.30140228466638, ""114"": 129.30140228466638, ""124"": 129.30140228466638, ""201"": 129.30140228466638, ""203"": 129.30140228466638, ""208"": 129.30140228466635, ""215"": 129.30140228466638, ""223"": 129.30140228466632}, ""sample_weight_max"": 129.30140228466638, ""sample_weight_mean"": 0.9999999999999994, ""sample_weight_min"": 0.34758441474372676}","{""quality_gate_passed"": null, ""used"": false}",0.9947289156626506,0.6659870550161813,0.3333333333333333,0.0,0.0,0.9972815533980582,0.9957347809228383,0.9988331388564761,2571,2579,0.6666666666666666,0.5,1.0,3,6,1.0,1.0,1.0,71,71,0.0,0.0,0.0,11,0
HOLDOUT_205,"[""205""]",F_RECORD_BALANCED_FOCAL_A025_G3,record_balanced,"{""class_weight_power"": 0.25, ""config_id"": ""F_RECORD_BALANCED_FOCAL_A025_G3"", ""family"": ""record_balanced"", ""gamma"": 3.0, ""kind"": ""record_balanced_focal""}",8200,318885,15,48348,2656,"{""N"": 43287, ""S"": 941, ""V"": 3717, ""F"": 403}","{""N"": 2571, ""S"": 3, ""V"": 71, ""F"": 11}",0.042446647626569585,138.30276823043823,"[[2570, 1, 0, 0], [0, 3, 0, 0], [0, 1, 69, 1], [11, 0, 0, 0]]","{""class_alpha"": [0.46131131052970886, 1.2013956308364868, 0.8521878123283386, 1.4851051568984985], ""f_record_counts"": {""108"": 2, ""109"": 2, ""114"": 4, ""124"": 5, ""201"": 2, ""203"": 1, ""208"": 372, ""215"": 1, ""223"": 14}, ""f_record_total_weight_after_normalization"": {""108"": 129.30140228466638, ""109"": 129.30140228466638, ""114"": 129.30140228466638, ""124"": 129.30140228466638, ""201"": 129.30140228466638, ""203"": 129.30140228466638, ""208"": 129.30140228466635, ""215"": 129.30140228466638, ""223"": 129.30140228466632}, ""sample_weight_max"": 129.30140228466638, ""sample_weight_mean"": 0.9999999999999994, ""sample_weight_min"": 0.34758441474372676}","{""quality_gate_passed"": null, ""used"": false}",0.9947289156626506,0.6833462732919255,0.375,0.0,0.0,0.9976708074534162,0.9957380860131732,0.999611046285492,2571,2581,0.75,0.6,1.0,3,5,0.9857142857142858,1.0,0.971830985915493,71,69,0.0,0.0,0.0,11,1
HOLDOUT_205,"[""205""]",F_RECORD_BALANCED_FOCAL_A025_G3,record_balanced,"{""class_weight_power"": 0.25, ""config_id"": ""F_RECORD_BALANCED_FOCAL_A025_G3"", ""family"": ""record_balanced"", ""gamma"": 3.0, ""kind"": ""record_balanced_focal""}",8201,318885,15,48348,2656,"{""N"": 43287, ""S"": 941, ""V"": 3717, ""F"": 403}","{""N"": 2571, ""S"": 3, ""V"": 71, ""F"": 11}",0.039082424417193534,137.69879722595215,"[[2571, 0, 0, 0], [1, 2, 0, 0], [0, 0, 70, 1], [11, 0, 0, 0]]","{""class_alpha"": [0.46131131052970886, 1.2013956308364868, 0.8521878123283386, 1.4851051568984985], ""f_record_counts"": {""108"": 2, ""109"": 2, ""114"": 4, ""124"": 5, ""201"": 2, ""203"": 1, ""208"": 372, ""215"": 1, ""223"": 14}, ""f_record_total_weight_after_normalization"": {""108"": 129.30140228466638, ""109"": 129.30140228466638, ""114"": 129.30140228466638, ""124"": 129.30140228466638, ""201"": 129.30140228466638, ""203"": 129.30140228466638, ""208"": 129.30140228466635, ""215"": 129.30140228466638, ""223"": 129.30140228466632}, ""sample_weight_max"": 129.30140228466638, ""sample_weight_mean"": 0.9999999999999994, ""sample_weight_min"": 0.34758441474372676}","{""quality_gate_passed"": null, ""used"": false}",0.995105421686747,0.69764487817766,0.4,0.0,0.0,0.9976717112922002,0.9953542392566783,1.0,2571,2583,0.8,1.0,0.6666666666666666,3,2,0.9929078014184397,1.0,0.9859154929577465,71,70,0.0,0.0,0.0,11,1
HOLDOUT_205,"[""205""]",F_RECORD_BALANCED_FOCAL_A025_G3,record_balanced,"{""class_weight_power"": 0.25, ""config_id"": ""F_RECORD_BALANCED_FOCAL_A025_G3"", ""family"": ""record_balanced"", ""gamma"": 3.0, ""kind"": ""record_balanced_focal""}",8202,318885,15,48348,2656,"{""N"": 43287, ""S"": 941, ""V"": 3717, ""F"": 403}","{""N"": 2571, ""S"": 3, ""V"": 71, ""F"": 11}",0.041713859812247504,137.52470350265503,"[[2567, 4, 0, 0], [0, 3, 0, 0], [0, 0, 71, 0], [11, 0, 0, 0]]","{""class_alpha"": [0.46131131052970886, 1.2013956308364868, 0.8521878123283386, 1.4851051568984985], ""f_record_counts"": {""108"": 2, ""109"": 2, ""114"": 4, ""124"": 5, ""201"": 2, ""203"": 1, ""208"": 372, ""215"": 1, ""223"": 14}, ""f_record_total_weight_after_normalization"": {""108"": 129.30140228466638, ""109"": 129.30140228466638, ""114"": 129.30140228466638, ""124"": 129.30140228466638, ""201"": 129.30140228466638, ""203"": 129.30140228466638, ""208"": 129.30140228466635, ""215"": 129.30140228466638, ""223"": 129.30140228466632}, ""sample_weight_max"": 129.30140228466638, ""sample_weight_mean"": 0.9999999999999994, ""sample_weight_min"": 0.34758441474372676}","{""quality_gate_passed"": null, ""used"": false}",0.9943524096385542,0.6492717032433482,0.3,0.0,0.0,0.9970868129733929,0.995733126454616,0.9984441851419681,2571,2578,0.6,0.42857142857142855,1.0,3,7,1.0,1.0,1.0,71,71,0.0,0.0,0.0,11,0
HOLDOUT_205,"[""205""]",F_RECORD_BALANCED_FOCAL_A025_G3,record_balanced,"{""class_weight_power"": 0.25, ""config_id"": ""F_RECORD_BALANCED_FOCAL_A025_G3"", ""family"": ""record_balanced"", ""gamma"": 3.0, ""kind"": ""record_balanced_focal""}",8203,318885,15,48348,2656,"{""N"": 43287, ""S"": 941, ""V"": 3717, ""F"": 403}","{""N"": 2571, ""S"": 3, ""V"": 71, ""F"": 11}",0.06020166709028658,138.20273232460022,"[[2568, 3, 0, 0], [0, 3, 0, 0], [1, 0, 69, 1], [11, 0, 0, 0]]","{""class_alpha"": [0.46131131052970886, 1.2013956308364868, 0.8521878123283386, 1.4851051568984985], ""f_record_counts"": {""108"": 2, ""109"": 2, ""114"": 4, ""124"": 5, ""201"": 2, ""203"": 1, ""208"": 372, ""215"": 1, ""223"": 14}, ""f_record_total_weight_after_normalization"": {""108"": 129.30140228466638, ""109"": 129.30140228466638, ""114"": 129.30140228466638, ""124"": 129.30140228466638, ""201"": 129.30140228466638, ""203"": 129.30140228466638, ""208"": 129.30140228466635, ""215"": 129.30140228466638, ""223"": 129.30140228466632}, ""sample_weight_max"": 129.30140228466638, ""sample_weight_mean"": 0.9999999999999994, ""sample_weight_min"": 0.34758441474372676}","{""quality_gate_passed"": null, ""used"": false}",0.9939759036144579,0.6623672241173697,0.3333333333333333,0.0,0.0,0.9970879440885265,0.9953488372093023,0.9988331388564761,2571,2580,0.6666666666666666,0.5,1.0,3,6,0.9857142857142858,1.0,0.971830985915493,71,69,0.0,0.0,0.0,11,1
HOLDOUT_205,"[""205""]",F_RECORD_BALANCED_FOCAL_A025_G3,record_balanced,"{""class_weight_power"": 0.25, ""config_id"": ""F_RECORD_BALANCED_FOCAL_A025_G3"", ""family"": ""record_balanced"", ""gamma"": 3.0, ""kind"": ""record_balanced_focal""}",8204,318885,15,48348,2656,"{""N"": 43287, ""S"": 941, ""V"": 3717, ""F"": 403}","{""N"": 2571, ""S"": 3, ""V"": 71, ""F"": 11}",0.0546146484372753,137.42796277999878,"[[2568, 3, 0, 0], [0, 3, 0, 0], [1, 0, 70, 0], [11, 0, 0, 0]]","{""class_alpha"": [0.46131131052970886, 1.2013956308364868, 0.8521878123283386, 1.4851051568984985], ""f_record_counts"": {""108"": 2, ""109"": 2, ""114"": 4, ""124"": 5, ""201"": 2, ""203"": 1, ""208"": 372, ""215"": 1, ""223"": 14}, ""f_record_total_weight_after_normalization"": {""108"": 129.30140228466638, ""109"": 129.30140228466638, ""114"": 129.30140228466638, ""124"": 129.30140228466638, ""201"": 129.30140228466638, ""203"": 129.30140228466638, ""208"": 129.30140228466635, ""215"": 129.30140228466638, ""223"": 129.30140228466632}, ""sample_weight_max"": 129.30140228466638, ""sample_weight_mean"": 0.9999999999999994, ""sample_weight_min"": 0.34758441474372676}","{""quality_gate_passed"": null, ""used"": false}",0.9943524096385542,0.6641656030434082,0.3333333333333333,0.0,0.0,0.9970879440885265,0.9953488372093023,0.9988331388564761,2571,2580,0.6666666666666666,0.5,1.0,3,6,0.9929078014184397,1.0,0.9859154929577465,71,70,0.0,0.0,0.0,11,0
HOLDOUT_205,"[""205""]",WGAN_F_RECORD_BALANCED_X10,wgan_f_record_balanced,"{""config_id"": ""WGAN_F_RECORD_BALANCED_X10"", ""family"": ""wgan_f_record_balanced"", ""kind"": ""wgan_f_record_balanced"", ""wgan_factor"": 10}",8200,318885,15,51975,2656,"{""N"": 43287, ""S"": 941, ""V"": 3717, ""F"": 403}","{""N"": 2571, ""S"": 3, ""V"": 71, ""F"": 11}",0.06888157277692196,146.9493350982666,"[[2570, 1, 0, 0], [0, 3, 0, 0], [3, 0, 68, 0], [11, 0, 0, 0]]","{""sample_weight_max"": 1.0, ""sample_weight_mean"": 1.0, ""sample_weight_min"": 1.0}","{""factor"": 10, ""generated_self_to_real_nn_ratio"": 3.0167479036962526, ""max_pool_size"": 7657, ""n_synthetic_f"": 3627, ""quality_attempt"": 3, ""quality_gate_passed"": false, ""selected_to_real_nn_ratio"": 4.894186276832494, ""synthetic_source_record_counts"": {""108"": 403, ""109"": 403, ""114"": 403, ""124"": 403, ""201"": 403, ""203"": 403, ""208"": 403, ""215"": 403, ""223"": 403}, ""used"": true, ""wgan_seed"": 2950000}",0.9943524096385542,0.7081625817539123,0.42857142857142855,0.0,0.0,0.997090203685742,0.9945820433436533,0.999611046285492,2571,2584,0.8571428571428571,0.75,1.0,3,4,0.9784172661870504,1.0,0.9577464788732394,71,68,0.0,0.0,0.0,11,0
HOLDOUT_205,"[""205""]",WGAN_F_RECORD_BALANCED_X10,wgan_f_record_balanced,"{""config_id"": ""WGAN_F_RECORD_BALANCED_X10"", ""family"": ""wgan_f_record_balanced"", ""kind"": ""wgan_f_record_balanced"", ""wgan_factor"": 10}",8201,318885,15,51975,2656,"{""N"": 43287, ""S"": 941, ""V"": 3717, ""F"": 403}","{""N"": 2571, ""S"": 3, ""V"": 71, ""F"": 11}",0.05053881451938311,147.02778840065002,"[[2569, 2, 0, 0], [0, 3, 0, 0], [1, 0, 70, 0], [11, 0, 0, 0]]","{""sample_weight_max"": 1.0, ""sample_weight_mean"": 1.0, ""sample_weight_min"": 1.0}","{""factor"": 10, ""generated_self_to_real_nn_ratio"": 2.966930120619188, ""max_pool_size"": 7657, ""n_synthetic_f"": 3627, ""quality_attempt"": 1, ""quality_gate_passed"": false, ""selected_to_real_nn_ratio"": 4.969371762655823, ""synthetic_source_record_counts"": {""108"": 403, ""109"": 403, ""114"": 403, ""124"": 403, ""201"": 403, ""203"": 403, ""208"": 403, ""215"": 403, ""223"": 403}, ""used"": true, ""wgan_seed"": 2930100}",0.9947289156626506,0.685047602528523,0.375,0.0,0.0,0.9972826086956522,0.995350639287098,0.999222092570984,2571,2581,0.75,0.6,1.0,3,5,0.9929078014184397,1.0,0.9859154929577465,71,70,0.0,0.0,0.0,11,0
HOLDOUT_205,"[""205""]",WGAN_F_RECORD_BALANCED_X10,wgan_f_record_balanced,"{""config_id"": ""WGAN_F_RECORD_BALANCED_X10"", ""family"": ""wgan_f_record_balanced"", ""kind"": ""wgan_f_record_balanced"", ""wgan_factor"": 10}",8202,318885,15,51975,2656,"{""N"": 43287, ""S"": 941, ""V"": 3717, ""F"": 403}","{""N"": 2571, ""S"": 3, ""V"": 71, ""F"": 11}",0.04479693642933137,146.9761118888855,"[[2570, 1, 0, 0], [0, 3, 0, 0], [0, 1, 70, 0], [11, 0, 0, 0]]","{""sample_weight_max"": 1.0, ""sample_weight_mean"": 1.0, ""sample_weight_min"": 1.0}","{""factor"": 10, ""generated_self_to_real_nn_ratio"": 2.9473366553129017, ""max_pool_size"": 7657, ""n_synthetic_f"": 3627, ""quality_attempt"": 1, ""quality_gate_passed"": false, ""selected_to_real_nn_ratio"": 4.681274573392316, ""synthetic_source_record_counts"": {""108"": 403, ""109"": 403, ""114"": 403, ""124"": 403, ""201"": 403, ""203"": 403, ""208"": 403, ""215"": 403, ""223"": 403}, ""used"": true, ""wgan_seed"": 2930200}",0.995105421686747,0.685144652217964,0.375,0.0,0.0,0.9976708074534162,0.9957380860131732,0.999611046285492,2571,2581,0.75,0.6,1.0,3,5,0.9929078014184397,1.0,0.9859154929577465,71,70,0.0,0.0,0.0,11,0
HOLDOUT_205,"[""205""]",WGAN_F_RECORD_BALANCED_X10,wgan_f_record_balanced,"{""config_id"": ""WGAN_F_RECORD_BALANCED_X10"", ""family"": ""wgan_f_record_balanced"", ""kind"": ""wgan_f_record_balanced"", ""wgan_factor"": 10}",8203,318885,15,51975,2656,"{""N"": 43287, ""S"": 941, ""V"": 3717, ""F"": 403}","{""N"": 2571, ""S"": 3, ""V"": 71, ""F"": 11}",0.06778733170279708,147.2580418586731,"[[2570, 1, 0, 0], [0, 3, 0, 0], [0, 3, 68, 0], [11, 0, 0, 0]]","{""sample_weight_max"": 1.0, ""sample_weight_mean"": 1.0, ""sample_weight_min"": 1.0}","{""factor"": 10, ""generated_self_to_real_nn_ratio"": 2.865939611434549, ""max_pool_size"": 7657, ""n_synthetic_f"": 3627, ""quality_attempt"": 2, ""quality_gate_passed"": false, ""selected_to_real_nn_ratio"": 4.759482206177639, ""synthetic_source_record_counts"": {""108"": 403, ""109"": 403, ""114"": 403, ""124"": 403, ""201"": 403, ""203"": 403, ""208"": 403, ""215"": 403, ""223"": 403}, ""used"": true, ""wgan_seed"": 2940300}",0.9943524096385542,0.6440220184101166,0.3,0.0,0.0,0.9976708074534162,0.9957380860131732,0.999611046285492,2571,2581,0.6,0.42857142857142855,1.0,3,7,0.9784172661870504,1.0,0.9577464788732394,71,68,0.0,0.0,0.0,11,0
HOLDOUT_205,"[""205""]",WGAN_F_RECORD_BALANCED_X10,wgan_f_record_balanced,"{""config_id"": ""WGAN_F_RECORD_BALANCED_X10"", ""family"": ""wgan_f_record_balanced"", ""kind"": ""wgan_f_record_balanced"", ""wgan_factor"": 10}",8204,318885,15,51975,2656,"{""N"": 43287, ""S"": 941, ""V"": 3717, ""F"": 403}","{""N"": 2571, ""S"": 3, ""V"": 71, ""F"": 11}",0.05871212553031866,147.23933291435242,"[[2571, 0, 0, 0], [0, 3, 0, 0], [1, 0, 70, 0], [11, 0, 0, 0]]","{""sample_weight_max"": 1.0, ""sample_weight_mean"": 1.0, ""sample_weight_min"": 1.0}","{""factor"": 10, ""generated_self_to_real_nn_ratio"": 2.969342504379032, ""max_pool_size"": 7657, ""n_synthetic_f"": 3627, ""quality_attempt"": 3, ""quality_gate_passed"": false, ""selected_to_real_nn_ratio"": 4.8123977416753085, ""synthetic_source_record_counts"": {""108"": 403, ""109"": 403, ""114"": 403, ""124"": 403, ""201"": 403, ""203"": 403, ""208"": 403, ""215"": 403, ""223"": 403}, ""used"": true, ""wgan_seed"": 2950400}",0.9954819277108434,0.74764487817766,0.5,0.0,0.0,0.9976717112922002,0.9953542392566783,1.0,2571,2583,1.0,1.0,1.0,3,3,0.9929078014184397,1.0,0.9859154929577465,71,70,0.0,0.0,0.0,11,0
HOLDOUT_205,"[""205""]",WGAN_F_RECORD_BALANCED_X20,wgan_f_record_balanced,"{""config_id"": ""WGAN_F_RECORD_BALANCED_X20"", ""family"": ""wgan_f_record_balanced"", ""kind"": ""wgan_f_record_balanced"", ""wgan_factor"": 20}",8200,318885,15,56005,2656,"{""N"": 43287, ""S"": 941, ""V"": 3717, ""F"": 403}","{""N"": 2571, ""S"": 3, ""V"": 71, ""F"": 11}",0.05686595449707849,159.84324026107788,"[[2570, 1, 0, 0], [0, 3, 0, 0], [3, 2, 66, 0], [11, 0, 0, 0]]","{""sample_weight_max"": 1.0, ""sample_weight_mean"": 1.0, ""sample_weight_min"": 1.0}","{""factor"": 20, ""generated_self_to_real_nn_ratio"": 3.0167479036962526, ""max_pool_size"": 7657, ""n_synthetic_f"": 7657, ""quality_attempt"": 3, ""quality_gate_passed"": false, ""selected_to_real_nn_ratio"": 4.894186276832494, ""synthetic_source_record_counts"": {""108"": 851, ""109"": 450, ""114"": 851, ""124"": 851, ""201"": 654, ""203"": 851, ""208"": 1534, ""215"": 850, ""223"": 765}, ""used"": true, ""wgan_seed"": 2950000}",0.9935993975903614,0.6568151299968613,0.3333333333333333,0.0,0.0,0.997090203685742,0.9945820433436533,0.999611046285492,2571,2584,0.6666666666666666,0.5,1.0,3,6,0.9635036496350365,1.0,0.9295774647887324,71,66,0.0,0.0,0.0,11,0
HOLDOUT_205,"[""205""]",WGAN_F_RECORD_BALANCED_X20,wgan_f_record_balanced,"{""config_id"": ""WGAN_F_RECORD_BALANCED_X20"", ""family"": ""wgan_f_record_balanced"", ""kind"": ""wgan_f_record_balanced"", ""wgan_factor"": 20}",8201,318885,15,56005,2656,"{""N"": 43287, ""S"": 941, ""V"": 3717, ""F"": 403}","{""N"": 2571, ""S"": 3, ""V"": 71, ""F"": 11}",0.0478213671093847,159.34794855117798,"[[2570, 1, 0, 0], [0, 3, 0, 0], [0, 0, 71, 0], [11, 0, 0, 0]]","{""sample_weight_max"": 1.0, ""sample_weight_mean"": 1.0, ""sample_weight_min"": 1.0}","{""factor"": 20, ""generated_self_to_real_nn_ratio"": 2.966930120619188, ""max_pool_size"": 7657, ""n_synthetic_f"": 7657, ""quality_attempt"": 1, ""quality_gate_passed"": false, ""selected_to_real_nn_ratio"": 4.969371762655823, ""synthetic_source_record_counts"": {""108"": 851, ""109"": 686, ""114"": 851, ""124"": 851, ""201"": 650, ""203"": 851, ""208"": 1217, ""215"": 850, ""223"": 850}, ""used"": true, ""wgan_seed"": 2930100}",0.9954819277108434,0.7137034161490683,0.42857142857142855,0.0,0.0,0.9976708074534162,0.9957380860131732,0.999611046285492,2571,2581,0.8571428571428571,0.75,1.0,3,4,1.0,1.0,1.0,71,71,0.0,0.0,0.0,11,0
HOLDOUT_205,"[""205""]",WGAN_F_RECORD_BALANCED_X20,wgan_f_record_balanced,"{""config_id"": ""WGAN_F_RECORD_BALANCED_X20"", ""family"": ""wgan_f_record_balanced"", ""kind"": ""wgan_f_record_balanced"", ""wgan_factor"": 20}",8202,318885,15,56005,2656,"{""N"": 43287, ""S"": 941, ""V"": 3717, ""F"": 403}","{""N"": 2571, ""S"": 3, ""V"": 71, ""F"": 11}",0.05436985808335347,158.02347826957703,"[[2568, 3, 0, 0], [0, 3, 0, 0], [0, 0, 71, 0], [11, 0, 0, 0]]","{""sample_weight_max"": 1.0, ""sample_weight_mean"": 1.0, ""sample_weight_min"": 1.0}","{""factor"": 20, ""generated_self_to_real_nn_ratio"": 2.9473366553129017, ""max_pool_size"": 7657, ""n_synthetic_f"": 7657, ""quality_attempt"": 1, ""quality_gate_passed"": false, ""selected_to_real_nn_ratio"": 4.681274573392316, ""synthetic_source_record_counts"": {""108"": 851, ""109"": 655, ""114"": 851, ""124"": 851, ""201"": 599, ""203"": 851, ""208"": 1299, ""215"": 850, ""223"": 850}, ""used"": true, ""wgan_seed"": 2930200}",0.9947289156626506,0.6659870550161813,0.3333333333333333,0.0,0.0,0.9972815533980582,0.9957347809228383,0.9988331388564761,2571,2579,0.6666666666666666,0.5,1.0,3,6,1.0,1.0,1.0,71,71,0.0,0.0,0.0,11,0
HOLDOUT_205,"[""205""]",WGAN_F_RECORD_BALANCED_X20,wgan_f_record_balanced,"{""config_id"": ""WGAN_F_RECORD_BALANCED_X20"", ""family"": ""wgan_f_record_balanced"", ""kind"": ""wgan_f_record_balanced"", ""wgan_factor"": 20}",8203,318885,15,56005,2656,"{""N"": 43287, ""S"": 941, ""V"": 3717, ""F"": 403}","{""N"": 2571, ""S"": 3, ""V"": 71, ""F"": 11}",0.05498104913308515,159.62226390838623,"[[2571, 0, 0, 0], [1, 2, 0, 0], [2, 0, 69, 0], [11, 0, 0, 0]]","{""sample_weight_max"": 1.0, ""sample_weight_mean"": 1.0, ""sample_weight_min"": 1.0}","{""factor"": 20, ""generated_self_to_real_nn_ratio"": 2.865939611434549, ""max_pool_size"": 7657, ""n_synthetic_f"": 7657, ""quality_attempt"": 2, ""quality_gate_passed"": false, ""selected_to_real_nn_ratio"": 4.759482206177639, ""synthetic_source_record_counts"": {""108"": 851, ""109"": 804, ""114"": 851, ""124"": 851, ""201"": 735, ""203"": 851, ""208"": 1014, ""215"": 850, ""223"": 850}, ""used"": true, ""wgan_seed"": 2940300}",0.9947289156626506,0.6957497506372603,0.4,0.0,0.0,0.9972847168347556,0.9945841392649903,1.0,2571,2585,0.8,1.0,0.6666666666666666,3,2,0.9857142857142858,1.0,0.971830985915493,71,69,0.0,0.0,0.0,11,0
HOLDOUT_205,"[""205""]",WGAN_F_RECORD_BALANCED_X20,wgan_f_record_balanced,"{""config_id"": ""WGAN_F_RECORD_BALANCED_X20"", ""family"": ""wgan_f_record_balanced"", ""kind"": ""wgan_f_record_balanced"", ""wgan_factor"": 20}",8204,318885,15,56005,2656,"{""N"": 43287, ""S"": 941, ""V"": 3717, ""F"": 403}","{""N"": 2571, ""S"": 3, ""V"": 71, ""F"": 11}",0.04908710278341542,159.9491264820099,"[[2568, 3, 0, 0], [0, 3, 0, 0], [1, 1, 69, 0], [11, 0, 0, 0]]","{""sample_weight_max"": 1.0, ""sample_weight_mean"": 1.0, ""sample_weight_min"": 1.0}","{""factor"": 20, ""generated_self_to_real_nn_ratio"": 2.969342504379032, ""max_pool_size"": 7657, ""n_synthetic_f"": 7657, ""quality_attempt"": 3, ""quality_gate_passed"": false, ""selected_to_real_nn_ratio"": 4.8123977416753085, ""synthetic_source_record_counts"": {""108"": 851, ""109"": 518, ""114"": 995, ""124"": 851, ""201"": 580, ""203"": 851, ""208"": 1345, ""215"": 850, ""223"": 816}, ""used"": true, ""wgan_seed"": 2950400}",0.9939759036144579,0.6457005574507031,0.3,0.0,0.0,0.9970879440885265,0.9953488372093023,0.9988331388564761,2571,2580,0.6,0.42857142857142855,1.0,3,7,0.9857142857142858,1.0,0.971830985915493,71,69,0.0,0.0,0.0,11,0
HOLDOUT_205,"[""205""]",WGAN_F_RECORD_BALANCED_X5,wgan_f_record_balanced,"{""config_id"": ""WGAN_F_RECORD_BALANCED_X5"", ""family"": ""wgan_f_record_balanced"", ""kind"": ""wgan_f_record_balanced"", ""wgan_factor"": 5}",8200,318885,15,49960,2656,"{""N"": 43287, ""S"": 941, ""V"": 3717, ""F"": 403}","{""N"": 2571, ""S"": 3, ""V"": 71, ""F"": 11}",0.047370197441489716,142.39810943603516,"[[2570, 1, 0, 0], [0, 3, 0, 0], [1, 0, 70, 0], [11, 0, 0, 0]]","{""sample_weight_max"": 1.0, ""sample_weight_mean"": 1.0, ""sample_weight_min"": 1.0}","{""factor"": 5, ""generated_self_to_real_nn_ratio"": 3.0167479036962526, ""max_pool_size"": 7657, ""n_synthetic_f"": 1612, ""quality_attempt"": 3, ""quality_gate_passed"": false, ""selected_to_real_nn_ratio"": 4.894186276832494, ""synthetic_source_record_counts"": {""108"": 180, ""109"": 179, ""114"": 179, ""124"": 179, ""201"": 179, ""203"": 179, ""208"": 179, ""215"": 179, ""223"": 179}, ""used"": true, ""wgan_seed"": 2950000}",0.995105421686747,0.7118819640775452,0.42857142857142855,0.0,0.0,0.9974771977488841,0.9953524399690162,0.999611046285492,2571,2582,0.8571428571428571,0.75,1.0,3,4,0.9929078014184397,1.0,0.9859154929577465,71,70,0.0,0.0,0.0,11,0
HOLDOUT_205,"[""205""]",WGAN_F_RECORD_BALANCED_X5,wgan_f_record_balanced,"{""config_id"": ""WGAN_F_RECORD_BALANCED_X5"", ""family"": ""wgan_f_record_balanced"", ""kind"": ""wgan_f_record_balanced"", ""wgan_factor"": 5}",8201,318885,15,49960,2656,"{""N"": 43287, ""S"": 941, ""V"": 3717, ""F"": 403}","{""N"": 2571, ""S"": 3, ""V"": 71, ""F"": 11}",0.04301148050264354,141.8077301979065,"[[2570, 1, 0, 0], [0, 3, 0, 0], [1, 1, 69, 0], [11, 0, 0, 0]]","{""sample_weight_max"": 1.0, ""sample_weight_mean"": 1.0, ""sample_weight_min"": 1.0}","{""factor"": 5, ""generated_self_to_real_nn_ratio"": 2.966930120619188, ""max_pool_size"": 7657, ""n_synthetic_f"": 1612, ""quality_attempt"": 1, ""quality_gate_passed"": false, ""selected_to_real_nn_ratio"": 4.969371762655823, ""synthetic_source_record_counts"": {""108"": 180, ""109"": 179, ""114"": 179, ""124"": 179, ""201"": 179, ""203"": 179, ""208"": 179, ""215"": 179, ""223"": 179}, ""used"": true, ""wgan_seed"": 2930100}",0.9947289156626506,0.6832978708657924,0.375,0.0,0.0,0.9974771977488841,0.9953524399690162,0.999611046285492,2571,2582,0.75,0.6,1.0,3,5,0.9857142857142858,1.0,0.971830985915493,71,69,0.0,0.0,0.0,11,0
HOLDOUT_205,"[""205""]",WGAN_F_RECORD_BALANCED_X5,wgan_f_record_balanced,"{""config_id"": ""WGAN_F_RECORD_BALANCED_X5"", ""family"": ""wgan_f_record_balanced"", ""kind"": ""wgan_f_record_balanced"", ""wgan_factor"": 5}",8202,318885,15,49960,2656,"{""N"": 43287, ""S"": 941, ""V"": 3717, ""F"": 403}","{""N"": 2571, ""S"": 3, ""V"": 71, ""F"": 11}",0.0513167943299847,141.12224197387695,"[[2571, 0, 0, 0], [0, 3, 0, 0], [0, 0, 71, 0], [11, 0, 0, 0]]","{""sample_weight_max"": 1.0, ""sample_weight_mean"": 1.0, ""sample_weight_min"": 1.0}","{""factor"": 5, ""generated_self_to_real_nn_ratio"": 2.9473366553129017, ""max_pool_size"": 7657, ""n_synthetic_f"": 1612, ""quality_attempt"": 1, ""quality_gate_passed"": false, ""selected_to_real_nn_ratio"": 4.681274573392316, ""synthetic_source_record_counts"": {""108"": 180, ""109"": 179, ""114"": 179, ""124"": 179, ""201"": 179, ""203"": 179, ""208"": 179, ""215"": 179, ""223"": 179}, ""used"": true, ""wgan_seed"": 2930200}",0.9958584337349398,0.7494663302930332,0.5,0.0,0.0,0.9978653211721328,0.9957397366382649,1.0,2571,2582,1.0,1.0,1.0,3,3,1.0,1.0,1.0,71,71,0.0,0.0,0.0,11,0
HOLDOUT_205,"[""205""]",WGAN_F_RECORD_BALANCED_X5,wgan_f_record_balanced,"{""config_id"": ""WGAN_F_RECORD_BALANCED_X5"", ""family"": ""wgan_f_record_balanced"", ""kind"": ""wgan_f_record_balanced"", ""wgan_factor"": 5}",8203,318885,15,49960,2656,"{""N"": 43287, ""S"": 941, ""V"": 3717, ""F"": 403}","{""N"": 2571, ""S"": 3, ""V"": 71, ""F"": 11}",0.059151988930698535,141.78211045265198,"[[2571, 0, 0, 0], [0, 3, 0, 0], [2, 0, 69, 0], [11, 0, 0, 0]]","{""sample_weight_max"": 1.0, ""sample_weight_mean"": 1.0, ""sample_weight_min"": 1.0}","{""factor"": 5, ""generated_self_to_real_nn_ratio"": 2.865939611434549, ""max_pool_size"": 7657, ""n_synthetic_f"": 1612, ""quality_attempt"": 2, ""quality_gate_passed"": false, ""selected_to_real_nn_ratio"": 4.759482206177639, ""synthetic_source_record_counts"": {""108"": 180, ""109"": 179, ""114"": 179, ""124"": 179, ""201"": 179, ""203"": 179, ""208"": 179, ""215"": 179, ""223"": 179}, ""used"": true, ""wgan_seed"": 2940300}",0.995105421686747,0.7457981155604823,0.5,0.0,0.0,0.997478176527643,0.9949690402476781,1.0,2571,2584,1.0,1.0,1.0,3,3,0.9857142857142858,1.0,0.971830985915493,71,69,0.0,0.0,0.0,11,0
HOLDOUT_205,"[""205""]",WGAN_F_RECORD_BALANCED_X5,wgan_f_record_balanced,"{""config_id"": ""WGAN_F_RECORD_BALANCED_X5"", ""family"": ""wgan_f_record_balanced"", ""kind"": ""wgan_f_record_balanced"", ""wgan_factor"": 5}",8204,318885,15,49960,2656,"{""N"": 43287, ""S"": 941, ""V"": 3717, ""F"": 403}","{""N"": 2571, ""S"": 3, ""V"": 71, ""F"": 11}",0.062227278706726764,141.37253880500793,"[[2571, 0, 0, 0], [0, 3, 0, 0], [0, 0, 71, 0], [11, 0, 0, 0]]","{""sample_weight_max"": 1.0, ""sample_weight_mean"": 1.0, ""sample_weight_min"": 1.0}","{""factor"": 5, ""generated_self_to_real_nn_ratio"": 2.969342504379032, ""max_pool_size"": 7657, ""n_synthetic_f"": 1612, ""quality_attempt"": 3, ""quality_gate_passed"": false, ""selected_to_real_nn_ratio"": 4.8123977416753085, ""synthetic_source_record_counts"": {""108"": 180, ""109"": 179, ""114"": 179, ""124"": 179, ""201"": 179, ""203"": 179, ""208"": 179, ""215"": 179, ""223"": 179}, ""used"": true, ""wgan_seed"": 2950400}",0.9958584337349398,0.7494663302930332,0.5,0.0,0.0,0.9978653211721328,0.9957397366382649,1.0,2571,2582,1.0,1.0,1.0,3,3,1.0,1.0,1.0,71,71,0.0,0.0,0.0,11,0
HOLDOUT_208,"[""208""]",BASELINE_CE,baseline,"{""config_id"": ""BASELINE_CE"", ""family"": ""baseline"", ""kind"": ""ce""}",8200,318885,15,48053,2951,"{""N"": 44273, ""S"": 942, ""V"": 2796, ""F"": 42}","{""N"": 1585, ""S"": 2, ""V"": 992, ""F"": 372}",0.04167446892898587,134.83846426010132,"[[1538, 42, 5, 0], [2, 0, 0, 0], [13, 11, 968, 0], [249, 4, 119, 0]]","{""sample_weight_max"": 1.0, ""sample_weight_mean"": 1.0, ""sample_weight_min"": 1.0}","{""quality_gate_passed"": null, ""used"": false}",0.849203659776347,0.45929026360811664,0.0,0.0,0.0,0.9081783289046353,0.853496115427303,0.9703470031545741,1585,1802,0.0,0.0,0.0,2,57,0.9289827255278311,0.8864468864468864,0.9758064516129032,992,1092,0.0,0.0,0.0,372,0
HOLDOUT_208,"[""208""]",BASELINE_CE,baseline,"{""config_id"": ""BASELINE_CE"", ""family"": ""baseline"", ""kind"": ""ce""}",8201,318885,15,48053,2951,"{""N"": 44273, ""S"": 942, ""V"": 2796, ""F"": 42}","{""N"": 1585, ""S"": 2, ""V"": 992, ""F"": 372}",0.04469242288268167,136.61103129386902,"[[1566, 15, 4, 0], [2, 0, 0, 0], [39, 24, 929, 0], [248, 2, 122, 0]]","{""sample_weight_max"": 1.0, ""sample_weight_mean"": 1.0, ""sample_weight_min"": 1.0}","{""quality_gate_passed"": null, ""used"": false}",0.8454761097932905,0.45453371922609376,0.0,0.0,0.0,0.9104651162790698,0.8442048517520215,0.98801261829653,1585,1855,0.0,0.0,0.0,2,41,0.9076697606253054,0.8805687203791469,0.936491935483871,992,1055,0.0,0.0,0.0,372,0
HOLDOUT_208,"[""208""]",BASELINE_CE,baseline,"{""config_id"": ""BASELINE_CE"", ""family"": ""baseline"", ""kind"": ""ce""}",8202,318885,15,48053,2951,"{""N"": 44273, ""S"": 942, ""V"": 2796, ""F"": 42}","{""N"": 1585, ""S"": 2, ""V"": 992, ""F"": 372}",0.03994614353827257,137.15667366981506,"[[1544, 35, 6, 0], [2, 0, 0, 0], [15, 66, 911, 0], [241, 6, 125, 0]]","{""sample_weight_max"": 1.0, ""sample_weight_mean"": 1.0, ""sample_weight_min"": 1.0}","{""quality_gate_passed"": null, ""used"": false}",0.8319213825821755,0.4518732913369094,0.0,0.0,0.0,0.9117212872748746,0.8568257491675916,0.9741324921135647,1585,1802,0.0,0.0,0.0,2,107,0.895771878072763,0.8742802303262955,0.9183467741935484,992,1042,0.0,0.0,0.0,372,0
HOLDOUT_208,"[""208""]",BASELINE_CE,baseline,"{""config_id"": ""BASELINE_CE"", ""family"": ""baseline"", ""kind"": ""ce""}",8203,318885,15,48053,2951,"{""N"": 44273, ""S"": 942, ""V"": 2796, ""F"": 42}","{""N"": 1585, ""S"": 2, ""V"": 992, ""F"": 372}",0.057898749907088085,138.07949328422546,"[[1564, 17, 4, 0], [2, 0, 0, 0], [57, 9, 926, 0], [292, 0, 80, 0]]","{""sample_weight_max"": 1.0, ""sample_weight_mean"": 1.0, ""sample_weight_min"": 1.0}","{""quality_gate_passed"": null, ""used"": false}",0.843781768891901,0.4546973026973027,0.0,0.0,0.0,0.8937142857142857,0.816710182767624,0.9867507886435332,1585,1915,0.0,0.0,0.0,2,26,0.9250749250749251,0.9168316831683169,0.9334677419354839,992,1010,0.0,0.0,0.0,372,0
HOLDOUT_208,"[""208""]",BASELINE_CE,baseline,"{""config_id"": ""BASELINE_CE"", ""family"": ""baseline"", ""kind"": ""ce""}",8204,318885,15,48053,2951,"{""N"": 44273, ""S"": 942, ""V"": 2796, ""F"": 42}","{""N"": 1585, ""S"": 2, ""V"": 992, ""F"": 372}",0.04523053699679618,136.6999855041504,"[[1547, 35, 3, 0], [2, 0, 0, 0], [13, 34, 945, 0], [224, 4, 144, 0]]","{""sample_weight_max"": 1.0, ""sample_weight_mean"": 1.0, ""sample_weight_min"": 1.0}","{""quality_gate_passed"": null, ""used"": false}",0.8444595052524568,0.45618458159837977,0.0,0.0,0.0,0.9178285375259567,0.8661814109742442,0.97602523659306,1585,1786,0.0,0.0,0.0,2,73,0.9069097888675623,0.8653846153846154,0.9526209677419355,992,1092,0.0,0.0,0.0,372,0
HOLDOUT_208,"[""208""]",FOCAL_A025_G3,focal,"{""alpha_power"": 0.25, ""config_id"": ""FOCAL_A025_G3"", ""family"": ""focal"", ""gamma"": 3.0, ""kind"": ""focal""}",8200,318885,15,48053,2951,"{""N"": 44273, ""S"": 942, ""V"": 2796, ""F"": 42}","{""N"": 1585, ""S"": 2, ""V"": 992, ""F"": 372}",0.012598713245053718,135.27098989486694,"[[1513, 64, 8, 0], [2, 0, 0, 0], [8, 59, 925, 0], [200, 1, 171, 0]]","{""sample_weight_max"": 1.0, ""sample_weight_mean"": 1.0, ""sample_weight_min"": 1.0}","{""quality_gate_passed"": null, ""used"": false}",0.8261606235174517,0.44934642596712115,0.0,0.0,0.0,0.914752116082225,0.8781195589088798,0.9545741324921135,1585,1723,0.0,0.0,0.0,2,124,0.8826335877862596,0.8378623188405797,0.9324596774193549,992,1104,0.0,0.0,0.0,372,0
HOLDOUT_208,"[""208""]",FOCAL_A025_G3,focal,"{""alpha_power"": 0.25, ""config_id"": ""FOCAL_A025_G3"", ""family"": ""focal"", ""gamma"": 3.0, ""kind"": ""focal""}",8201,318885,15,48053,2951,"{""N"": 44273, ""S"": 942, ""V"": 2796, ""F"": 42}","{""N"": 1585, ""S"": 2, ""V"": 992, ""F"": 372}",0.010043587555267727,138.17673778533936,"[[1554, 25, 3, 3], [2, 0, 0, 0], [6, 6, 980, 0], [214, 0, 136, 22]]","{""sample_weight_max"": 1.0, ""sample_weight_mean"": 1.0, ""sample_weight_min"": 1.0}","{""quality_gate_passed"": null, ""used"": false}",0.8661470687902406,0.4910064845041906,0.055415617128463476,0.0,0.0,0.9247247842903897,0.875,0.9804416403785489,1585,1776,0.0,0.0,0.0,2,31,0.9284699194694458,0.8757819481680071,0.9879032258064516,992,1119,0.11083123425692695,0.88,0.05913978494623656,372,25
HOLDOUT_208,"[""208""]",FOCAL_A025_G3,focal,"{""alpha_power"": 0.25, ""config_id"": ""FOCAL_A025_G3"", ""family"": ""focal"", ""gamma"": 3.0, ""kind"": ""focal""}",8202,318885,15,48053,2951,"{""N"": 44273, ""S"": 942, ""V"": 2796, ""F"": 42}","{""N"": 1585, ""S"": 2, ""V"": 992, ""F"": 372}",0.010516989378318421,137.8816499710083,"[[1555, 26, 4, 0], [2, 0, 0, 0], [11, 53, 928, 0], [217, 2, 153, 0]]","{""sample_weight_max"": 1.0, ""sample_weight_mean"": 1.0, ""sample_weight_min"": 1.0}","{""quality_gate_passed"": null, ""used"": false}",0.8414096916299559,0.4541112995375377,0.0,0.0,0.0,0.9228486646884273,0.8711484593837535,0.9810725552050473,1585,1785,0.0,0.0,0.0,2,81,0.8935965334617236,0.8552995391705069,0.9354838709677419,992,1085,0.0,0.0,0.0,372,0
HOLDOUT_208,"[""208""]",FOCAL_A025_G3,focal,"{""alpha_power"": 0.25, ""config_id"": ""FOCAL_A025_G3"", ""family"": ""focal"", ""gamma"": 3.0, ""kind"": ""focal""}",8203,318885,15,48053,2951,"{""N"": 44273, ""S"": 942, ""V"": 2796, ""F"": 42}","{""N"": 1585, ""S"": 2, ""V"": 992, ""F"": 372}",0.014179068118417213,137.70502018928528,"[[1566, 17, 2, 0], [2, 0, 0, 0], [25, 14, 953, 0], [299, 0, 72, 1]]","{""sample_weight_max"": 1.0, ""sample_weight_mean"": 1.0, ""sample_weight_min"": 1.0}","{""quality_gate_passed"": null, ""used"": false}",0.8539478143002373,0.4625425401620986,0.002680965147453083,0.0,0.0,0.9007765314926661,0.8276955602536998,0.98801261829653,1585,1892,0.0,0.0,0.0,2,31,0.9440316988608222,0.9279454722492697,0.9606854838709677,992,1027,0.005361930294906166,1.0,0.002688172043010753,372,1
HOLDOUT_208,"[""208""]",FOCAL_A025_G3,focal,"{""alpha_power"": 0.25, ""config_id"": ""FOCAL_A025_G3"", ""family"": ""focal"", ""gamma"": 3.0, ""kind"": ""focal""}",8204,318885,15,48053,2951,"{""N"": 44273, ""S"": 942, ""V"": 2796, ""F"": 42}","{""N"": 1585, ""S"": 2, ""V"": 992, ""F"": 372}",0.012894721074090568,137.82671928405762,"[[1556, 22, 6, 1], [2, 0, 0, 0], [13, 5, 974, 0], [235, 0, 123, 14]]","{""sample_weight_max"": 1.0, ""sample_weight_mean"": 1.0, ""sample_weight_min"": 1.0}","{""quality_gate_passed"": null, ""used"": false}",0.8620806506269061,0.4799769355453789,0.03617571059431524,0.0,0.0,0.9177233854320259,0.8615725359911407,0.9817034700315458,1585,1806,0.0,0.0,0.0,2,27,0.9298329355608592,0.8830462375339981,0.9818548387096774,992,1103,0.07235142118863049,0.9333333333333333,0.03763440860215054,372,15
HOLDOUT_208,"[""208""]",F_RECORD_BALANCED_CE_P025,record_balanced,"{""class_weight_power"": 0.25, ""config_id"": ""F_RECORD_BALANCED_CE_P025"", ""family"": ""record_balanced"", ""kind"": ""record_balanced_ce""}",8200,318885,15,48053,2951,"{""N"": 44273, ""S"": 942, ""V"": 2796, ""F"": 42}","{""N"": 1585, ""S"": 2, ""V"": 992, ""F"": 372}",0.10616144634282264,134.43078303337097,"[[1487, 91, 6, 1], [2, 0, 0, 0], [8, 136, 848, 0], [232, 10, 130, 0]]","{""class_alpha"": [0.3536342978477478, 0.9259262084960938, 0.7054314613342285, 2.015007972717285], ""f_record_counts"": {""108"": 2, ""109"": 2, ""114"": 4, ""124"": 5, ""201"": 2, ""203"": 1, ""205"": 11, ""215"": 1, ""223"": 14}, ""f_record_total_weight_after_normalization"": {""108"": 24.312261390244068, ""109"": 24.312261390244068, ""114"": 24.312261390244068, ""124"": 24.312261390244068, ""201"": 24.312261390244068, ""203"": 24.312261390244068, ""205"": 24.312261390244068, ""215"": 24.312261390244068, ""223"": 24.31226139024406}, ""sample_weight_max"": 24.312261390244068, ""sample_weight_mean"": 0.9999999999999997, ""sample_weight_min"": 0.9143157179496422}","{""quality_gate_passed"": null, ""used"": false}",0.7912572009488309,0.4389261359610437,0.0,0.0,0.0,0.8974049487024743,0.8600347021399652,0.9381703470031546,1585,1729,0.0,0.0,0.0,2,237,0.8582995951417004,0.8617886178861789,0.8548387096774194,992,984,0.0,0.0,0.0,372,1
HOLDOUT_208,"[""208""]",F_RECORD_BALANCED_CE_P025,record_balanced,"{""class_weight_power"": 0.25, ""config_id"": ""F_RECORD_BALANCED_CE_P025"", ""family"": ""record_balanced"", ""kind"": ""record_balanced_ce""}",8201,318885,15,48053,2951,"{""N"": 44273, ""S"": 942, ""V"": 2796, ""F"": 42}","{""N"": 1585, ""S"": 2, ""V"": 992, ""F"": 372}",0.07398280466944859,137.12589025497437,"[[1559, 19, 6, 1], [2, 0, 0, 0], [14, 8, 970, 0], [254, 0, 118, 0]]","{""class_alpha"": [0.3536342978477478, 0.9259262084960938, 0.7054314613342285, 2.015007972717285], ""f_record_counts"": {""108"": 2, ""109"": 2, ""114"": 4, ""124"": 5, ""201"": 2, ""203"": 1, ""205"": 11, ""215"": 1, ""223"": 14}, ""f_record_total_weight_after_normalization"": {""108"": 24.312261390244068, ""109"": 24.312261390244068, ""114"": 24.312261390244068, ""124"": 24.312261390244068, ""201"": 24.312261390244068, ""203"": 24.312261390244068, ""205"": 24.312261390244068, ""215"": 24.312261390244068, ""223"": 24.31226139024406}, ""sample_weight_max"": 24.312261390244068, ""sample_weight_mean"": 0.9999999999999997, ""sample_weight_min"": 0.9143157179496422}","{""quality_gate_passed"": null, ""used"": false}",0.856997627922738,0.46082694291903903,0.0,0.0,0.0,0.9132981839484475,0.8523783488244943,0.983596214511041,1585,1829,0.0,0.0,0.0,2,27,0.9300095877277086,0.886654478976234,0.9778225806451613,992,1094,0.0,0.0,0.0,372,1
HOLDOUT_208,"[""208""]",F_RECORD_BALANCED_CE_P025,record_balanced,"{""class_weight_power"": 0.25, ""config_id"": ""F_RECORD_BALANCED_CE_P025"", ""family"": ""record_balanced"", ""kind"": ""record_balanced_ce""}",8202,318885,15,48053,2951,"{""N"": 44273, ""S"": 942, ""V"": 2796, ""F"": 42}","{""N"": 1585, ""S"": 2, ""V"": 992, ""F"": 372}",0.0892606649250809,136.8944969177246,"[[1535, 45, 5, 0], [2, 0, 0, 0], [8, 2, 982, 0], [220, 0, 152, 0]]","{""class_alpha"": [0.3536342978477478, 0.9259262084960938, 0.7054314613342285, 2.015007972717285], ""f_record_counts"": {""108"": 2, ""109"": 2, ""114"": 4, ""124"": 5, ""201"": 2, ""203"": 1, ""205"": 11, ""215"": 1, ""223"": 14}, ""f_record_total_weight_after_normalization"": {""108"": 24.312261390244068, ""109"": 24.312261390244068, ""114"": 24.312261390244068, ""124"": 24.312261390244068, ""201"": 24.312261390244068, ""203"": 24.312261390244068, ""205"": 24.312261390244068, ""215"": 24.312261390244068, ""223"": 24.31226139024406}, ""sample_weight_max"": 24.312261390244068, ""sample_weight_mean"": 0.9999999999999997, ""sample_weight_min"": 0.9143157179496422}","{""quality_gate_passed"": null, ""used"": false}",0.8529312097594036,0.459512736645258,0.0,0.0,0.0,0.9164179104477612,0.8696883852691218,0.9684542586750788,1585,1765,0.0,0.0,0.0,2,47,0.9216330361332707,0.8621597892888498,0.9899193548387096,992,1139,0.0,0.0,0.0,372,0
HOLDOUT_208,"[""208""]",F_RECORD_BALANCED_CE_P025,record_balanced,"{""class_weight_power"": 0.25, ""config_id"": ""F_RECORD_BALANCED_CE_P025"", ""family"": ""record_balanced"", ""kind"": ""record_balanced_ce""}",8203,318885,15,48053,2951,"{""N"": 44273, ""S"": 942, ""V"": 2796, ""F"": 42}","{""N"": 1585, ""S"": 2, ""V"": 992, ""F"": 372}",0.10842033241380666,137.12148332595825,"[[1556, 23, 6, 0], [2, 0, 0, 0], [10, 23, 959, 0], [213, 0, 159, 0]]","{""class_alpha"": [0.3536342978477478, 0.9259262084960938, 0.7054314613342285, 2.015007972717285], ""f_record_counts"": {""108"": 2, ""109"": 2, ""114"": 4, ""124"": 5, ""201"": 2, ""203"": 1, ""205"": 11, ""215"": 1, ""223"": 14}, ""f_record_total_weight_after_normalization"": {""108"": 24.312261390244068, ""109"": 24.312261390244068, ""114"": 24.312261390244068, ""124"": 24.312261390244068, ""201"": 24.312261390244068, ""203"": 24.312261390244068, ""205"": 24.312261390244068, ""215"": 24.312261390244068, ""223"": 24.31226139024406}, ""sample_weight_max"": 24.312261390244068, ""sample_weight_mean"": 0.9999999999999997, ""sample_weight_min"": 0.9143157179496422}","{""quality_gate_passed"": null, ""used"": false}",0.8522534733988478,0.4577416834867074,0.0,0.0,0.0,0.9245395127748068,0.8736664795058956,0.9817034700315458,1585,1781,0.0,0.0,0.0,2,46,0.9064272211720227,0.853202846975089,0.9667338709677419,992,1124,0.0,0.0,0.0,372,0
HOLDOUT_208,"[""208""]",F_RECORD_BALANCED_CE_P025,record_balanced,"{""class_weight_power"": 0.25, ""config_id"": ""F_RECORD_BALANCED_CE_P025"", ""family"": ""record_balanced"", ""kind"": ""record_balanced_ce""}",8204,318885,15,48053,2951,"{""N"": 44273, ""S"": 942, ""V"": 2796, ""F"": 42}","{""N"": 1585, ""S"": 2, ""V"": 992, ""F"": 372}",0.08219501106350617,136.56263184547424,"[[1564, 20, 1, 0], [2, 0, 0, 0], [18, 64, 910, 0], [239, 1, 132, 0]]","{""class_alpha"": [0.3536342978477478, 0.9259262084960938, 0.7054314613342285, 2.015007972717285], ""f_record_counts"": {""108"": 2, ""109"": 2, ""114"": 4, ""124"": 5, ""201"": 2, ""203"": 1, ""205"": 11, ""215"": 1, ""223"": 14}, ""f_record_total_weight_after_normalization"": {""108"": 24.312261390244068, ""109"": 24.312261390244068, ""114"": 24.312261390244068, ""124"": 24.312261390244068, ""201"": 24.312261390244068, ""203"": 24.312261390244068, ""205"": 24.312261390244068, ""215"": 24.312261390244068, ""223"": 24.31226139024406}, ""sample_weight_max"": 24.312261390244068, ""sample_weight_mean"": 0.9999999999999997, ""sample_weight_min"": 0.9143157179496422}","{""quality_gate_passed"": null, ""used"": false}",0.8383598780074552,0.45304731748393723,0.0,0.0,0.0,0.9178403755868545,0.8579264947888097,0.9867507886435332,1585,1823,0.0,0.0,0.0,2,85,0.8943488943488943,0.87248322147651,0.9173387096774194,992,1043,0.0,0.0,0.0,372,0
HOLDOUT_208,"[""208""]",F_RECORD_BALANCED_FOCAL_A025_G3,record_balanced,"{""class_weight_power"": 0.25, ""config_id"": ""F_RECORD_BALANCED_FOCAL_A025_G3"", ""family"": ""record_balanced"", ""gamma"": 3.0, ""kind"": ""record_balanced_focal""}",8200,318885,15,48053,2951,"{""N"": 44273, ""S"": 942, ""V"": 2796, ""F"": 42}","{""N"": 1585, ""S"": 2, ""V"": 992, ""F"": 372}",0.029154711126098125,134.86967301368713,"[[1544, 37, 4, 0], [2, 0, 0, 0], [12, 61, 919, 0], [244, 0, 128, 0]]","{""class_alpha"": [0.3536342978477478, 0.9259262084960938, 0.7054314613342285, 2.015007972717285], ""f_record_counts"": {""108"": 2, ""109"": 2, ""114"": 4, ""124"": 5, ""201"": 2, ""203"": 1, ""205"": 11, ""215"": 1, ""223"": 14}, ""f_record_total_weight_after_normalization"": {""108"": 24.312261390244068, ""109"": 24.312261390244068, ""114"": 24.312261390244068, ""124"": 24.312261390244068, ""201"": 24.312261390244068, ""203"": 24.312261390244068, ""205"": 24.312261390244068, ""215"": 24.312261390244068, ""223"": 24.31226139024406}, ""sample_weight_max"": 24.312261390244068, ""sample_weight_mean"": 0.9999999999999997, ""sample_weight_min"": 0.9143157179496422}","{""quality_gate_passed"": null, ""used"": false}",0.8346323280243985,0.4528446634731484,0.0,0.0,0.0,0.9117212872748746,0.8568257491675916,0.9741324921135647,1585,1802,0.0,0.0,0.0,2,98,0.899657366617719,0.8744053282588011,0.9264112903225806,992,1051,0.0,0.0,0.0,372,0
HOLDOUT_208,"[""208""]",F_RECORD_BALANCED_FOCAL_A025_G3,record_balanced,"{""class_weight_power"": 0.25, ""config_id"": ""F_RECORD_BALANCED_FOCAL_A025_G3"", ""family"": ""record_balanced"", ""gamma"": 3.0, ""kind"": ""record_balanced_focal""}",8201,318885,15,48053,2951,"{""N"": 44273, ""S"": 942, ""V"": 2796, ""F"": 42}","{""N"": 1585, ""S"": 2, ""V"": 992, ""F"": 372}",0.026558872473056612,138.32386994361877,"[[1546, 33, 5, 1], [2, 0, 0, 0], [11, 40, 941, 0], [268, 2, 102, 0]]","{""class_alpha"": [0.3536342978477478, 0.9259262084960938, 0.7054314613342285, 2.015007972717285], ""f_record_counts"": {""108"": 2, ""109"": 2, ""114"": 4, ""124"": 5, ""201"": 2, ""203"": 1, ""205"": 11, ""215"": 1, ""223"": 14}, ""f_record_total_weight_after_normalization"": {""108"": 24.312261390244068, ""109"": 24.312261390244068, ""114"": 24.312261390244068, ""124"": 24.312261390244068, ""201"": 24.312261390244068, ""203"": 24.312261390244068, ""205"": 24.312261390244068, ""215"": 24.312261390244068, ""223"": 24.31226139024406}, ""sample_weight_max"": 24.312261390244068, ""sample_weight_mean"": 0.9999999999999997, ""sample_weight_min"": 0.9143157179496422}","{""quality_gate_passed"": null, ""used"": false}",0.8427651643510674,0.4571905960508471,0.0,0.0,0.0,0.9062133645955451,0.8461959496442255,0.9753943217665615,1585,1827,0.0,0.0,0.0,2,75,0.9225490196078432,0.8979007633587787,0.9485887096774194,992,1048,0.0,0.0,0.0,372,1
HOLDOUT_208,"[""208""]",F_RECORD_BALANCED_FOCAL_A025_G3,record_balanced,"{""class_weight_power"": 0.25, ""config_id"": ""F_RECORD_BALANCED_FOCAL_A025_G3"", ""family"": ""record_balanced"", ""gamma"": 3.0, ""kind"": ""record_balanced_focal""}",8202,318885,15,48053,2951,"{""N"": 44273, ""S"": 942, ""V"": 2796, ""F"": 42}","{""N"": 1585, ""S"": 2, ""V"": 992, ""F"": 372}",0.029423279740156905,137.41582417488098,"[[1557, 27, 1, 0], [2, 0, 0, 0], [10, 40, 942, 0], [277, 0, 95, 0]]","{""class_alpha"": [0.3536342978477478, 0.9259262084960938, 0.7054314613342285, 2.015007972717285], ""f_record_counts"": {""108"": 2, ""109"": 2, ""114"": 4, ""124"": 5, ""201"": 2, ""203"": 1, ""205"": 11, ""215"": 1, ""223"": 14}, ""f_record_total_weight_after_normalization"": {""108"": 24.312261390244068, ""109"": 24.312261390244068, ""114"": 24.312261390244068, ""124"": 24.312261390244068, ""201"": 24.312261390244068, ""203"": 24.312261390244068, ""205"": 24.312261390244068, ""215"": 24.312261390244068, ""223"": 24.31226139024406}, ""sample_weight_max"": 24.312261390244068, ""sample_weight_mean"": 0.9999999999999997, ""sample_weight_min"": 0.9143157179496422}","{""quality_gate_passed"": null, ""used"": false}",0.8468315825144019,0.4589214823408132,0.0,0.0,0.0,0.9076071116292626,0.843445287107259,0.9823343848580441,1585,1846,0.0,0.0,0.0,2,67,0.9280788177339901,0.9075144508670521,0.9495967741935484,992,1038,0.0,0.0,0.0,372,0
HOLDOUT_208,"[""208""]",F_RECORD_BALANCED_FOCAL_A025_G3,record_balanced,"{""class_weight_power"": 0.25, ""config_id"": ""F_RECORD_BALANCED_FOCAL_A025_G3"", ""family"": ""record_balanced"", ""gamma"": 3.0, ""kind"": ""record_balanced_focal""}",8203,318885,15,48053,2951,"{""N"": 44273, ""S"": 942, ""V"": 2796, ""F"": 42}","{""N"": 1585, ""S"": 2, ""V"": 992, ""F"": 372}",0.04925803930982923,136.99714708328247,"[[1569, 15, 1, 0], [2, 0, 0, 0], [15, 1, 976, 0], [263, 0, 109, 0]]","{""class_alpha"": [0.3536342978477478, 0.9259262084960938, 0.7054314613342285, 2.015007972717285], ""f_record_counts"": {""108"": 2, ""109"": 2, ""114"": 4, ""124"": 5, ""201"": 2, ""203"": 1, ""205"": 11, ""215"": 1, ""223"": 14}, ""f_record_total_weight_after_normalization"": {""108"": 24.312261390244068, ""109"": 24.312261390244068, ""114"": 24.312261390244068, ""124"": 24.312261390244068, ""201"": 24.312261390244068, ""203"": 24.312261390244068, ""205"": 24.312261390244068, ""215"": 24.312261390244068, ""223"": 24.31226139024406}, ""sample_weight_max"": 24.312261390244068, ""sample_weight_mean"": 0.9999999999999997, ""sample_weight_min"": 0.9143157179496422}","{""quality_gate_passed"": null, ""used"": false}",0.862419518807184,0.46329197971034153,0.0,0.0,0.0,0.9138031450203844,0.848566792861006,0.9899053627760253,1585,1849,0.0,0.0,0.0,2,16,0.9393647738209817,0.8987108655616943,0.9838709677419355,992,1086,0.0,0.0,0.0,372,0
HOLDOUT_208,"[""208""]",F_RECORD_BALANCED_FOCAL_A025_G3,record_balanced,"{""class_weight_power"": 0.25, ""config_id"": ""F_RECORD_BALANCED_FOCAL_A025_G3"", ""family"": ""record_balanced"", ""gamma"": 3.0, ""kind"": ""record_balanced_focal""}",8204,318885,15,48053,2951,"{""N"": 44273, ""S"": 942, ""V"": 2796, ""F"": 42}","{""N"": 1585, ""S"": 2, ""V"": 992, ""F"": 372}",0.030102452781369485,136.97329378128052,"[[1555, 18, 12, 0], [2, 0, 0, 0], [14, 0, 978, 0], [212, 1, 159, 0]]","{""class_alpha"": [0.3536342978477478, 0.9259262084960938, 0.7054314613342285, 2.015007972717285], ""f_record_counts"": {""108"": 2, ""109"": 2, ""114"": 4, ""124"": 5, ""201"": 2, ""203"": 1, ""205"": 11, ""215"": 1, ""223"": 14}, ""f_record_total_weight_after_normalization"": {""108"": 24.312261390244068, ""109"": 24.312261390244068, ""114"": 24.312261390244068, ""124"": 24.312261390244068, ""201"": 24.312261390244068, ""203"": 24.312261390244068, ""205"": 24.312261390244068, ""215"": 24.312261390244068, ""223"": 24.31226139024406}, ""sample_weight_max"": 24.312261390244068, ""sample_weight_mean"": 0.9999999999999997, ""sample_weight_min"": 0.9143157179496422}","{""quality_gate_passed"": null, ""used"": false}",0.8583531006438495,0.45924711353164827,0.0,0.0,0.0,0.9233966745843231,0.8721256309590578,0.9810725552050473,1585,1783,0.0,0.0,0.0,2,19,0.91359177954227,0.8511749347258486,0.9858870967741935,992,1149,0.0,0.0,0.0,372,0
HOLDOUT_208,"[""208""]",WGAN_F_RECORD_BALANCED_X10,wgan_f_record_balanced,"{""config_id"": ""WGAN_F_RECORD_BALANCED_X10"", ""family"": ""wgan_f_record_balanced"", ""kind"": ""wgan_f_record_balanced"", ""wgan_factor"": 10}",8200,318885,15,48431,2951,"{""N"": 44273, ""S"": 942, ""V"": 2796, ""F"": 42}","{""N"": 1585, ""S"": 2, ""V"": 992, ""F"": 372}",0.051240956494117175,138.3963713645935,"[[1551, 27, 7, 0], [2, 0, 0, 0], [5, 21, 966, 0], [203, 0, 169, 0]]","{""sample_weight_max"": 1.0, ""sample_weight_mean"": 1.0, ""sample_weight_min"": 1.0}","{""factor"": 10, ""generated_self_to_real_nn_ratio"": 5.238507682419878, ""max_pool_size"": 798, ""n_synthetic_f"": 378, ""quality_attempt"": 3, ""quality_gate_passed"": false, ""selected_to_real_nn_ratio"": 6.063393831230912, ""synthetic_source_record_counts"": {""108"": 42, ""109"": 42, ""114"": 42, ""124"": 42, ""201"": 42, ""203"": 42, ""205"": 42, ""215"": 42, ""223"": 42}, ""used"": true, ""wgan_seed"": 2950000}",0.8529312097594036,0.4581047968983094,0.0,0.0,0.0,0.9270771069934249,0.8807495741056218,0.9785488958990536,1585,1761,0.0,0.0,0.0,2,48,0.9053420805998126,0.8458844133099825,0.9737903225806451,992,1142,0.0,0.0,0.0,372,0
HOLDOUT_208,"[""208""]",WGAN_F_RECORD_BALANCED_X10,wgan_f_record_balanced,"{""config_id"": ""WGAN_F_RECORD_BALANCED_X10"", ""family"": ""wgan_f_record_balanced"", ""kind"": ""wgan_f_record_balanced"", ""wgan_factor"": 10}",8201,318885,15,48431,2951,"{""N"": 44273, ""S"": 942, ""V"": 2796, ""F"": 42}","{""N"": 1585, ""S"": 2, ""V"": 992, ""F"": 372}",0.04064429309105321,137.68237376213074,"[[1562, 18, 4, 1], [2, 0, 0, 0], [24, 90, 878, 0], [238, 2, 132, 0]]","{""sample_weight_max"": 1.0, ""sample_weight_mean"": 1.0, ""sample_weight_min"": 1.0}","{""factor"": 10, ""generated_self_to_real_nn_ratio"": 4.869055700740802, ""max_pool_size"": 798, ""n_synthetic_f"": 378, ""quality_attempt"": 3, ""quality_gate_passed"": false, ""selected_to_real_nn_ratio"": 5.8093198060162035, ""synthetic_source_record_counts"": {""108"": 42, ""109"": 42, ""114"": 42, ""124"": 42, ""201"": 42, ""203"": 42, ""205"": 42, ""215"": 42, ""223"": 42}, ""used"": true, ""wgan_seed"": 2950100}",0.8268383598780075,0.44780858246135236,0.0,0.0,0.0,0.9158604514805042,0.8554216867469879,0.9854889589905362,1585,1826,0.0,0.0,0.0,2,110,0.8753738783649053,0.8658777120315582,0.8850806451612904,992,1014,0.0,0.0,0.0,372,1
HOLDOUT_208,"[""208""]",WGAN_F_RECORD_BALANCED_X10,wgan_f_record_balanced,"{""config_id"": ""WGAN_F_RECORD_BALANCED_X10"", ""family"": ""wgan_f_record_balanced"", ""kind"": ""wgan_f_record_balanced"", ""wgan_factor"": 10}",8202,318885,15,48431,2951,"{""N"": 44273, ""S"": 942, ""V"": 2796, ""F"": 42}","{""N"": 1585, ""S"": 2, ""V"": 992, ""F"": 372}",0.04165306186400074,137.8638083934784,"[[1554, 24, 6, 1], [2, 0, 0, 0], [9, 126, 857, 0], [229, 13, 130, 0]]","{""sample_weight_max"": 1.0, ""sample_weight_mean"": 1.0, ""sample_weight_min"": 1.0}","{""factor"": 10, ""generated_self_to_real_nn_ratio"": 4.6435106032813716, ""max_pool_size"": 798, ""n_synthetic_f"": 378, ""quality_attempt"": 1, ""quality_gate_passed"": false, ""selected_to_real_nn_ratio"": 5.591015044830839, ""synthetic_source_record_counts"": {""108"": 42, ""109"": 42, ""114"": 42, ""124"": 42, ""201"": 42, ""203"": 42, ""205"": 42, ""215"": 42, ""223"": 42}, ""used"": true, ""wgan_seed"": 2930200}",0.8170111826499492,0.4458187068894185,0.0,0.0,0.0,0.9197987570287067,0.8662207357859532,0.9804416403785489,1585,1794,0.0,0.0,0.0,2,163,0.8634760705289672,0.8630412890231621,0.8639112903225806,992,993,0.0,0.0,0.0,372,1
HOLDOUT_208,"[""208""]",WGAN_F_RECORD_BALANCED_X10,wgan_f_record_balanced,"{""config_id"": ""WGAN_F_RECORD_BALANCED_X10"", ""family"": ""wgan_f_record_balanced"", ""kind"": ""wgan_f_record_balanced"", ""wgan_factor"": 10}",8203,318885,15,48431,2951,"{""N"": 44273, ""S"": 942, ""V"": 2796, ""F"": 42}","{""N"": 1585, ""S"": 2, ""V"": 992, ""F"": 372}",0.04222797748434039,137.1383900642395,"[[1529, 53, 3, 0], [2, 0, 0, 0], [11, 12, 969, 0], [240, 4, 128, 0]]","{""sample_weight_max"": 1.0, ""sample_weight_mean"": 1.0, ""sample_weight_min"": 1.0}","{""factor"": 10, ""generated_self_to_real_nn_ratio"": 4.674342935286643, ""max_pool_size"": 798, ""n_synthetic_f"": 378, ""quality_attempt"": 1, ""quality_gate_passed"": false, ""selected_to_real_nn_ratio"": 5.47817047436749, ""synthetic_source_record_counts"": {""108"": 42, ""109"": 42, ""114"": 42, ""124"": 42, ""201"": 42, ""203"": 42, ""205"": 42, ""215"": 42, ""223"": 42}, ""used"": true, ""wgan_seed"": 2930300}",0.846492714334124,0.45865328537412664,0.0,0.0,0.0,0.9082269082269082,0.8580246913580247,0.9646687697160883,1585,1782,0.0,0.0,0.0,2,69,0.9263862332695985,0.8809090909090909,0.9768145161290323,992,1100,0.0,0.0,0.0,372,0
HOLDOUT_208,"[""208""]",WGAN_F_RECORD_BALANCED_X10,wgan_f_record_balanced,"{""config_id"": ""WGAN_F_RECORD_BALANCED_X10"", ""family"": ""wgan_f_record_balanced"", ""kind"": ""wgan_f_record_balanced"", ""wgan_factor"": 10}",8204,318885,15,48431,2951,"{""N"": 44273, ""S"": 942, ""V"": 2796, ""F"": 42}","{""N"": 1585, ""S"": 2, ""V"": 992, ""F"": 372}",0.042481462019981625,140.17530155181885,"[[1556, 21, 6, 2], [2, 0, 0, 0], [67, 157, 768, 0], [243, 4, 125, 0]]","{""sample_weight_max"": 1.0, ""sample_weight_mean"": 1.0, ""sample_weight_min"": 1.0}","{""factor"": 10, ""generated_self_to_real_nn_ratio"": 4.8848603106554185, ""max_pool_size"": 798, ""n_synthetic_f"": 378, ""quality_attempt"": 2, ""quality_gate_passed"": false, ""selected_to_real_nn_ratio"": 5.658327532678516, ""synthetic_source_record_counts"": {""108"": 42, ""109"": 42, ""114"": 42, ""124"": 42, ""201"": 42, ""203"": 42, ""205"": 42, ""215"": 42, ""223"": 42}, ""used"": true, ""wgan_seed"": 2940400}",0.7875296509657743,0.42837848371950416,0.0,0.0,0.0,0.9012452939472922,0.8329764453961456,0.9817034700315458,1585,1868,0.0,0.0,0.0,2,182,0.8122686409307245,0.8542825361512792,0.7741935483870968,992,899,0.0,0.0,0.0,372,2
HOLDOUT_208,"[""208""]",WGAN_F_RECORD_BALANCED_X20,wgan_f_record_balanced,"{""config_id"": ""WGAN_F_RECORD_BALANCED_X20"", ""family"": ""wgan_f_record_balanced"", ""kind"": ""wgan_f_record_balanced"", ""wgan_factor"": 20}",8200,318885,15,48851,2951,"{""N"": 44273, ""S"": 942, ""V"": 2796, ""F"": 42}","{""N"": 1585, ""S"": 2, ""V"": 992, ""F"": 372}",0.05404615059611692,139.9979875087738,"[[1565, 14, 5, 1], [2, 0, 0, 0], [13, 58, 921, 0], [271, 0, 101, 0]]","{""sample_weight_max"": 1.0, ""sample_weight_mean"": 1.0, ""sample_weight_min"": 1.0}","{""factor"": 20, ""generated_self_to_real_nn_ratio"": 5.238507682419878, ""max_pool_size"": 798, ""n_synthetic_f"": 798, ""quality_attempt"": 3, ""quality_gate_passed"": false, ""selected_to_real_nn_ratio"": 6.063393831230912, ""synthetic_source_record_counts"": {""108"": 84, ""109"": 89, ""114"": 89, ""124"": 94, ""201"": 89, ""203"": 89, ""205"": 88, ""215"": 88, ""223"": 88}, ""used"": true, ""wgan_seed"": 2950000}",0.8424262961707896,0.455818948741323,0.0,0.0,0.0,0.9109429569266589,0.8454889249054565,0.9873817034700315,1585,1851,0.0,0.0,0.0,2,72,0.912332838038633,0.8967867575462513,0.9284274193548387,992,1027,0.0,0.0,0.0,372,1
HOLDOUT_208,"[""208""]",WGAN_F_RECORD_BALANCED_X20,wgan_f_record_balanced,"{""config_id"": ""WGAN_F_RECORD_BALANCED_X20"", ""family"": ""wgan_f_record_balanced"", ""kind"": ""wgan_f_record_balanced"", ""wgan_factor"": 20}",8201,318885,15,48851,2951,"{""N"": 44273, ""S"": 942, ""V"": 2796, ""F"": 42}","{""N"": 1585, ""S"": 2, ""V"": 992, ""F"": 372}",0.04089404493234339,139.67603659629822,"[[1564, 17, 3, 1], [2, 0, 0, 0], [14, 35, 943, 0], [237, 0, 135, 0]]","{""sample_weight_max"": 1.0, ""sample_weight_mean"": 1.0, ""sample_weight_min"": 1.0}","{""factor"": 20, ""generated_self_to_real_nn_ratio"": 4.869055700740802, ""max_pool_size"": 798, ""n_synthetic_f"": 798, ""quality_attempt"": 3, ""quality_gate_passed"": false, ""selected_to_real_nn_ratio"": 5.8093198060162035, ""synthetic_source_record_counts"": {""108"": 84, ""109"": 89, ""114"": 89, ""124"": 100, ""201"": 89, ""203"": 51, ""205"": 88, ""215"": 88, ""223"": 120}, ""used"": true, ""wgan_seed"": 2950100}",0.8495425279566249,0.4573129282085706,0.0,0.0,0.0,0.9194591416813639,0.8607594936708861,0.9867507886435332,1585,1817,0.0,0.0,0.0,2,52,0.9097925711529185,0.8723404255319149,0.9506048387096774,992,1081,0.0,0.0,0.0,372,1
HOLDOUT_208,"[""208""]",WGAN_F_RECORD_BALANCED_X20,wgan_f_record_balanced,"{""config_id"": ""WGAN_F_RECORD_BALANCED_X20"", ""family"": ""wgan_f_record_balanced"", ""kind"": ""wgan_f_record_balanced"", ""wgan_factor"": 20}",8202,318885,15,48851,2951,"{""N"": 44273, ""S"": 942, ""V"": 2796, ""F"": 42}","{""N"": 1585, ""S"": 2, ""V"": 992, ""F"": 372}",0.04855796696587877,139.59745931625366,"[[1543, 35, 6, 1], [2, 0, 0, 0], [28, 41, 923, 0], [224, 4, 144, 0]]","{""sample_weight_max"": 1.0, ""sample_weight_mean"": 1.0, ""sample_weight_min"": 1.0}","{""factor"": 20, ""generated_self_to_real_nn_ratio"": 4.6435106032813716, ""max_pool_size"": 798, ""n_synthetic_f"": 798, ""quality_attempt"": 1, ""quality_gate_passed"": false, ""selected_to_real_nn_ratio"": 5.591015044830839, ""synthetic_source_record_counts"": {""108"": 69, ""109"": 89, ""114"": 45, ""124"": 105, ""201"": 131, ""203"": 60, ""205"": 88, ""215"": 88, ""223"": 123}, ""used"": true, ""wgan_seed"": 2930200}",0.8356489325652321,0.45160613875194555,0.0,0.0,0.0,0.9124778237729154,0.8586533110740122,0.9735015772870662,1585,1797,0.0,0.0,0.0,2,80,0.8939467312348668,0.8602050326188257,0.9304435483870968,992,1073,0.0,0.0,0.0,372,1
HOLDOUT_208,"[""208""]",WGAN_F_RECORD_BALANCED_X20,wgan_f_record_balanced,"{""config_id"": ""WGAN_F_RECORD_BALANCED_X20"", ""family"": ""wgan_f_record_balanced"", ""kind"": ""wgan_f_record_balanced"", ""wgan_factor"": 20}",8203,318885,15,48851,2951,"{""N"": 44273, ""S"": 942, ""V"": 2796, ""F"": 42}","{""N"": 1585, ""S"": 2, ""V"": 992, ""F"": 372}",0.04087050313172534,139.3731803894043,"[[1564, 15, 4, 2], [2, 0, 0, 0], [9, 47, 935, 1], [284, 4, 84, 0]]","{""sample_weight_max"": 1.0, ""sample_weight_mean"": 1.0, ""sample_weight_min"": 1.0}","{""factor"": 20, ""generated_self_to_real_nn_ratio"": 4.674342935286643, ""max_pool_size"": 798, ""n_synthetic_f"": 798, ""quality_attempt"": 1, ""quality_gate_passed"": false, ""selected_to_real_nn_ratio"": 5.47817047436749, ""synthetic_source_record_counts"": {""108"": 89, ""109"": 89, ""114"": 98, ""124"": 89, ""201"": 89, ""203"": 59, ""205"": 88, ""215"": 88, ""223"": 109}, ""used"": true, ""wgan_seed"": 2930300}",0.8468315825144019,0.45907148188816166,0.0,0.0,0.0,0.908246225319396,0.841312533620226,0.9867507886435332,1585,1859,0.0,0.0,0.0,2,66,0.9280397022332506,0.9139784946236559,0.9425403225806451,992,1023,0.0,0.0,0.0,372,3
HOLDOUT_208,"[""208""]",WGAN_F_RECORD_BALANCED_X20,wgan_f_record_balanced,"{""config_id"": ""WGAN_F_RECORD_BALANCED_X20"", ""family"": ""wgan_f_record_balanced"", ""kind"": ""wgan_f_record_balanced"", ""wgan_factor"": 20}",8204,318885,15,48851,2951,"{""N"": 44273, ""S"": 942, ""V"": 2796, ""F"": 42}","{""N"": 1585, ""S"": 2, ""V"": 992, ""F"": 372}",0.04118738413976715,141.34917068481445,"[[1555, 24, 5, 1], [2, 0, 0, 0], [41, 30, 921, 0], [280, 4, 88, 0]]","{""sample_weight_max"": 1.0, ""sample_weight_mean"": 1.0, ""sample_weight_min"": 1.0}","{""factor"": 20, ""generated_self_to_real_nn_ratio"": 4.8848603106554185, ""max_pool_size"": 798, ""n_synthetic_f"": 798, ""quality_attempt"": 2, ""quality_gate_passed"": false, ""selected_to_real_nn_ratio"": 5.658327532678516, ""synthetic_source_record_counts"": {""108"": 88, ""109"": 89, ""114"": 89, ""124"": 89, ""201"": 89, ""203"": 55, ""205"": 88, ""215"": 88, ""223"": 123}, ""used"": true, ""wgan_seed"": 2940400}",0.8390376143680108,0.4540776313853703,0.0,0.0,0.0,0.8980652613341034,0.8280085197018104,0.9810725552050473,1585,1878,0.0,0.0,0.0,2,58,0.9182452642073778,0.908284023668639,0.9284274193548387,992,1014,0.0,0.0,0.0,372,1
HOLDOUT_208,"[""208""]",WGAN_F_RECORD_BALANCED_X5,wgan_f_record_balanced,"{""config_id"": ""WGAN_F_RECORD_BALANCED_X5"", ""family"": ""wgan_f_record_balanced"", ""kind"": ""wgan_f_record_balanced"", ""wgan_factor"": 5}",8200,318885,15,48221,2951,"{""N"": 44273, ""S"": 942, ""V"": 2796, ""F"": 42}","{""N"": 1585, ""S"": 2, ""V"": 992, ""F"": 372}",0.055895331174789696,136.68790769577026,"[[1557, 21, 6, 1], [2, 0, 0, 0], [19, 101, 872, 0], [247, 1, 124, 0]]","{""sample_weight_max"": 1.0, ""sample_weight_mean"": 1.0, ""sample_weight_min"": 1.0}","{""factor"": 5, ""generated_self_to_real_nn_ratio"": 5.238507682419878, ""max_pool_size"": 798, ""n_synthetic_f"": 168, ""quality_attempt"": 3, ""quality_gate_passed"": false, ""selected_to_real_nn_ratio"": 6.063393831230912, ""synthetic_source_record_counts"": {""108"": 19, ""109"": 19, ""114"": 19, ""124"": 19, ""201"": 19, ""203"": 19, ""205"": 18, ""215"": 18, ""223"": 18}, ""used"": true, ""wgan_seed"": 2950000}",0.8231108098949509,0.44695508813831525,0.0,0.0,0.0,0.9131964809384164,0.8531506849315068,0.9823343848580441,1585,1825,0.0,0.0,0.0,2,123,0.8746238716148446,0.8702594810379242,0.8790322580645161,992,1002,0.0,0.0,0.0,372,1
HOLDOUT_208,"[""208""]",WGAN_F_RECORD_BALANCED_X5,wgan_f_record_balanced,"{""config_id"": ""WGAN_F_RECORD_BALANCED_X5"", ""family"": ""wgan_f_record_balanced"", ""kind"": ""wgan_f_record_balanced"", ""wgan_factor"": 5}",8201,318885,15,48221,2951,"{""N"": 44273, ""S"": 942, ""V"": 2796, ""F"": 42}","{""N"": 1585, ""S"": 2, ""V"": 992, ""F"": 372}",0.040823230308984514,137.41321921348572,"[[1549, 28, 6, 2], [2, 0, 0, 0], [28, 36, 928, 0], [272, 1, 99, 0]]","{""sample_weight_max"": 1.0, ""sample_weight_mean"": 1.0, ""sample_weight_min"": 1.0}","{""factor"": 5, ""generated_self_to_real_nn_ratio"": 4.869055700740802, ""max_pool_size"": 798, ""n_synthetic_f"": 168, ""quality_attempt"": 3, ""quality_gate_passed"": false, ""selected_to_real_nn_ratio"": 5.8093198060162035, ""synthetic_source_record_counts"": {""108"": 19, ""109"": 19, ""114"": 19, ""124"": 19, ""201"": 19, ""203"": 19, ""205"": 18, ""215"": 18, ""223"": 18}, ""used"": true, ""wgan_seed"": 2950100}",0.8393764825482887,0.4545432529930008,0.0,0.0,0.0,0.9016298020954598,0.8368449486763911,0.9772870662460568,1585,1851,0.0,0.0,0.0,2,65,0.9165432098765433,0.8983543078412392,0.9354838709677419,992,1033,0.0,0.0,0.0,372,2
HOLDOUT_208,"[""208""]",WGAN_F_RECORD_BALANCED_X5,wgan_f_record_balanced,"{""config_id"": ""WGAN_F_RECORD_BALANCED_X5"", ""family"": ""wgan_f_record_balanced"", ""kind"": ""wgan_f_record_balanced"", ""wgan_factor"": 5}",8202,318885,15,48221,2951,"{""N"": 44273, ""S"": 942, ""V"": 2796, ""F"": 42}","{""N"": 1585, ""S"": 2, ""V"": 992, ""F"": 372}",0.04722488499133828,136.7098081111908,"[[1567, 16, 1, 1], [2, 0, 0, 0], [14, 41, 937, 0], [263, 2, 107, 0]]","{""sample_weight_max"": 1.0, ""sample_weight_mean"": 1.0, ""sample_weight_min"": 1.0}","{""factor"": 5, ""generated_self_to_real_nn_ratio"": 4.6435106032813716, ""max_pool_size"": 798, ""n_synthetic_f"": 168, ""quality_attempt"": 1, ""quality_gate_passed"": false, ""selected_to_real_nn_ratio"": 5.591015044830839, ""synthetic_source_record_counts"": {""108"": 19, ""109"": 19, ""114"": 19, ""124"": 19, ""201"": 19, ""203"": 19, ""205"": 18, ""215"": 18, ""223"": 18}, ""used"": true, ""wgan_seed"": 2930200}",0.8485259234157913,0.45835416980555155,0.0,0.0,0.0,0.9134363159428738,0.8488624052004333,0.9886435331230284,1585,1846,0.0,0.0,0.0,2,59,0.9199803632793323,0.8966507177033493,0.9445564516129032,992,1045,0.0,0.0,0.0,372,1
HOLDOUT_208,"[""208""]",WGAN_F_RECORD_BALANCED_X5,wgan_f_record_balanced,"{""config_id"": ""WGAN_F_RECORD_BALANCED_X5"", ""family"": ""wgan_f_record_balanced"", ""kind"": ""wgan_f_record_balanced"", ""wgan_factor"": 5}",8203,318885,15,48221,2951,"{""N"": 44273, ""S"": 942, ""V"": 2796, ""F"": 42}","{""N"": 1585, ""S"": 2, ""V"": 992, ""F"": 372}",0.05223443230863572,136.66666793823242,"[[1563, 16, 6, 0], [2, 0, 0, 0], [8, 15, 969, 0], [229, 0, 143, 0]]","{""sample_weight_max"": 1.0, ""sample_weight_mean"": 1.0, ""sample_weight_min"": 1.0}","{""factor"": 5, ""generated_self_to_real_nn_ratio"": 4.674342935286643, ""max_pool_size"": 798, ""n_synthetic_f"": 168, ""quality_attempt"": 1, ""quality_gate_passed"": false, ""selected_to_real_nn_ratio"": 5.47817047436749, ""synthetic_source_record_counts"": {""108"": 19, ""109"": 19, ""114"": 19, ""124"": 19, ""201"": 19, ""203"": 19, ""205"": 18, ""215"": 18, ""223"": 18}, ""used"": true, ""wgan_seed"": 2930300}",0.8580142324635717,0.46035601694239336,0.0,0.0,0.0,0.9229406554472985,0.867369589345172,0.9861198738170347,1585,1802,0.0,0.0,0.0,2,31,0.9184834123222749,0.8667262969588551,0.9768145161290323,992,1118,0.0,0.0,0.0,372,0
HOLDOUT_208,"[""208""]",WGAN_F_RECORD_BALANCED_X5,wgan_f_record_balanced,"{""config_id"": ""WGAN_F_RECORD_BALANCED_X5"", ""family"": ""wgan_f_record_balanced"", ""kind"": ""wgan_f_record_balanced"", ""wgan_factor"": 5}",8204,318885,15,48221,2951,"{""N"": 44273, ""S"": 942, ""V"": 2796, ""F"": 42}","{""N"": 1585, ""S"": 2, ""V"": 992, ""F"": 372}",0.055135312177820146,138.151513338089,"[[1528, 53, 3, 1], [2, 0, 0, 0], [13, 26, 953, 0], [214, 4, 154, 0]]","{""sample_weight_max"": 1.0, ""sample_weight_mean"": 1.0, ""sample_weight_min"": 1.0}","{""factor"": 5, ""generated_self_to_real_nn_ratio"": 4.8848603106554185, ""max_pool_size"": 798, ""n_synthetic_f"": 168, ""quality_attempt"": 2, ""quality_gate_passed"": false, ""selected_to_real_nn_ratio"": 5.658327532678516, ""synthetic_source_record_counts"": {""108"": 19, ""109"": 19, ""114"": 19, ""124"": 19, ""201"": 19, ""203"": 19, ""205"": 18, ""215"": 18, ""223"": 18}, ""used"": true, ""wgan_seed"": 2940400}",0.8407319552694003,0.4552944931190323,0.0,0.0,0.0,0.9144225014961102,0.8696642003414912,0.9640378548895899,1585,1757,0.0,0.0,0.0,2,83,0.9067554709800191,0.8585585585585586,0.9606854838709677,992,1110,0.0,0.0,0.0,372,1
HOLDOUT_223,"[""223""]",BASELINE_CE,baseline,"{""config_id"": ""BASELINE_CE"", ""family"": ""baseline"", ""kind"": ""ce""}",8200,318885,15,48399,2605,"{""N"": 43813, ""S"": 871, ""V"": 3315, ""F"": 400}","{""N"": 2045, ""S"": 73, ""V"": 473, ""F"": 14}",0.06537661510531986,139.6181013584137,"[[2033, 1, 2, 9], [48, 18, 7, 0], [130, 1, 341, 1], [8, 0, 2, 4]]","{""sample_weight_max"": 1.0, ""sample_weight_mean"": 1.0, ""sample_weight_min"": 1.0}","{""quality_gate_passed"": null, ""used"": false}",0.9197696737044145,0.6132606136323682,0.33640552995391704,0.2857142857142857,0.3287671232876712,0.9535647279549718,0.9161784587652095,0.9941320293398533,2045,2219,0.3870967741935484,0.9,0.2465753424657534,73,20,0.8266666666666667,0.96875,0.7209302325581395,473,352,0.2857142857142857,0.2857142857142857,0.2857142857142857,14,14
HOLDOUT_223,"[""223""]",BASELINE_CE,baseline,"{""config_id"": ""BASELINE_CE"", ""family"": ""baseline"", ""kind"": ""ce""}",8201,318885,15,48399,2605,"{""N"": 43813, ""S"": 871, ""V"": 3315, ""F"": 400}","{""N"": 2045, ""S"": 73, ""V"": 473, ""F"": 14}",0.045643841980532354,137.27506566047668,"[[2043, 0, 0, 2], [49, 14, 10, 0], [114, 8, 350, 1], [9, 1, 2, 2]]","{""sample_weight_max"": 1.0, ""sample_weight_mean"": 1.0, ""sample_weight_min"": 1.0}","{""quality_gate_passed"": null, ""used"": false}",0.9247600767754318,0.5749178163317545,0.2510964912280702,0.21052631578947367,0.2445414847161572,0.9591549295774648,0.9223476297968397,0.9990220048899755,2045,2215,0.2916666666666667,0.6086956521739131,0.1917808219178082,73,23,0.8383233532934131,0.9668508287292817,0.7399577167019028,473,362,0.21052631578947367,0.4,0.14285714285714285,14,5
HOLDOUT_223,"[""223""]",BASELINE_CE,baseline,"{""config_id"": ""BASELINE_CE"", ""family"": ""baseline"", ""kind"": ""ce""}",8202,318885,15,48399,2605,"{""N"": 43813, ""S"": 871, ""V"": 3315, ""F"": 400}","{""N"": 2045, ""S"": 73, ""V"": 473, ""F"": 14}",0.043207890602382934,136.9968249797821,"[[2042, 0, 1, 2], [64, 7, 2, 0], [125, 27, 321, 0], [8, 0, 4, 2]]","{""sample_weight_max"": 1.0, ""sample_weight_mean"": 1.0, ""sample_weight_min"": 1.0}","{""quality_gate_passed"": null, ""used"": false}",0.9105566218809981,0.5269690325638463,0.17653167185877466,0.1308411214953271,0.16470588235294115,0.9533146591970122,0.9120142920946851,0.9985330073349633,2045,2239,0.1308411214953271,0.20588235294117646,0.0958904109589041,73,34,0.8014981273408239,0.9786585365853658,0.678646934460888,473,328,0.2222222222222222,0.5,0.14285714285714285,14,4
HOLDOUT_223,"[""223""]",BASELINE_CE,baseline,"{""config_id"": ""BASELINE_CE"", ""family"": ""baseline"", ""kind"": ""ce""}",8203,318885,15,48399,2605,"{""N"": 43813, ""S"": 871, ""V"": 3315, ""F"": 400}","{""N"": 2045, ""S"": 73, ""V"": 473, ""F"": 14}",0.058909122404135525,137.00811123847961,"[[2041, 0, 0, 4], [70, 1, 1, 1], [121, 6, 346, 0], [8, 0, 3, 3]]","{""sample_weight_max"": 1.0, ""sample_weight_mean"": 1.0, ""sample_weight_min"": 1.0}","{""quality_gate_passed"": null, ""used"": false}",0.9178502879078695,0.5227947389359253,0.14886363636363636,0.025,0.04580152671755725,0.9526254375729288,0.9111607142857143,0.9980440097799511,2045,2240,0.025,0.14285714285714285,0.0136986301369863,73,7,0.8408262454434994,0.9885714285714285,0.7315010570824524,473,350,0.2727272727272727,0.375,0.21428571428571427,14,8
HOLDOUT_223,"[""223""]",BASELINE_CE,baseline,"{""config_id"": ""BASELINE_CE"", ""family"": ""baseline"", ""kind"": ""ce""}",8204,318885,15,48399,2605,"{""N"": 43813, ""S"": 871, ""V"": 3315, ""F"": 400}","{""N"": 2045, ""S"": 73, ""V"": 473, ""F"": 14}",0.08043946378404222,137.3775544166565,"[[2033, 0, 0, 12], [64, 3, 6, 0], [145, 11, 316, 1], [11, 0, 0, 3]]","{""sample_weight_max"": 1.0, ""sample_weight_mean"": 1.0, ""sample_weight_min"": 1.0}","{""quality_gate_passed"": null, ""used"": false}",0.9040307101727447,0.502488869001323,0.13448275862068965,0.06896551724137931,0.10256410256410257,0.946021405304793,0.902352418996893,0.9941320293398533,2045,2253,0.06896551724137931,0.21428571428571427,0.0410958904109589,73,14,0.7949685534591195,0.9813664596273292,0.6680761099365751,473,322,0.2,0.1875,0.21428571428571427,14,16
HOLDOUT_223,"[""223""]",FOCAL_A025_G3,focal,"{""alpha_power"": 0.25, ""config_id"": ""FOCAL_A025_G3"", ""family"": ""focal"", ""gamma"": 3.0, ""kind"": ""focal""}",8200,318885,15,48399,2605,"{""N"": 43813, ""S"": 871, ""V"": 3315, ""F"": 400}","{""N"": 2045, ""S"": 73, ""V"": 473, ""F"": 14}",0.020457764897868283,138.92526865005493,"[[2031, 0, 0, 14], [51, 17, 4, 1], [127, 6, 339, 1], [8, 0, 3, 3]]","{""sample_weight_max"": 1.0, ""sample_weight_mean"": 1.0, ""sample_weight_min"": 1.0}","{""quality_gate_passed"": null, ""used"": false}",0.9174664107485605,0.579224337663744,0.26799242424242425,0.18181818181818182,0.24028268551236748,0.9530736743312999,0.9161028416779432,0.9931540342298288,2045,2217,0.3541666666666667,0.7391304347826086,0.2328767123287671,73,23,0.8278388278388278,0.9797687861271677,0.7167019027484144,473,346,0.18181818181818182,0.15789473684210525,0.21428571428571427,14,19
HOLDOUT_223,"[""223""]",FOCAL_A025_G3,focal,"{""alpha_power"": 0.25, ""config_id"": ""FOCAL_A025_G3"", ""family"": ""focal"", ""gamma"": 3.0, ""kind"": ""focal""}",8201,318885,15,48399,2605,"{""N"": 43813, ""S"": 871, ""V"": 3315, ""F"": 400}","{""N"": 2045, ""S"": 73, ""V"": 473, ""F"": 14}",0.009954362337563933,137.76674485206604,"[[2023, 1, 6, 15], [27, 18, 28, 0], [122, 2, 349, 0], [9, 0, 3, 2]]","{""sample_weight_max"": 1.0, ""sample_weight_mean"": 1.0, ""sample_weight_min"": 1.0}","{""quality_gate_passed"": null, ""used"": false}",0.9182341650671785,0.5704975678723676,0.2560054907343857,0.12903225806451613,0.19302949061662197,0.9574065309985802,0.9275561668959194,0.9892420537897311,2045,2181,0.3829787234042553,0.8571428571428571,0.2465753424657534,73,21,0.8125727590221188,0.9041450777202072,0.7378435517970402,473,386,0.12903225806451613,0.11764705882352941,0.14285714285714285,14,17
HOLDOUT_223,"[""223""]",FOCAL_A025_G3,focal,"{""alpha_power"": 0.25, ""config_id"": ""FOCAL_A025_G3"", ""family"": ""focal"", ""gamma"": 3.0, ""kind"": ""focal""}",8202,318885,15,48399,2605,"{""N"": 43813, ""S"": 871, ""V"": 3315, ""F"": 400}","{""N"": 2045, ""S"": 73, ""V"": 473, ""F"": 14}",0.011038964897082918,137.3356490135193,"[[2043, 0, 0, 2], [54, 19, 0, 0], [119, 14, 340, 0], [9, 1, 2, 2]]","{""sample_weight_max"": 1.0, ""sample_weight_mean"": 1.0, ""sample_weight_min"": 1.0}","{""quality_gate_passed"": null, ""used"": false}",0.9228406909788868,0.5921567256160889,0.288681204569055,0.2222222222222222,0.27338129496402874,0.9569086651053864,0.9182022471910113,0.9990220048899755,2045,2225,0.35514018691588783,0.5588235294117647,0.2602739726027397,73,34,0.8343558282208589,0.9941520467836257,0.718816067653277,473,342,0.2222222222222222,0.5,0.14285714285714285,14,4
HOLDOUT_223,"[""223""]",FOCAL_A025_G3,focal,"{""alpha_power"": 0.25, ""config_id"": ""FOCAL_A025_G3"", ""family"": ""focal"", ""gamma"": 3.0, ""kind"": ""focal""}",8203,318885,15,48399,2605,"{""N"": 43813, ""S"": 871, ""V"": 3315, ""F"": 400}","{""N"": 2045, ""S"": 73, ""V"": 473, ""F"": 14}",0.01341928642228076,137.99299597740173,"[[2044, 1, 0, 0], [36, 35, 2, 0], [155, 240, 78, 0], [12, 1, 1, 0]]","{""sample_weight_max"": 1.0, ""sample_weight_mean"": 1.0, ""sample_weight_min"": 1.0}","{""quality_gate_passed"": null, ""used"": false}",0.8280230326295586,0.3585145396859576,0.1,0.0,0.0,0.9524697110904008,0.9096573208722741,0.9995110024449878,2045,2247,0.2,0.1263537906137184,0.4794520547945205,73,277,0.2815884476534296,0.9629629629629629,0.1649048625792812,473,81,0.0,0.0,0.0,14,0
HOLDOUT_223,"[""223""]",FOCAL_A025_G3,focal,"{""alpha_power"": 0.25, ""config_id"": ""FOCAL_A025_G3"", ""family"": ""focal"", ""gamma"": 3.0, ""kind"": ""focal""}",8204,318885,15,48399,2605,"{""N"": 43813, ""S"": 871, ""V"": 3315, ""F"": 400}","{""N"": 2045, ""S"": 73, ""V"": 473, ""F"": 14}",0.013728058069902552,138.01322221755981,"[[2039, 0, 0, 6], [72, 1, 0, 0], [140, 15, 312, 6], [9, 0, 2, 3]]","{""sample_weight_max"": 1.0, ""sample_weight_mean"": 1.0, ""sample_weight_min"": 1.0}","{""quality_gate_passed"": null, ""used"": false}",0.9040307101727447,0.4923808621072552,0.11468423091824874,0.02247191011235955,0.04054054054054054,0.9472706155632985,0.9022123893805309,0.9970660146699266,2045,2260,0.02247191011235955,0.0625,0.0136986301369863,73,16,0.7928843710292249,0.9936305732484076,0.6596194503171248,473,314,0.20689655172413793,0.2,0.21428571428571427,14,15
HOLDOUT_223,"[""223""]",F_RECORD_BALANCED_CE_P025,record_balanced,"{""class_weight_power"": 0.25, ""config_id"": ""F_RECORD_BALANCED_CE_P025"", ""family"": ""record_balanced"", ""kind"": ""record_balanced_ce""}",8200,318885,15,48399,2605,"{""N"": 43813, ""S"": 871, ""V"": 3315, ""F"": 400}","{""N"": 2045, ""S"": 73, ""V"": 473, ""F"": 14}",0.15421998565905828,136.77778387069702,"[[2045, 0, 0, 0], [40, 30, 3, 0], [115, 5, 350, 3], [9, 0, 2, 3]]","{""class_alpha"": [0.45429104566574097, 1.2098468542099, 0.8661917448043823, 1.469670295715332], ""f_record_counts"": {""108"": 2, ""109"": 2, ""114"": 4, ""124"": 5, ""201"": 2, ""203"": 1, ""205"": 11, ""208"": 372, ""215"": 1}, ""f_record_total_weight_after_normalization"": {""108"": 129.4740808090446, ""109"": 129.4740808090446, ""114"": 129.4740808090446, ""124"": 129.4740808090446, ""201"": 129.4740808090446, ""203"": 129.4740808090446, ""205"": 129.4740808090446, ""208"": 129.4740808090446, ""215"": 129.4740808090446}, ""sample_weight_max"": 129.4740808090446, ""sample_weight_mean"": 0.9999999999999999, ""sample_weight_min"": 0.3480486043253887}","{""quality_gate_passed"": null, ""used"": false}",0.9320537428023032,0.665603558117509,0.4277777777777778,0.3,0.3896103896103896,0.9614480488951574,0.9257582616568583,1.0,2045,2209,0.5555555555555556,0.8571428571428571,0.410958904109589,73,35,0.8454106280193237,0.9859154929577465,0.7399577167019028,473,355,0.3,0.5,0.21428571428571427,14,6
HOLDOUT_223,"[""223""]",F_RECORD_BALANCED_CE_P025,record_balanced,"{""class_weight_power"": 0.25, ""config_id"": ""F_RECORD_BALANCED_CE_P025"", ""family"": ""record_balanced"", ""kind"": ""record_balanced_ce""}",8201,318885,15,48399,2605,"{""N"": 43813, ""S"": 871, ""V"": 3315, ""F"": 400}","{""N"": 2045, ""S"": 73, ""V"": 473, ""F"": 14}",0.09889920049038183,137.5318717956543,"[[2043, 1, 0, 1], [38, 29, 6, 0], [134, 61, 274, 4], [13, 0, 1, 0]]","{""class_alpha"": [0.45429104566574097, 1.2098468542099, 0.8661917448043823, 1.469670295715332], ""f_record_counts"": {""108"": 2, ""109"": 2, ""114"": 4, ""124"": 5, ""201"": 2, ""203"": 1, ""205"": 11, ""208"": 372, ""215"": 1}, ""f_record_total_weight_after_normalization"": {""108"": 129.4740808090446, ""109"": 129.4740808090446, ""114"": 129.4740808090446, ""124"": 129.4740808090446, ""201"": 129.4740808090446, ""203"": 129.4740808090446, ""205"": 129.4740808090446, ""208"": 129.4740808090446, ""215"": 129.4740808090446}, ""sample_weight_max"": 129.4740808090446, ""sample_weight_mean"": 0.9999999999999999, ""sample_weight_min"": 0.3480486043253887}","{""quality_gate_passed"": null, ""used"": false}",0.9005758157389635,0.5091714558650974,0.17682926829268292,0.0,0.0,0.9562368359466417,0.9169658886894075,0.9990220048899755,2045,2228,0.35365853658536583,0.31868131868131866,0.3972602739726027,73,91,0.726790450928382,0.9750889679715302,0.5792811839323467,473,281,0.0,0.0,0.0,14,5
HOLDOUT_223,"[""223""]",F_RECORD_BALANCED_CE_P025,record_balanced,"{""class_weight_power"": 0.25, ""config_id"": ""F_RECORD_BALANCED_CE_P025"", ""family"": ""record_balanced"", ""kind"": ""record_balanced_ce""}",8202,318885,15,48399,2605,"{""N"": 43813, ""S"": 871, ""V"": 3315, ""F"": 400}","{""N"": 2045, ""S"": 73, ""V"": 473, ""F"": 14}",0.083534484283194,136.2406792640686,"[[2041, 0, 3, 1], [20, 20, 33, 0], [125, 67, 269, 12], [7, 2, 5, 0]]","{""class_alpha"": [0.45429104566574097, 1.2098468542099, 0.8661917448043823, 1.469670295715332], ""f_record_counts"": {""108"": 2, ""109"": 2, ""114"": 4, ""124"": 5, ""201"": 2, ""203"": 1, ""205"": 11, ""208"": 372, ""215"": 1}, ""f_record_total_weight_after_normalization"": {""108"": 129.4740808090446, ""109"": 129.4740808090446, ""114"": 129.4740808090446, ""124"": 129.4740808090446, ""201"": 129.4740808090446, ""203"": 129.4740808090446, ""205"": 129.4740808090446, ""208"": 129.4740808090446, ""215"": 129.4740808090446}, ""sample_weight_max"": 129.4740808090446, ""sample_weight_mean"": 0.9999999999999999, ""sample_weight_min"": 0.3480486043253887}","{""quality_gate_passed"": null, ""used"": false}",0.8944337811900192,0.47430116457335975,0.12345679012345678,0.0,0.0,0.9631901840490797,0.9306885544915641,0.9980440097799511,2045,2193,0.24691358024691357,0.2247191011235955,0.273972602739726,73,89,0.6871008939974457,0.867741935483871,0.5687103594080338,473,310,0.0,0.0,0.0,14,13
HOLDOUT_223,"[""223""]",F_RECORD_BALANCED_CE_P025,record_balanced,"{""class_weight_power"": 0.25, ""config_id"": ""F_RECORD_BALANCED_CE_P025"", ""family"": ""record_balanced"", ""kind"": ""record_balanced_ce""}",8203,318885,15,48399,2605,"{""N"": 43813, ""S"": 871, ""V"": 3315, ""F"": 400}","{""N"": 2045, ""S"": 73, ""V"": 473, ""F"": 14}",0.10448804222012881,137.33981227874756,"[[2041, 1, 0, 3], [38, 31, 4, 0], [125, 101, 245, 2], [9, 0, 1, 4]]","{""class_alpha"": [0.45429104566574097, 1.2098468542099, 0.8661917448043823, 1.469670295715332], ""f_record_counts"": {""108"": 2, ""109"": 2, ""114"": 4, ""124"": 5, ""201"": 2, ""203"": 1, ""205"": 11, ""208"": 372, ""215"": 1}, ""f_record_total_weight_after_normalization"": {""108"": 129.4740808090446, ""109"": 129.4740808090446, ""114"": 129.4740808090446, ""124"": 129.4740808090446, ""201"": 129.4740808090446, ""203"": 129.4740808090446, ""205"": 129.4740808090446, ""208"": 129.4740808090446, ""215"": 129.4740808090446}, ""sample_weight_max"": 129.4740808090446, ""sample_weight_mean"": 0.9999999999999999, ""sample_weight_min"": 0.3480486043253887}","{""quality_gate_passed"": null, ""used"": false}",0.890978886756238,0.5712986686799442,0.32439848037146474,0.30097087378640774,0.32270657124268054,0.9586660403945514,0.9222774514234071,0.9980440097799511,2045,2213,0.30097087378640774,0.23308270676691728,0.4246575342465753,73,133,0.677731673582296,0.98,0.5179704016913319,473,250,0.34782608695652173,0.4444444444444444,0.2857142857142857,14,9
HOLDOUT_223,"[""223""]",F_RECORD_BALANCED_CE_P025,record_balanced,"{""class_weight_power"": 0.25, ""config_id"": ""F_RECORD_BALANCED_CE_P025"", ""family"": ""record_balanced"", ""kind"": ""record_balanced_ce""}",8204,318885,15,48399,2605,"{""N"": 43813, ""S"": 871, ""V"": 3315, ""F"": 400}","{""N"": 2045, ""S"": 73, ""V"": 473, ""F"": 14}",0.12549102240945784,136.09183549880981,"[[2041, 1, 1, 2], [40, 27, 4, 2], [133, 28, 299, 13], [10, 0, 1, 3]]","{""class_alpha"": [0.45429104566574097, 1.2098468542099, 0.8661917448043823, 1.469670295715332], ""f_record_counts"": {""108"": 2, ""109"": 2, ""114"": 4, ""124"": 5, ""201"": 2, ""203"": 1, ""205"": 11, ""208"": 372, ""215"": 1}, ""f_record_total_weight_after_normalization"": {""108"": 129.4740808090446, ""109"": 129.4740808090446, ""114"": 129.4740808090446, ""124"": 129.4740808090446, ""201"": 129.4740808090446, ""203"": 129.4740808090446, ""205"": 129.4740808090446, ""208"": 129.4740808090446, ""215"": 129.4740808090446}, ""sample_weight_max"": 129.4740808090446, ""sample_weight_mean"": 0.9999999999999999, ""sample_weight_min"": 0.3480486043253887}","{""quality_gate_passed"": null, ""used"": false}",0.9097888675623801,0.579977150484252,0.2975376196990424,0.17647058823529413,0.24827586206896557,0.9561958304052471,0.9177158273381295,0.9980440097799511,2045,2224,0.4186046511627907,0.48214285714285715,0.3698630136986301,73,56,0.7686375321336761,0.980327868852459,0.6321353065539113,473,305,0.17647058823529413,0.15,0.21428571428571427,14,20
HOLDOUT_223,"[""223""]",F_RECORD_BALANCED_FOCAL_A025_G3,record_balanced,"{""class_weight_power"": 0.25, ""config_id"": ""F_RECORD_BALANCED_FOCAL_A025_G3"", ""family"": ""record_balanced"", ""gamma"": 3.0, ""kind"": ""record_balanced_focal""}",8200,318885,15,48399,2605,"{""N"": 43813, ""S"": 871, ""V"": 3315, ""F"": 400}","{""N"": 2045, ""S"": 73, ""V"": 473, ""F"": 14}",0.04585330783053642,137.93752670288086,"[[2043, 1, 1, 0], [41, 10, 22, 0], [131, 75, 267, 0], [11, 0, 2, 1]]","{""class_alpha"": [0.45429104566574097, 1.2098468542099, 0.8661917448043823, 1.469670295715332], ""f_record_counts"": {""108"": 2, ""109"": 2, ""114"": 4, ""124"": 5, ""201"": 2, ""203"": 1, ""205"": 11, ""208"": 372, ""215"": 1}, ""f_record_total_weight_after_normalization"": {""108"": 129.4740808090446, ""109"": 129.4740808090446, ""114"": 129.4740808090446, ""124"": 129.4740808090446, ""201"": 129.4740808090446, ""203"": 129.4740808090446, ""205"": 129.4740808090446, ""208"": 129.4740808090446, ""215"": 129.4740808090446}, ""sample_weight_max"": 129.4740808090446, ""sample_weight_mean"": 0.9999999999999999, ""sample_weight_min"": 0.3480486043253887}","{""quality_gate_passed"": null, ""used"": false}",0.890978886756238,0.4784608324318228,0.12955974842767295,0.12578616352201258,0.12944983818770228,0.9566846171856708,0.9177897574123989,0.9990220048899755,2045,2226,0.12578616352201258,0.11627906976744186,0.136986301369863,73,86,0.6980392156862745,0.9143835616438356,0.5644820295983086,473,292,0.13333333333333333,1.0,0.07142857142857142,14,1
HOLDOUT_223,"[""223""]",F_RECORD_BALANCED_FOCAL_A025_G3,record_balanced,"{""class_weight_power"": 0.25, ""config_id"": ""F_RECORD_BALANCED_FOCAL_A025_G3"", ""family"": ""record_balanced"", ""gamma"": 3.0, ""kind"": ""record_balanced_focal""}",8201,318885,15,48399,2605,"{""N"": 43813, ""S"": 871, ""V"": 3315, ""F"": 400}","{""N"": 2045, ""S"": 73, ""V"": 473, ""F"": 14}",0.03546659276443023,138.47016263008118,"[[2044, 0, 1, 0], [43, 9, 20, 1], [131, 97, 236, 9], [11, 0, 2, 1]]","{""class_alpha"": [0.45429104566574097, 1.2098468542099, 0.8661917448043823, 1.469670295715332], ""f_record_counts"": {""108"": 2, ""109"": 2, ""114"": 4, ""124"": 5, ""201"": 2, ""203"": 1, ""205"": 11, ""208"": 372, ""215"": 1}, ""f_record_total_weight_after_normalization"": {""108"": 129.4740808090446, ""109"": 129.4740808090446, ""114"": 129.4740808090446, ""124"": 129.4740808090446, ""201"": 129.4740808090446, ""203"": 129.4740808090446, ""205"": 129.4740808090446, ""208"": 129.4740808090446, ""215"": 129.4740808090446}, ""sample_weight_max"": 129.4740808090446, ""sample_weight_mean"": 0.9999999999999999, ""sample_weight_min"": 0.3480486043253887}","{""quality_gate_passed"": null, ""used"": false}",0.8790786948176583,0.44546211264642127,0.09027932960893856,0.08,0.0891089108910891,0.956481048198409,0.9170031404217138,0.9995110024449878,2045,2229,0.1005586592178771,0.08490566037735849,0.1232876712328767,73,106,0.644808743169399,0.9111969111969112,0.4989429175475687,473,259,0.08,0.09090909090909091,0.07142857142857142,14,11
HOLDOUT_223,"[""223""]",F_RECORD_BALANCED_FOCAL_A025_G3,record_balanced,"{""class_weight_power"": 0.25, ""config_id"": ""F_RECORD_BALANCED_FOCAL_A025_G3"", ""family"": ""record_balanced"", ""gamma"": 3.0, ""kind"": ""record_balanced_focal""}",8202,318885,15,48399,2605,"{""N"": 43813, ""S"": 871, ""V"": 3315, ""F"": 400}","{""N"": 2045, ""S"": 73, ""V"": 473, ""F"": 14}",0.038909122345524946,137.16450238227844,"[[2042, 1, 2, 0], [22, 24, 26, 1], [104, 190, 163, 16], [9, 0, 4, 1]]","{""class_alpha"": [0.45429104566574097, 1.2098468542099, 0.8661917448043823, 1.469670295715332], ""f_record_counts"": {""108"": 2, ""109"": 2, ""114"": 4, ""124"": 5, ""201"": 2, ""203"": 1, ""205"": 11, ""208"": 372, ""215"": 1}, ""f_record_total_weight_after_normalization"": {""108"": 129.4740808090446, ""109"": 129.4740808090446, ""114"": 129.4740808090446, ""124"": 129.4740808090446, ""201"": 129.4740808090446, ""203"": 129.4740808090446, ""205"": 129.4740808090446, ""208"": 129.4740808090446, ""215"": 129.4740808090446}, ""sample_weight_max"": 129.4740808090446, ""sample_weight_mean"": 0.9999999999999999, ""sample_weight_min"": 0.3480486043253887}","{""quality_gate_passed"": null, ""used"": false}",0.8560460652591171,0.42112617198100244,0.11458333333333333,0.0625,0.09090909090909091,0.9673140691615348,0.937988056959118,0.9985330073349633,2045,2177,0.16666666666666666,0.11162790697674418,0.3287671232876712,73,215,0.4880239520958084,0.8358974358974359,0.34460887949260044,473,195,0.0625,0.05555555555555555,0.07142857142857142,14,18
HOLDOUT_223,"[""223""]",F_RECORD_BALANCED_FOCAL_A025_G3,record_balanced,"{""class_weight_power"": 0.25, ""config_id"": ""F_RECORD_BALANCED_FOCAL_A025_G3"", ""family"": ""record_balanced"", ""gamma"": 3.0, ""kind"": ""record_balanced_focal""}",8203,318885,15,48399,2605,"{""N"": 43813, ""S"": 871, ""V"": 3315, ""F"": 400}","{""N"": 2045, ""S"": 73, ""V"": 473, ""F"": 14}",0.039665571647995154,137.54601740837097,"[[2042, 0, 0, 3], [62, 0, 11, 0], [188, 5, 251, 29], [10, 0, 1, 3]]","{""class_alpha"": [0.45429104566574097, 1.2098468542099, 0.8661917448043823, 1.469670295715332], ""f_record_counts"": {""108"": 2, ""109"": 2, ""114"": 4, ""124"": 5, ""201"": 2, ""203"": 1, ""205"": 11, ""208"": 372, ""215"": 1}, ""f_record_total_weight_after_normalization"": {""108"": 129.4740808090446, ""109"": 129.4740808090446, ""114"": 129.4740808090446, ""124"": 129.4740808090446, ""201"": 129.4740808090446, ""203"": 129.4740808090446, ""205"": 129.4740808090446, ""208"": 129.4740808090446, ""215"": 129.4740808090446}, ""sample_weight_max"": 129.4740808090446, ""sample_weight_mean"": 0.9999999999999999, ""sample_weight_min"": 0.3480486043253887}","{""quality_gate_passed"": null, ""used"": false}",0.8813819577735125,0.43600317542475925,0.061224489795918366,0.0,0.0,0.939498504715896,0.8870547350130321,0.9985330073349633,2045,2302,0.0,0.0,0.0,73,5,0.6820652173913043,0.9543726235741445,0.5306553911205074,473,263,0.12244897959183673,0.08571428571428572,0.21428571428571427,14,35
HOLDOUT_223,"[""223""]",F_RECORD_BALANCED_FOCAL_A025_G3,record_balanced,"{""class_weight_power"": 0.25, ""config_id"": ""F_RECORD_BALANCED_FOCAL_A025_G3"", ""family"": ""record_balanced"", ""gamma"": 3.0, ""kind"": ""record_balanced_focal""}",8204,318885,15,48399,2605,"{""N"": 43813, ""S"": 871, ""V"": 3315, ""F"": 400}","{""N"": 2045, ""S"": 73, ""V"": 473, ""F"": 14}",0.054656185107637825,137.2807354927063,"[[2045, 0, 0, 0], [73, 0, 0, 0], [142, 70, 260, 1], [10, 0, 2, 2]]","{""class_alpha"": [0.45429104566574097, 1.2098468542099, 0.8661917448043823, 1.469670295715332], ""f_record_counts"": {""108"": 2, ""109"": 2, ""114"": 4, ""124"": 5, ""201"": 2, ""203"": 1, ""205"": 11, ""208"": 372, ""215"": 1}, ""f_record_total_weight_after_normalization"": {""108"": 129.4740808090446, ""109"": 129.4740808090446, ""114"": 129.4740808090446, ""124"": 129.4740808090446, ""201"": 129.4740808090446, ""203"": 129.4740808090446, ""205"": 129.4740808090446, ""208"": 129.4740808090446, ""215"": 129.4740808090446}, ""sample_weight_max"": 129.4740808090446, ""sample_weight_mean"": 0.9999999999999999, ""sample_weight_min"": 0.3480486043253887}","{""quality_gate_passed"": null, ""used"": false}",0.8856046065259117,0.472658356505986,0.11764705882352941,0.0,0.0,0.947856315179606,0.9008810572687225,1.0,2045,2270,0.0,0.0,0.0,73,70,0.7074829931972789,0.9923664122137404,0.5496828752642706,473,262,0.23529411764705882,0.6666666666666666,0.14285714285714285,14,3
HOLDOUT_223,"[""223""]",WGAN_F_RECORD_BALANCED_X10,wgan_f_record_balanced,"{""config_id"": ""WGAN_F_RECORD_BALANCED_X10"", ""family"": ""wgan_f_record_balanced"", ""kind"": ""wgan_f_record_balanced"", ""wgan_factor"": 10}",8200,318885,15,51999,2605,"{""N"": 43813, ""S"": 871, ""V"": 3315, ""F"": 400}","{""N"": 2045, ""S"": 73, ""V"": 473, ""F"": 14}",0.059069070141051686,146.8824758529663,"[[2042, 1, 0, 2], [43, 30, 0, 0], [134, 120, 218, 1], [9, 1, 1, 3]]","{""sample_weight_max"": 1.0, ""sample_weight_mean"": 1.0, ""sample_weight_min"": 1.0}","{""factor"": 10, ""generated_self_to_real_nn_ratio"": 2.930190657806328, ""max_pool_size"": 7600, ""n_synthetic_f"": 3600, ""quality_attempt"": 1, ""quality_gate_passed"": false, ""selected_to_real_nn_ratio"": 4.933157783672587, ""synthetic_source_record_counts"": {""108"": 400, ""109"": 400, ""114"": 400, ""124"": 400, ""201"": 400, ""203"": 400, ""205"": 400, ""208"": 400, ""215"": 400}, ""used"": true, ""wgan_seed"": 2930000}",0.8802303262955854,0.5381233127127498,0.2833333333333333,0.26666666666666666,0.2823529411764706,0.9557687807161245,0.9165170556552962,0.9985330073349633,2045,2228,0.26666666666666666,0.19736842105263158,0.410958904109589,73,152,0.630057803468208,0.9954337899543378,0.4608879492600423,473,219,0.3,0.5,0.21428571428571427,14,6
HOLDOUT_223,"[""223""]",WGAN_F_RECORD_BALANCED_X10,wgan_f_record_balanced,"{""config_id"": ""WGAN_F_RECORD_BALANCED_X10"", ""family"": ""wgan_f_record_balanced"", ""kind"": ""wgan_f_record_balanced"", ""wgan_factor"": 10}",8201,318885,15,51999,2605,"{""N"": 43813, ""S"": 871, ""V"": 3315, ""F"": 400}","{""N"": 2045, ""S"": 73, ""V"": 473, ""F"": 14}",0.04914552454533385,147.36919474601746,"[[2034, 0, 0, 11], [57, 14, 2, 0], [126, 4, 341, 2], [8, 0, 2, 4]]","{""sample_weight_max"": 1.0, ""sample_weight_mean"": 1.0, ""sample_weight_min"": 1.0}","{""factor"": 10, ""generated_self_to_real_nn_ratio"": 3.039424362823346, ""max_pool_size"": 7600, ""n_synthetic_f"": 3600, ""quality_attempt"": 1, ""quality_gate_passed"": false, ""selected_to_real_nn_ratio"": 4.922441745605757, ""synthetic_source_record_counts"": {""108"": 400, ""109"": 400, ""114"": 400, ""124"": 400, ""201"": 400, ""203"": 400, ""205"": 400, ""208"": 400, ""215"": 400}, ""used"": true, ""wgan_seed"": 2930100}",0.9186180422264876,0.5880477158870241,0.28287841191067,0.25806451612903225,0.2807017543859649,0.9526932084309133,0.9141573033707865,0.9946210268948655,2045,2225,0.3076923076923077,0.7777777777777778,0.1917808219178082,73,18,0.8337408312958435,0.9884057971014493,0.7209302325581395,473,345,0.25806451612903225,0.23529411764705882,0.2857142857142857,14,17
HOLDOUT_223,"[""223""]",WGAN_F_RECORD_BALANCED_X10,wgan_f_record_balanced,"{""config_id"": ""WGAN_F_RECORD_BALANCED_X10"", ""family"": ""wgan_f_record_balanced"", ""kind"": ""wgan_f_record_balanced"", ""wgan_factor"": 10}",8202,318885,15,51999,2605,"{""N"": 43813, ""S"": 871, ""V"": 3315, ""F"": 400}","{""N"": 2045, ""S"": 73, ""V"": 473, ""F"": 14}",0.049082695359669436,147.09172296524048,"[[2032, 0, 2, 11], [64, 6, 3, 0], [139, 20, 314, 0], [9, 0, 3, 2]]","{""sample_weight_max"": 1.0, ""sample_weight_mean"": 1.0, ""sample_weight_min"": 1.0}","{""factor"": 10, ""generated_self_to_real_nn_ratio"": 2.942892633775703, ""max_pool_size"": 7600, ""n_synthetic_f"": 3600, ""quality_attempt"": 2, ""quality_gate_passed"": false, ""selected_to_real_nn_ratio"": 4.732412603844227, ""synthetic_source_record_counts"": {""108"": 400, ""109"": 400, ""114"": 400, ""124"": 400, ""201"": 400, ""203"": 400, ""205"": 400, ""208"": 400, ""215"": 400}, ""used"": true, ""wgan_seed"": 2940200}",0.9036468330134357,0.5017093988609538,0.13468013468013468,0.12121212121212122,0.13333333333333333,0.9475402191653066,0.9055258467023173,0.993643031784841,2045,2244,0.12121212121212122,0.23076923076923078,0.0821917808219178,73,26,0.789937106918239,0.9751552795031055,0.6638477801268499,473,322,0.14814814814814814,0.15384615384615385,0.14285714285714285,14,13
HOLDOUT_223,"[""223""]",WGAN_F_RECORD_BALANCED_X10,wgan_f_record_balanced,"{""config_id"": ""WGAN_F_RECORD_BALANCED_X10"", ""family"": ""wgan_f_record_balanced"", ""kind"": ""wgan_f_record_balanced"", ""wgan_factor"": 10}",8203,318885,15,51999,2605,"{""N"": 43813, ""S"": 871, ""V"": 3315, ""F"": 400}","{""N"": 2045, ""S"": 73, ""V"": 473, ""F"": 14}",0.06226287992616862,147.40742468833923,"[[2043, 0, 0, 2], [67, 4, 2, 0], [137, 19, 316, 1], [8, 0, 2, 4]]","{""sample_weight_max"": 1.0, ""sample_weight_mean"": 1.0, ""sample_weight_min"": 1.0}","{""factor"": 10, ""generated_self_to_real_nn_ratio"": 2.940015095199442, ""max_pool_size"": 7600, ""n_synthetic_f"": 3600, ""quality_attempt"": 1, ""quality_gate_passed"": false, ""selected_to_real_nn_ratio"": 4.75793876734621, ""synthetic_source_record_counts"": {""108"": 400, ""109"": 400, ""114"": 400, ""124"": 400, ""201"": 400, ""203"": 400, ""205"": 400, ""208"": 400, ""215"": 400}, ""used"": true, ""wgan_seed"": 2930300}",0.908637236084453,0.5528729476775607,0.23214285714285712,0.08333333333333333,0.13675213675213677,0.9502325581395349,0.9059866962305987,0.9990220048899755,2045,2255,0.08333333333333333,0.17391304347826086,0.0547945205479452,73,23,0.7969735182849937,0.9875,0.6680761099365751,473,320,0.38095238095238093,0.5714285714285714,0.2857142857142857,14,7
HOLDOUT_223,"[""223""]",WGAN_F_RECORD_BALANCED_X10,wgan_f_record_balanced,"{""config_id"": ""WGAN_F_RECORD_BALANCED_X10"", ""family"": ""wgan_f_record_balanced"", ""kind"": ""wgan_f_record_balanced"", ""wgan_factor"": 10}",8204,318885,15,51999,2605,"{""N"": 43813, ""S"": 871, ""V"": 3315, ""F"": 400}","{""N"": 2045, ""S"": 73, ""V"": 473, ""F"": 14}",0.04561435335704101,146.7628493309021,"[[2042, 0, 0, 3], [68, 1, 4, 0], [145, 9, 315, 4], [9, 0, 0, 5]]","{""sample_weight_max"": 1.0, ""sample_weight_mean"": 1.0, ""sample_weight_min"": 1.0}","{""factor"": 10, ""generated_self_to_real_nn_ratio"": 3.0102829896780423, ""max_pool_size"": 7600, ""n_synthetic_f"": 3600, ""quality_attempt"": 3, ""quality_gate_passed"": false, ""selected_to_real_nn_ratio"": 4.921044339235479, ""synthetic_source_record_counts"": {""108"": 400, ""109"": 400, ""114"": 400, ""124"": 400, ""201"": 400, ""203"": 400, ""205"": 400, ""208"": 400, ""215"": 400}, ""used"": true, ""wgan_seed"": 2950400}",0.9071017274472168,0.537987506032289,0.20435588507877667,0.024096385542168676,0.045351473922902494,0.9477837085170573,0.9019434628975265,0.9985330073349633,2045,2264,0.024096385542168676,0.1,0.0136986301369863,73,10,0.7954545454545454,0.987460815047022,0.6659619450317125,473,319,0.38461538461538464,0.4166666666666667,0.35714285714285715,14,12
HOLDOUT_223,"[""223""]",WGAN_F_RECORD_BALANCED_X20,wgan_f_record_balanced,"{""config_id"": ""WGAN_F_RECORD_BALANCED_X20"", ""family"": ""wgan_f_record_balanced"", ""kind"": ""wgan_f_record_balanced"", ""wgan_factor"": 20}",8200,318885,15,55999,2605,"{""N"": 43813, ""S"": 871, ""V"": 3315, ""F"": 400}","{""N"": 2045, ""S"": 73, ""V"": 473, ""F"": 14}",0.056083574034140576,159.40903425216675,"[[2032, 0, 0, 13], [63, 4, 6, 0], [127, 175, 170, 1], [9, 0, 2, 3]]","{""sample_weight_max"": 1.0, ""sample_weight_mean"": 1.0, ""sample_weight_min"": 1.0}","{""factor"": 20, ""generated_self_to_real_nn_ratio"": 2.930190657806328, ""max_pool_size"": 7600, ""n_synthetic_f"": 7600, ""quality_attempt"": 1, ""quality_gate_passed"": false, ""selected_to_real_nn_ratio"": 4.933157783672587, ""synthetic_source_record_counts"": {""108"": 845, ""109"": 717, ""114"": 845, ""124"": 845, ""201"": 801, ""203"": 844, ""205"": 618, ""208"": 1241, ""215"": 844}, ""used"": true, ""wgan_seed"": 2930000}",0.8479846449136277,0.42449719962620175,0.11264720942140297,0.031746031746031744,0.05454545454545454,0.950420954162769,0.9108023307933663,0.993643031784841,2045,2231,0.031746031746031744,0.0223463687150838,0.0547945205479452,73,179,0.522273425499232,0.9550561797752809,0.3594080338266385,473,178,0.1935483870967742,0.17647058823529413,0.21428571428571427,14,17
HOLDOUT_223,"[""223""]",WGAN_F_RECORD_BALANCED_X20,wgan_f_record_balanced,"{""config_id"": ""WGAN_F_RECORD_BALANCED_X20"", ""family"": ""wgan_f_record_balanced"", ""kind"": ""wgan_f_record_balanced"", ""wgan_factor"": 20}",8201,318885,15,55999,2605,"{""N"": 43813, ""S"": 871, ""V"": 3315, ""F"": 400}","{""N"": 2045, ""S"": 73, ""V"": 473, ""F"": 14}",0.04269544169343343,159.31013941764832,"[[2041, 0, 0, 4], [61, 10, 2, 0], [135, 128, 210, 0], [8, 0, 3, 3]]","{""sample_weight_max"": 1.0, ""sample_weight_mean"": 1.0, ""sample_weight_min"": 1.0}","{""factor"": 20, ""generated_self_to_real_nn_ratio"": 3.039424362823346, ""max_pool_size"": 7600, ""n_synthetic_f"": 7600, ""quality_attempt"": 1, ""quality_gate_passed"": false, ""selected_to_real_nn_ratio"": 4.922441745605757, ""synthetic_source_record_counts"": {""108"": 845, ""109"": 739, ""114"": 845, ""124"": 845, ""201"": 751, ""203"": 844, ""205"": 599, ""208"": 1288, ""215"": 844}, ""used"": true, ""wgan_seed"": 2930100}",0.8690978886756238,0.4856203208415817,0.1902505077860528,0.0947867298578199,0.1423487544483986,0.9515151515151515,0.9091314031180401,0.9980440097799511,2045,2245,0.0947867298578199,0.07246376811594203,0.136986301369863,73,138,0.6104651162790697,0.9767441860465116,0.4439746300211416,473,215,0.2857142857142857,0.42857142857142855,0.21428571428571427,14,7
HOLDOUT_223,"[""223""]",WGAN_F_RECORD_BALANCED_X20,wgan_f_record_balanced,"{""config_id"": ""WGAN_F_RECORD_BALANCED_X20"", ""family"": ""wgan_f_record_balanced"", ""kind"": ""wgan_f_record_balanced"", ""wgan_factor"": 20}",8202,318885,15,55999,2605,"{""N"": 43813, ""S"": 871, ""V"": 3315, ""F"": 400}","{""N"": 2045, ""S"": 73, ""V"": 473, ""F"": 14}",0.04336545416386798,157.9822497367859,"[[2008, 0, 0, 37], [69, 2, 2, 0], [161, 7, 303, 2], [9, 0, 1, 4]]","{""sample_weight_max"": 1.0, ""sample_weight_mean"": 1.0, ""sample_weight_min"": 1.0}","{""factor"": 20, ""generated_self_to_real_nn_ratio"": 2.942892633775703, ""max_pool_size"": 7600, ""n_synthetic_f"": 7600, ""quality_attempt"": 2, ""quality_gate_passed"": false, ""selected_to_real_nn_ratio"": 4.732412603844227, ""synthetic_source_record_counts"": {""108"": 845, ""109"": 606, ""114"": 845, ""124"": 845, ""201"": 644, ""203"": 844, ""205"": 488, ""208"": 1639, ""215"": 844}, ""used"": true, ""wgan_seed"": 2940200}",0.8894433781190019,0.4756865226963939,0.09456568249893024,0.04878048780487805,0.07239819004524888,0.9356943150046598,0.8936359590565198,0.9819070904645477,2045,2247,0.04878048780487805,0.2222222222222222,0.0273972602739726,73,9,0.7779204107830552,0.9901960784313726,0.6405919661733616,473,306,0.14035087719298245,0.09302325581395349,0.2857142857142857,14,43
HOLDOUT_223,"[""223""]",WGAN_F_RECORD_BALANCED_X20,wgan_f_record_balanced,"{""config_id"": ""WGAN_F_RECORD_BALANCED_X20"", ""family"": ""wgan_f_record_balanced"", ""kind"": ""wgan_f_record_balanced"", ""wgan_factor"": 20}",8203,318885,15,55999,2605,"{""N"": 43813, ""S"": 871, ""V"": 3315, ""F"": 400}","{""N"": 2045, ""S"": 73, ""V"": 473, ""F"": 14}",0.05145482341432944,159.1350452899933,"[[2043, 1, 0, 1], [65, 4, 4, 0], [123, 5, 341, 4], [8, 0, 3, 3]]","{""sample_weight_max"": 1.0, ""sample_weight_mean"": 1.0, ""sample_weight_min"": 1.0}","{""factor"": 20, ""generated_self_to_real_nn_ratio"": 2.940015095199442, ""max_pool_size"": 7600, ""n_synthetic_f"": 7600, ""quality_attempt"": 1, ""quality_gate_passed"": false, ""selected_to_real_nn_ratio"": 4.75793876734621, ""synthetic_source_record_counts"": {""108"": 845, ""109"": 736, ""114"": 845, ""124"": 845, ""201"": 699, ""203"": 844, ""205"": 618, ""208"": 1324, ""215"": 844}, ""used"": true, ""wgan_seed"": 2930300}",0.9178502879078695,0.5383971506937614,0.1845564074479737,0.0963855421686747,0.142433234421365,0.9537815126050421,0.9124609200535954,0.9990220048899755,2045,2239,0.0963855421686747,0.4,0.0547945205479452,73,10,0.830694275274056,0.9798850574712644,0.7209302325581395,473,348,0.2727272727272727,0.375,0.21428571428571427,14,8
HOLDOUT_223,"[""223""]",WGAN_F_RECORD_BALANCED_X20,wgan_f_record_balanced,"{""config_id"": ""WGAN_F_RECORD_BALANCED_X20"", ""family"": ""wgan_f_record_balanced"", ""kind"": ""wgan_f_record_balanced"", ""wgan_factor"": 20}",8204,318885,15,55999,2605,"{""N"": 43813, ""S"": 871, ""V"": 3315, ""F"": 400}","{""N"": 2045, ""S"": 73, ""V"": 473, ""F"": 14}",0.04084968349796587,158.60182428359985,"[[2043, 0, 0, 2], [62, 6, 5, 0], [142, 9, 318, 4], [10, 0, 1, 3]]","{""sample_weight_max"": 1.0, ""sample_weight_mean"": 1.0, ""sample_weight_min"": 1.0}","{""factor"": 20, ""generated_self_to_real_nn_ratio"": 3.0102829896780423, ""max_pool_size"": 7600, ""n_synthetic_f"": 7600, ""quality_attempt"": 3, ""quality_gate_passed"": false, ""selected_to_real_nn_ratio"": 4.921044339235479, ""synthetic_source_record_counts"": {""108"": 845, ""109"": 639, ""114"": 845, ""124"": 845, ""201"": 749, ""203"": 844, ""205"": 648, ""208"": 1341, ""215"": 844}, ""used"": true, ""wgan_seed"": 2950400}",0.9097888675623801,0.5362541170823103,0.19861660079051383,0.13636363636363635,0.1791044776119403,0.9497907949790795,0.9051838723969872,0.9990220048899755,2045,2257,0.13636363636363635,0.4,0.0821917808219178,73,15,0.7979924717691342,0.9814814814814815,0.6723044397463002,473,324,0.2608695652173913,0.3333333333333333,0.21428571428571427,14,9
HOLDOUT_223,"[""223""]",WGAN_F_RECORD_BALANCED_X5,wgan_f_record_balanced,"{""config_id"": ""WGAN_F_RECORD_BALANCED_X5"", ""family"": ""wgan_f_record_balanced"", ""kind"": ""wgan_f_record_balanced"", ""wgan_factor"": 5}",8200,318885,15,49999,2605,"{""N"": 43813, ""S"": 871, ""V"": 3315, ""F"": 400}","{""N"": 2045, ""S"": 73, ""V"": 473, ""F"": 14}",0.05743139411632121,141.5286407470703,"[[2045, 0, 0, 0], [65, 7, 1, 0], [161, 73, 237, 2], [10, 0, 1, 3]]","{""sample_weight_max"": 1.0, ""sample_weight_mean"": 1.0, ""sample_weight_min"": 1.0}","{""factor"": 5, ""generated_self_to_real_nn_ratio"": 2.930190657806328, ""max_pool_size"": 7600, ""n_synthetic_f"": 1600, ""quality_attempt"": 1, ""quality_gate_passed"": false, ""selected_to_real_nn_ratio"": 4.933157783672587, ""synthetic_source_record_counts"": {""108"": 178, ""109"": 178, ""114"": 178, ""124"": 178, ""201"": 178, ""203"": 178, ""205"": 178, ""208"": 177, ""215"": 177}, ""used"": true, ""wgan_seed"": 2930000}",0.8798464491362764,0.5046173045894038,0.20364637082903336,0.0915032679738562,0.14189189189189189,0.9454461396208969,0.8965366067514248,1.0,2045,2281,0.0915032679738562,0.0875,0.0958904109589041,73,80,0.6657303370786517,0.9916317991631799,0.5010570824524313,473,239,0.3157894736842105,0.6,0.21428571428571427,14,5
HOLDOUT_223,"[""223""]",WGAN_F_RECORD_BALANCED_X5,wgan_f_record_balanced,"{""config_id"": ""WGAN_F_RECORD_BALANCED_X5"", ""family"": ""wgan_f_record_balanced"", ""kind"": ""wgan_f_record_balanced"", ""wgan_factor"": 5}",8201,318885,15,49999,2605,"{""N"": 43813, ""S"": 871, ""V"": 3315, ""F"": 400}","{""N"": 2045, ""S"": 73, ""V"": 473, ""F"": 14}",0.045523144156330256,141.6576156616211,"[[2039, 0, 0, 6], [61, 9, 3, 0], [131, 2, 340, 0], [9, 0, 3, 2]]","{""sample_weight_max"": 1.0, ""sample_weight_mean"": 1.0, ""sample_weight_min"": 1.0}","{""factor"": 5, ""generated_self_to_real_nn_ratio"": 3.039424362823346, ""max_pool_size"": 7600, ""n_synthetic_f"": 1600, ""quality_attempt"": 1, ""quality_gate_passed"": false, ""selected_to_real_nn_ratio"": 4.922441745605757, ""synthetic_source_record_counts"": {""108"": 178, ""109"": 178, ""114"": 178, ""124"": 178, ""201"": 178, ""203"": 178, ""205"": 178, ""208"": 177, ""215"": 177}, ""used"": true, ""wgan_seed"": 2930100}",0.9174664107485605,0.5445191687607089,0.19805194805194803,0.18181818181818182,0.19672131147540986,0.9516919486581097,0.9102678571428572,0.9970660146699266,2045,2240,0.21428571428571427,0.8181818181818182,0.1232876712328767,73,11,0.8302808302808303,0.9826589595375722,0.718816067653277,473,346,0.18181818181818182,0.25,0.14285714285714285,14,8
HOLDOUT_223,"[""223""]",WGAN_F_RECORD_BALANCED_X5,wgan_f_record_balanced,"{""config_id"": ""WGAN_F_RECORD_BALANCED_X5"", ""family"": ""wgan_f_record_balanced"", ""kind"": ""wgan_f_record_balanced"", ""wgan_factor"": 5}",8202,318885,15,49999,2605,"{""N"": 43813, ""S"": 871, ""V"": 3315, ""F"": 400}","{""N"": 2045, ""S"": 73, ""V"": 473, ""F"": 14}",0.043217392554214876,140.78478598594666,"[[2019, 0, 3, 23], [40, 2, 31, 0], [148, 9, 315, 1], [12, 0, 0, 2]]","{""sample_weight_max"": 1.0, ""sample_weight_mean"": 1.0, ""sample_weight_min"": 1.0}","{""factor"": 5, ""generated_self_to_real_nn_ratio"": 2.942892633775703, ""max_pool_size"": 7600, ""n_synthetic_f"": 1600, ""quality_attempt"": 2, ""quality_gate_passed"": false, ""selected_to_real_nn_ratio"": 4.732412603844227, ""synthetic_source_record_counts"": {""108"": 178, ""109"": 178, ""114"": 178, ""124"": 178, ""201"": 178, ""203"": 178, ""205"": 178, ""208"": 177, ""215"": 177}, ""used"": true, ""wgan_seed"": 2940200}",0.8975047984644914,0.4652601322776684,0.07380952380952381,0.047619047619047616,0.06451612903225806,0.9469981238273921,0.9098693105002253,0.9872860635696822,2045,2219,0.047619047619047616,0.18181818181818182,0.0273972602739726,73,11,0.7664233576642335,0.9025787965616046,0.6659619450317125,473,349,0.1,0.07692307692307693,0.14285714285714285,14,26
HOLDOUT_223,"[""223""]",WGAN_F_RECORD_BALANCED_X5,wgan_f_record_balanced,"{""config_id"": ""WGAN_F_RECORD_BALANCED_X5"", ""family"": ""wgan_f_record_balanced"", ""kind"": ""wgan_f_record_balanced"", ""wgan_factor"": 5}",8203,318885,15,49999,2605,"{""N"": 43813, ""S"": 871, ""V"": 3315, ""F"": 400}","{""N"": 2045, ""S"": 73, ""V"": 473, ""F"": 14}",0.07683107324438515,141.84156489372253,"[[2024, 0, 0, 21], [69, 0, 4, 0], [140, 52, 276, 5], [8, 0, 2, 4]]","{""sample_weight_max"": 1.0, ""sample_weight_mean"": 1.0, ""sample_weight_min"": 1.0}","{""factor"": 5, ""generated_self_to_real_nn_ratio"": 2.940015095199442, ""max_pool_size"": 7600, ""n_synthetic_f"": 1600, ""quality_attempt"": 1, ""quality_gate_passed"": false, ""selected_to_real_nn_ratio"": 4.75793876734621, ""synthetic_source_record_counts"": {""108"": 178, ""109"": 178, ""114"": 178, ""124"": 178, ""201"": 178, ""203"": 178, ""205"": 178, ""208"": 177, ""215"": 177}, ""used"": true, ""wgan_seed"": 2930300}",0.8844529750479846,0.4643535945687105,0.09090909090909091,0.0,0.0,0.9444703686420906,0.9031682284694333,0.9897310513447433,2045,2241,0.0,0.0,0.0,73,52,0.7311258278145696,0.9787234042553191,0.5835095137420718,473,282,0.18181818181818182,0.13333333333333333,0.2857142857142857,14,30
HOLDOUT_223,"[""223""]",WGAN_F_RECORD_BALANCED_X5,wgan_f_record_balanced,"{""config_id"": ""WGAN_F_RECORD_BALANCED_X5"", ""family"": ""wgan_f_record_balanced"", ""kind"": ""wgan_f_record_balanced"", ""wgan_factor"": 5}",8204,318885,15,49999,2605,"{""N"": 43813, ""S"": 871, ""V"": 3315, ""F"": 400}","{""N"": 2045, ""S"": 73, ""V"": 473, ""F"": 14}",0.06741036577305048,141.33283352851868,"[[2037, 1, 1, 6], [32, 35, 6, 0], [88, 6, 379, 0], [8, 0, 4, 2]]","{""sample_weight_max"": 1.0, ""sample_weight_mean"": 1.0, ""sample_weight_min"": 1.0}","{""factor"": 5, ""generated_self_to_real_nn_ratio"": 3.0102829896780423, ""max_pool_size"": 7600, ""n_synthetic_f"": 1600, ""quality_attempt"": 3, ""quality_gate_passed"": false, ""selected_to_real_nn_ratio"": 4.921044339235479, ""synthetic_source_record_counts"": {""108"": 178, ""109"": 178, ""114"": 178, ""124"": 178, ""201"": 178, ""203"": 178, ""205"": 178, ""208"": 177, ""215"": 177}, ""used"": true, ""wgan_seed"": 2950400}",0.9416506717850288,0.6591352995182729,0.3952569169960475,0.18181818181818182,0.27999999999999997,0.9676959619952494,0.9408775981524249,0.9960880195599022,2045,2165,0.6086956521739131,0.8333333333333334,0.4794520547945205,73,42,0.8783314020857474,0.9717948717948718,0.8012684989429175,473,390,0.18181818181818182,0.25,0.14285714285714285,14,8
HOLDOUT_MINOR_F,"[""108"", ""109"", ""124"", ""201"", ""203"", ""215"", ""114""]",BASELINE_CE,baseline,"{""config_id"": ""BASELINE_CE"", ""family"": ""baseline"", ""kind"": ""ce""}",8200,318885,15,34910,16094,"{""N"": 30912, ""S"": 764, ""V"": 2837, ""F"": 397}","{""N"": 14946, ""S"": 180, ""V"": 951, ""F"": 17}",0.07217396593840508,101.0094051361084,"[[11229, 718, 1987, 1012], [39, 13, 127, 1], [127, 77, 728, 19], [8, 1, 6, 2]]","{""sample_weight_max"": 1.0, ""sample_weight_mean"": 1.0, ""sample_weight_min"": 1.0}","{""quality_gate_passed"": null, ""used"": false}",0.7438797067230024,0.31642054851136536,0.015047540067286296,0.003805899143672693,0.0066491912281823416,0.8523283616076511,0.9847408576690345,0.7513046969088719,14946,11403,0.0262891809908999,0.016069221260815822,0.07222222222222222,180,809,0.3832587523032377,0.2556179775280899,0.7655099894847529,951,2848,0.003805899143672693,0.0019342359767891683,0.11764705882352941,17,1034
HOLDOUT_MINOR_F,"[""108"", ""109"", ""124"", ""201"", ""203"", ""215"", ""114""]",BASELINE_CE,baseline,"{""config_id"": ""BASELINE_CE"", ""family"": ""baseline"", ""kind"": ""ce""}",8201,318885,15,34910,16094,"{""N"": 30912, ""S"": 764, ""V"": 2837, ""F"": 397}","{""N"": 14946, ""S"": 180, ""V"": 951, ""F"": 17}",0.04737513690833821,101.09677147865295,"[[9748, 240, 4325, 633], [39, 16, 121, 4], [53, 76, 801, 21], [8, 0, 6, 3]]","{""sample_weight_max"": 1.0, ""sample_weight_mean"": 1.0, ""sample_weight_min"": 1.0}","{""quality_gate_passed"": null, ""used"": false}",0.6566422269168635,0.2789723328036996,0.03567477876106195,0.008849557522123894,0.015503875968992248,0.7863192707913205,0.9898456539398862,0.6522146393683929,14946,9848,0.0625,0.04819277108433735,0.08888888888888889,180,332,0.25822050290135395,0.15248429468874927,0.8422712933753943,951,5253,0.008849557522123894,0.0045385779122541605,0.17647058823529413,17,661
HOLDOUT_MINOR_F,"[""108"", ""109"", ""124"", ""201"", ""203"", ""215"", ""114""]",BASELINE_CE,baseline,"{""config_id"": ""BASELINE_CE"", ""family"": ""baseline"", ""kind"": ""ce""}",8202,318885,15,34910,16094,"{""N"": 30912, ""S"": 764, ""V"": 2837, ""F"": 397}","{""N"": 14946, ""S"": 180, ""V"": 951, ""F"": 17}",0.025917440507967782,101.29453682899475,"[[9444, 92, 5320, 90], [41, 6, 133, 0], [18, 40, 889, 4], [7, 0, 7, 3]]","{""sample_weight_max"": 1.0, ""sample_weight_mean"": 1.0, ""sample_weight_min"": 1.0}","{""quality_gate_passed"": null, ""used"": false}",0.6425997266061887,0.2765637203642151,0.04518371400198609,0.03773584905660377,0.04395604395604396,0.7723258096172718,0.9930599369085173,0.6318747490967483,14946,9510,0.03773584905660377,0.043478260869565216,0.03333333333333333,180,138,0.24356164383561643,0.14002205071664828,0.9348054679284963,951,6349,0.05263157894736842,0.030927835051546393,0.17647058823529413,17,97
HOLDOUT_MINOR_F,"[""108"", ""109"", ""124"", ""201"", ""203"", ""215"", ""114""]",BASELINE_CE,baseline,"{""config_id"": ""BASELINE_CE"", ""family"": ""baseline"", ""kind"": ""ce""}",8203,318885,15,34910,16094,"{""N"": 30912, ""S"": 764, ""V"": 2837, ""F"": 397}","{""N"": 14946, ""S"": 180, ""V"": 951, ""F"": 17}",0.05140123595050775,101.03367376327515,"[[9926, 932, 3662, 426], [40, 18, 118, 4], [144, 71, 717, 19], [10, 0, 5, 2]]","{""sample_weight_max"": 1.0, ""sample_weight_mean"": 1.0, ""sample_weight_min"": 1.0}","{""quality_gate_passed"": null, ""used"": false}",0.662545047843917,0.27337142186372704,0.019261014681497615,0.008547008547008548,0.013301311657121746,0.7919891486475704,0.9808300395256917,0.664124180382711,14946,10120,0.02997502081598668,0.01762977473065622,0.1,180,1021,0.2629745094443426,0.15926254997778766,0.7539432176656151,951,4502,0.008547008547008548,0.004434589800443459,0.11764705882352941,17,451
HOLDOUT_MINOR_F,"[""108"", ""109"", ""124"", ""201"", ""203"", ""215"", ""114""]",BASELINE_CE,baseline,"{""config_id"": ""BASELINE_CE"", ""family"": ""baseline"", ""kind"": ""ce""}",8204,318885,15,34910,16094,"{""N"": 30912, ""S"": 764, ""V"": 2837, ""F"": 397}","{""N"": 14946, ""S"": 180, ""V"": 951, ""F"": 17}",0.02731970976579733,100.50695586204529,"[[9265, 835, 2247, 2599], [40, 14, 123, 3], [145, 51, 736, 19], [8, 0, 6, 3]]","{""sample_weight_max"": 1.0, ""sample_weight_mean"": 1.0, ""sample_weight_min"": 1.0}","{""quality_gate_passed"": null, ""used"": false}",0.6224680004970796,0.28744835449435846,0.01409889632153926,0.002271866717152594,0.004177649574774954,0.7593017538108506,0.9795939945020089,0.6198983005486418,14946,9458,0.025925925925925925,0.015555555555555555,0.07777777777777778,180,900,0.3622938715235048,0.2365038560411311,0.7739221871713985,951,3112,0.002271866717152594,0.0011432926829268292,0.17647058823529413,17,2624
HOLDOUT_MINOR_F,"[""108"", ""109"", ""124"", ""201"", ""203"", ""215"", ""114""]",FOCAL_A025_G3,focal,"{""alpha_power"": 0.25, ""config_id"": ""FOCAL_A025_G3"", ""family"": ""focal"", ""gamma"": 3.0, ""kind"": ""focal""}",8200,318885,15,34910,16094,"{""N"": 30912, ""S"": 764, ""V"": 2837, ""F"": 397}","{""N"": 14946, ""S"": 180, ""V"": 951, ""F"": 17}",0.010512499223559077,101.68545126914978,"[[9034, 1311, 1667, 2934], [42, 20, 111, 7], [185, 97, 613, 56], [11, 1, 3, 2]]","{""sample_weight_max"": 1.0, ""sample_weight_mean"": 1.0, ""sample_weight_min"": 1.0}","{""quality_gate_passed"": null, ""used"": false}",0.6007829004597987,0.28469006586263573,0.013093210768999972,0.001326259946949602,0.002518178098145991,0.7460566520769676,0.9743313201035375,0.6044426602435434,14946,9272,0.024860161591050343,0.013995801259622114,0.1111111111111111,180,1429,0.36651718983557546,0.25605680868838765,0.6445846477392219,951,2394,0.001326259946949602,0.0006668889629876625,0.11764705882352941,17,2999
HOLDOUT_MINOR_F,"[""108"", ""109"", ""124"", ""201"", ""203"", ""215"", ""114""]",FOCAL_A025_G3,focal,"{""alpha_power"": 0.25, ""config_id"": ""FOCAL_A025_G3"", ""family"": ""focal"", ""gamma"": 3.0, ""kind"": ""focal""}",8201,318885,15,34910,16094,"{""N"": 30912, ""S"": 764, ""V"": 2837, ""F"": 397}","{""N"": 14946, ""S"": 180, ""V"": 951, ""F"": 17}",0.01135906456385363,101.54859519004822,"[[10488, 547, 3529, 382], [40, 17, 121, 2], [45, 90, 778, 38], [7, 0, 7, 3]]","{""sample_weight_max"": 1.0, ""sample_weight_mean"": 1.0, ""sample_weight_min"": 1.0}","{""quality_gate_passed"": null, ""used"": false}",0.701255126133963,0.29124738990735083,0.027171023362305632,0.013574660633484163,0.02036741214057508,0.8217503721695526,0.991304347826087,0.7017262143717382,14946,10580,0.0407673860911271,0.02599388379204893,0.09444444444444444,180,654,0.28889714073523953,0.1754227733934611,0.8180862250262881,951,4435,0.013574660633484163,0.007058823529411765,0.17647058823529413,17,425
HOLDOUT_MINOR_F,"[""108"", ""109"", ""124"", ""201"", ""203"", ""215"", ""114""]",FOCAL_A025_G3,focal,"{""alpha_power"": 0.25, ""config_id"": ""FOCAL_A025_G3"", ""family"": ""focal"", ""gamma"": 3.0, ""kind"": ""focal""}",8202,318885,15,34910,16094,"{""N"": 30912, ""S"": 764, ""V"": 2837, ""F"": 397}","{""N"": 14946, ""S"": 180, ""V"": 951, ""F"": 17}",0.010001728214221604,102.27884888648987,"[[10027, 590, 4081, 248], [38, 12, 130, 0], [25, 50, 851, 25], [8, 0, 7, 2]]","{""sample_weight_max"": 1.0, ""sample_weight_mean"": 1.0, ""sample_weight_min"": 1.0}","{""quality_gate_passed"": null, ""used"": false}",0.6767739530259724,0.2815049288200343,0.021272391991570074,0.0136986301369863,0.018575851393188854,0.8007506788053027,0.9929689047336107,0.6708818412953299,14946,10098,0.028846153846153848,0.018404907975460124,0.06666666666666667,180,652,0.28272425249169436,0.1678832116788321,0.8948475289169295,951,5069,0.0136986301369863,0.007272727272727273,0.11764705882352941,17,275
HOLDOUT_MINOR_F,"[""108"", ""109"", ""124"", ""201"", ""203"", ""215"", ""114""]",FOCAL_A025_G3,focal,"{""alpha_power"": 0.25, ""config_id"": ""FOCAL_A025_G3"", ""family"": ""focal"", ""gamma"": 3.0, ""kind"": ""focal""}",8203,318885,15,34910,16094,"{""N"": 30912, ""S"": 764, ""V"": 2837, ""F"": 397}","{""N"": 14946, ""S"": 180, ""V"": 951, ""F"": 17}",0.006414663716759439,102.15247774124146,"[[8423, 2372, 1482, 2669], [37, 35, 97, 11], [105, 89, 722, 35], [9, 0, 6, 2]]","{""sample_weight_max"": 1.0, ""sample_weight_mean"": 1.0, ""sample_weight_min"": 1.0}","{""quality_gate_passed"": null, ""used"": false}",0.5705231763390083,0.2967699242976807,0.013810751615869693,0.001463057790782736,0.0027711248787632868,0.7162414965986394,0.9823886167483088,0.5635621570988893,14946,8574,0.026158445440956652,0.014022435897435898,0.19444444444444445,180,2496,0.44321669736034375,0.3129605548331166,0.7592008412197687,951,2307,0.001463057790782736,0.000736105999263894,0.11764705882352941,17,2717
HOLDOUT_MINOR_F,"[""108"", ""109"", ""124"", ""201"", ""203"", ""215"", ""114""]",FOCAL_A025_G3,focal,"{""alpha_power"": 0.25, ""config_id"": ""FOCAL_A025_G3"", ""family"": ""focal"", ""gamma"": 3.0, ""kind"": ""focal""}",8204,318885,15,34910,16094,"{""N"": 30912, ""S"": 764, ""V"": 2837, ""F"": 397}","{""N"": 14946, ""S"": 180, ""V"": 951, ""F"": 17}",0.010487231089487917,101.85877180099487,"[[8274, 1814, 4354, 504], [39, 30, 111, 0], [55, 58, 803, 35], [9, 0, 6, 2]]","{""sample_weight_max"": 1.0, ""sample_weight_mean"": 1.0, ""sample_weight_min"": 1.0}","{""quality_gate_passed"": null, ""used"": false}",0.5659873244687461,0.2508732709735655,0.017993451292698293,0.007168458781362007,0.011481056257175661,0.7095142134373794,0.987704428793124,0.5535929345644319,14946,8377,0.02881844380403458,0.015772870662460567,0.16666666666666666,180,1902,0.2579919678714859,0.152256351915055,0.8443743427970557,951,5274,0.007168458781362007,0.0036968576709796672,0.11764705882352941,17,541
HOLDOUT_MINOR_F,"[""108"", ""109"", ""124"", ""201"", ""203"", ""215"", ""114""]",F_RECORD_BALANCED_CE_P025,record_balanced,"{""class_weight_power"": 0.25, ""config_id"": ""F_RECORD_BALANCED_CE_P025"", ""family"": ""record_balanced"", ""kind"": ""record_balanced_ce""}",8200,318885,15,34910,16094,"{""N"": 30912, ""S"": 764, ""V"": 2837, ""F"": 397}","{""N"": 14946, ""S"": 180, ""V"": 951, ""F"": 17}",0.06380489333689464,100.92172312736511,"[[9436, 681, 2367, 2462], [39, 15, 126, 0], [89, 126, 710, 26], [9, 1, 5, 2]]","{""class_alpha"": [0.4813796281814575, 1.2140767574310303, 0.874590277671814, 1.4299533367156982], ""f_record_counts"": {""205"": 11, ""208"": 372, ""223"": 14}, ""f_record_total_weight_after_normalization"": {""205"": 350.32526242008703, ""208"": 350.32526242008703, ""223"": 350.3252624200871}, ""sample_weight_max"": 31.84775112909882, ""sample_weight_mean"": 1.0000000000000002, ""sample_weight_min"": 0.8911853643525038}","{""quality_gate_passed"": null, ""used"": false}",0.6314775692804772,0.2856557105995649,0.0157529008506988,0.0015955325089748703,0.0030294615132160255,0.7696888127574534,0.985688916745012,0.6313394888264419,14946,9573,0.02991026919242273,0.018226002430133656,0.08333333333333333,180,823,0.3414282279394085,0.2213216957605985,0.7465825446898002,951,3208,0.0015955325089748703,0.0008032128514056225,0.11764705882352941,17,2490
HOLDOUT_MINOR_F,"[""108"", ""109"", ""124"", ""201"", ""203"", ""215"", ""114""]",F_RECORD_BALANCED_CE_P025,record_balanced,"{""class_weight_power"": 0.25, ""config_id"": ""F_RECORD_BALANCED_CE_P025"", ""family"": ""record_balanced"", ""kind"": ""record_balanced_ce""}",8201,318885,15,34910,16094,"{""N"": 30912, ""S"": 764, ""V"": 2837, ""F"": 397}","{""N"": 14946, ""S"": 180, ""V"": 951, ""F"": 17}",0.061727096704892376,100.75878071784973,"[[9011, 865, 3531, 1539], [38, 22, 117, 3], [40, 87, 812, 12], [8, 0, 6, 3]]","{""class_alpha"": [0.4813796281814575, 1.2140767574310303, 0.874590277671814, 1.4299533367156982], ""f_record_counts"": {""205"": 11, ""208"": 372, ""223"": 14}, ""f_record_total_weight_after_normalization"": {""205"": 350.32526242008703, ""208"": 350.32526242008703, ""223"": 350.3252624200871}, ""sample_weight_max"": 31.84775112909882, ""sample_weight_mean"": 1.0000000000000002, ""sample_weight_min"": 0.8911853643525038}","{""quality_gate_passed"": null, ""used"": false}",0.6119050577855101,0.27282770243013255,0.020970096829105545,0.0038119440914866584,0.006930953006038331,0.7495736804891237,0.9905463339562494,0.6029037869664124,14946,9097,0.038128249566724434,0.022587268993839837,0.12222222222222222,180,974,0.2997969355731955,0.18181818181818182,0.8538380651945321,951,4466,0.0038119440914866584,0.0019267822736030828,0.17647058823529413,17,1557
HOLDOUT_MINOR_F,"[""108"", ""109"", ""124"", ""201"", ""203"", ""215"", ""114""]",F_RECORD_BALANCED_CE_P025,record_balanced,"{""class_weight_power"": 0.25, ""config_id"": ""F_RECORD_BALANCED_CE_P025"", ""family"": ""record_balanced"", ""kind"": ""record_balanced_ce""}",8202,318885,15,34910,16094,"{""N"": 30912, ""S"": 764, ""V"": 2837, ""F"": 397}","{""N"": 14946, ""S"": 180, ""V"": 951, ""F"": 17}",0.056425787447508244,101.55527544021606,"[[11018, 758, 1865, 1305], [38, 18, 123, 1], [170, 102, 661, 18], [12, 0, 3, 2]]","{""class_alpha"": [0.4813796281814575, 1.2140767574310303, 0.874590277671814, 1.4299533367156982], ""f_record_counts"": {""205"": 11, ""208"": 372, ""223"": 14}, ""f_record_total_weight_after_normalization"": {""205"": 350.32526242008703, ""208"": 350.32526242008703, ""223"": 350.3252624200871}, ""sample_weight_max"": 31.84775112909882, ""sample_weight_mean"": 1.0000000000000002, ""sample_weight_min"": 0.8911853643525038}","{""quality_gate_passed"": null, ""used"": false}",0.7269168634273643,0.3113759939945675,0.0185024357904249,0.0029784065524944155,0.0054773678204640555,0.8415826458906203,0.9804235629115501,0.7371872072795397,14946,11238,0.034026465028355386,0.02050113895216401,0.1,180,878,0.3669164585067999,0.24924585218702866,0.6950578338590957,951,2652,0.0029784065524944155,0.0015082956259426848,0.11764705882352941,17,1326
HOLDOUT_MINOR_F,"[""108"", ""109"", ""124"", ""201"", ""203"", ""215"", ""114""]",F_RECORD_BALANCED_CE_P025,record_balanced,"{""class_weight_power"": 0.25, ""config_id"": ""F_RECORD_BALANCED_CE_P025"", ""family"": ""record_balanced"", ""kind"": ""record_balanced_ce""}",8203,318885,15,34910,16094,"{""N"": 30912, ""S"": 764, ""V"": 2837, ""F"": 397}","{""N"": 14946, ""S"": 180, ""V"": 951, ""F"": 17}",0.06873303949756158,101.5468909740448,"[[8565, 1128, 2547, 2706], [38, 15, 125, 2], [58, 56, 813, 24], [7, 0, 7, 3]]","{""class_alpha"": [0.4813796281814575, 1.2140767574310303, 0.874590277671814, 1.4299533367156982], ""f_record_counts"": {""205"": 11, ""208"": 372, ""223"": 14}, ""f_record_total_weight_after_normalization"": {""205"": 350.32526242008703, ""208"": 350.32526242008703, ""223"": 350.3252624200871}, ""sample_weight_max"": 31.84775112909882, ""sample_weight_mean"": 1.0000000000000002, ""sample_weight_min"": 0.8911853643525038}","{""quality_gate_passed"": null, ""used"": false}",0.5838200571641605,0.2788302981872537,0.011967563704740544,0.002180232558139535,0.0039632736640465025,0.7254171254340646,0.9881172127365021,0.5730630268968285,14946,8668,0.021754894851341553,0.012510425354462052,0.08333333333333333,180,1199,0.3659689399054693,0.23281786941580757,0.8548895899053628,951,3492,0.002180232558139535,0.0010968921389396709,0.17647058823529413,17,2735
HOLDOUT_MINOR_F,"[""108"", ""109"", ""124"", ""201"", ""203"", ""215"", ""114""]",F_RECORD_BALANCED_CE_P025,record_balanced,"{""class_weight_power"": 0.25, ""config_id"": ""F_RECORD_BALANCED_CE_P025"", ""family"": ""record_balanced"", ""kind"": ""record_balanced_ce""}",8204,318885,15,34910,16094,"{""N"": 30912, ""S"": 764, ""V"": 2837, ""F"": 397}","{""N"": 14946, ""S"": 180, ""V"": 951, ""F"": 17}",0.06504747195798527,101.18997645378113,"[[10247, 362, 3148, 1189], [37, 13, 129, 1], [170, 62, 696, 23], [12, 1, 3, 1]]","{""class_alpha"": [0.4813796281814575, 1.2140767574310303, 0.874590277671814, 1.4299533367156982], ""f_record_counts"": {""205"": 11, ""208"": 372, ""223"": 14}, ""f_record_total_weight_after_normalization"": {""205"": 350.32526242008703, ""208"": 350.32526242008703, ""223"": 350.3252624200871}, ""sample_weight_max"": 31.84775112909882, ""sample_weight_mean"": 1.0000000000000002, ""sample_weight_min"": 0.8911853643525038}","{""quality_gate_passed"": null, ""used"": false}",0.6808127252392195,0.28317253508078855,0.021847946390310718,0.0016246953696181965,0.0031285722880693093,0.8064693845427358,0.9790751003248614,0.6856014987287569,14946,10466,0.042071197411003236,0.02968036529680365,0.07222222222222222,180,438,0.282524862999797,0.1750503018108652,0.7318611987381703,951,3976,0.0016246953696181965,0.0008237232289950577,0.058823529411764705,17,1214
HOLDOUT_MINOR_F,"[""108"", ""109"", ""124"", ""201"", ""203"", ""215"", ""114""]",F_RECORD_BALANCED_FOCAL_A025_G3,record_balanced,"{""class_weight_power"": 0.25, ""config_id"": ""F_RECORD_BALANCED_FOCAL_A025_G3"", ""family"": ""record_balanced"", ""gamma"": 3.0, ""kind"": ""record_balanced_focal""}",8200,318885,15,34910,16094,"{""N"": 30912, ""S"": 764, ""V"": 2837, ""F"": 397}","{""N"": 14946, ""S"": 180, ""V"": 951, ""F"": 17}",0.030916861338615962,102.22722601890564,"[[7701, 1962, 4180, 1103], [35, 27, 115, 3], [122, 68, 744, 17], [10, 1, 6, 0]]","{""class_alpha"": [0.4813796281814575, 1.2140767574310303, 0.874590277671814, 1.4299533367156982], ""f_record_counts"": {""205"": 11, ""208"": 372, ""223"": 14}, ""f_record_total_weight_after_normalization"": {""205"": 350.32526242008703, ""208"": 350.32526242008703, ""223"": 350.3252624200871}, ""sample_weight_max"": 31.84775112909882, ""sample_weight_mean"": 1.0000000000000002, ""sample_weight_min"": 0.8911853643525038}","{""quality_gate_passed"": null, ""used"": false}",0.5264073567789238,0.23685147585714827,0.012064343163538873,0.0,0.0,0.6751117734724292,0.9787747839349262,0.5152549177037334,14946,7868,0.024128686327077747,0.013119533527696793,0.15,180,2058,0.24816544362908605,0.14747274529236867,0.7823343848580442,951,5045,0.0,0.0,0.0,17,1123
HOLDOUT_MINOR_F,"[""108"", ""109"", ""124"", ""201"", ""203"", ""215"", ""114""]",F_RECORD_BALANCED_FOCAL_A025_G3,record_balanced,"{""class_weight_power"": 0.25, ""config_id"": ""F_RECORD_BALANCED_FOCAL_A025_G3"", ""family"": ""record_balanced"", ""gamma"": 3.0, ""kind"": ""record_balanced_focal""}",8201,318885,15,34910,16094,"{""N"": 30912, ""S"": 764, ""V"": 2837, ""F"": 397}","{""N"": 14946, ""S"": 180, ""V"": 951, ""F"": 17}",0.025517407724558763,100.65040636062622,"[[9912, 421, 1855, 2758], [43, 22, 115, 0], [119, 62, 762, 8], [9, 1, 4, 3]]","{""class_alpha"": [0.4813796281814575, 1.2140767574310303, 0.874590277671814, 1.4299533367156982], ""f_record_counts"": {""205"": 11, ""208"": 372, ""223"": 14}, ""f_record_total_weight_after_normalization"": {""205"": 350.32526242008703, ""208"": 350.32526242008703, ""223"": 350.3252624200871}, ""sample_weight_max"": 31.84775112909882, ""sample_weight_mean"": 1.0000000000000002, ""sample_weight_min"": 0.8911853643525038}","{""quality_gate_passed"": null, ""used"": false}",0.6647819063004846,0.3179197453482122,0.033146783480082626,0.0021536252692031586,0.004167324388318864,0.792041232170682,0.983040761678072,0.6631874749096748,14946,10083,0.0641399416909621,0.043478260869565216,0.12222222222222222,180,506,0.41334418226200165,0.27850877192982454,0.8012618296529969,951,2736,0.0021536252692031586,0.0010834236186348862,0.17647058823529413,17,2769
HOLDOUT_MINOR_F,"[""108"", ""109"", ""124"", ""201"", ""203"", ""215"", ""114""]",F_RECORD_BALANCED_FOCAL_A025_G3,record_balanced,"{""class_weight_power"": 0.25, ""config_id"": ""F_RECORD_BALANCED_FOCAL_A025_G3"", ""family"": ""record_balanced"", ""gamma"": 3.0, ""kind"": ""record_balanced_focal""}",8202,318885,15,34910,16094,"{""N"": 30912, ""S"": 764, ""V"": 2837, ""F"": 397}","{""N"": 14946, ""S"": 180, ""V"": 951, ""F"": 17}",0.022219690502581362,102.27854371070862,"[[10591, 2351, 1005, 999], [43, 12, 123, 2], [139, 20, 769, 23], [12, 0, 2, 3]]","{""class_alpha"": [0.4813796281814575, 1.2140767574310303, 0.874590277671814, 1.4299533367156982], ""f_record_counts"": {""205"": 11, ""208"": 372, ""223"": 14}, ""f_record_total_weight_after_normalization"": {""205"": 350.32526242008703, ""208"": 350.32526242008703, ""223"": 350.3252624200871}, ""sample_weight_max"": 31.84775112909882, ""sample_weight_mean"": 1.0000000000000002, ""sample_weight_min"": 0.8911853643525038}","{""quality_gate_passed"": null, ""used"": false}",0.7067851373182552,0.3444924085341793,0.007555576484095057,0.005747126436781609,0.007122718504229114,0.8232093583615094,0.982012053778396,0.7086176903519337,14946,10785,0.009364026531408505,0.005035669324381032,0.06666666666666667,180,2383,0.5396491228070175,0.4049499736703528,0.8086225026288117,951,1899,0.005747126436781609,0.0029211295034079843,0.17647058823529413,17,1027
HOLDOUT_MINOR_F,"[""108"", ""109"", ""124"", ""201"", ""203"", ""215"", ""114""]",F_RECORD_BALANCED_FOCAL_A025_G3,record_balanced,"{""class_weight_power"": 0.25, ""config_id"": ""F_RECORD_BALANCED_FOCAL_A025_G3"", ""family"": ""record_balanced"", ""gamma"": 3.0, ""kind"": ""record_balanced_focal""}",8203,318885,15,34910,16094,"{""N"": 30912, ""S"": 764, ""V"": 2837, ""F"": 397}","{""N"": 14946, ""S"": 180, ""V"": 951, ""F"": 17}",0.01859537804312279,101.74781274795532,"[[7942, 3104, 2979, 921], [40, 13, 127, 0], [209, 178, 563, 1], [14, 0, 3, 0]]","{""class_alpha"": [0.4813796281814575, 1.2140767574310303, 0.874590277671814, 1.4299533367156982], ""f_record_counts"": {""205"": 11, ""208"": 372, ""223"": 14}, ""f_record_total_weight_after_normalization"": {""205"": 350.32526242008703, ""208"": 350.32526242008703, ""223"": 350.3252624200871}, ""sample_weight_max"": 31.84775112909882, ""sample_weight_mean"": 1.0000000000000002, ""sample_weight_min"": 0.8911853643525038}","{""quality_gate_passed"": null, ""used"": false}",0.5292655648067602,0.23428776777849442,0.0037410071942446045,0.0,0.0,0.6861042719536953,0.9679463741620963,0.5313796333467148,14946,8205,0.007482014388489209,0.0039453717754172985,0.07222222222222222,180,3295,0.24356478477179322,0.15332244008714596,0.5920084121976866,951,3672,0.0,0.0,0.0,17,922
HOLDOUT_MINOR_F,"[""108"", ""109"", ""124"", ""201"", ""203"", ""215"", ""114""]",F_RECORD_BALANCED_FOCAL_A025_G3,record_balanced,"{""class_weight_power"": 0.25, ""config_id"": ""F_RECORD_BALANCED_FOCAL_A025_G3"", ""family"": ""record_balanced"", ""gamma"": 3.0, ""kind"": ""record_balanced_focal""}",8204,318885,15,34910,16094,"{""N"": 30912, ""S"": 764, ""V"": 2837, ""F"": 397}","{""N"": 14946, ""S"": 180, ""V"": 951, ""F"": 17}",0.03100774118150354,101.21359586715698,"[[7452, 3360, 2205, 1929], [39, 14, 127, 0], [153, 231, 567, 0], [10, 1, 3, 3]]","{""class_alpha"": [0.4813796281814575, 1.2140767574310303, 0.874590277671814, 1.4299533367156982], ""f_record_counts"": {""205"": 11, ""208"": 372, ""223"": 14}, ""f_record_total_weight_after_normalization"": {""205"": 350.32526242008703, ""208"": 350.32526242008703, ""223"": 350.3252624200871}, ""sample_weight_max"": 31.84775112909882, ""sample_weight_mean"": 1.0000000000000002, ""sample_weight_min"": 0.8911853643525038}","{""quality_gate_passed"": null, ""used"": false}",0.4993165154716043,0.24106482847677604,0.005237085023622717,0.0030785017957927143,0.004347376048028155,0.6594690265486726,0.9736085706819964,0.4985949417904456,14946,7654,0.007395668251452721,0.003882418191902385,0.07777777777777778,180,3606,0.29431611731118607,0.19538249483115094,0.5962145110410094,951,2902,0.0030785017957927143,0.0015527950310559005,0.17647058823529413,17,1932
HOLDOUT_MINOR_F,"[""108"", ""109"", ""124"", ""201"", ""203"", ""215"", ""114""]",WGAN_F_RECORD_BALANCED_X10,wgan_f_record_balanced,"{""config_id"": ""WGAN_F_RECORD_BALANCED_X10"", ""family"": ""wgan_f_record_balanced"", ""kind"": ""wgan_f_record_balanced"", ""wgan_factor"": 10}",8200,318885,15,38483,16094,"{""N"": 30912, ""S"": 764, ""V"": 2837, ""F"": 397}","{""N"": 14946, ""S"": 180, ""V"": 951, ""F"": 17}",0.05738600094400832,112.01236891746521,"[[11351, 699, 2798, 98], [43, 33, 104, 0], [157, 161, 615, 18], [10, 1, 4, 2]]","{""sample_weight_max"": 1.0, ""sample_weight_mean"": 1.0, ""sample_weight_min"": 1.0}","{""factor"": 10, ""generated_self_to_real_nn_ratio"": 1.5831414587724366, ""max_pool_size"": 7543, ""n_synthetic_f"": 3573, ""quality_attempt"": 3, ""quality_gate_passed"": false, ""selected_to_real_nn_ratio"": 2.436751059927036, ""synthetic_source_record_counts"": {""205"": 1191, ""208"": 1191, ""223"": 1191}, ""used"": true, ""wgan_seed"": 2950000}",0.7456816204796819,0.3056449696817668,0.04554107179805504,0.02962962962962963,0.039981826442526125,0.8564530124118157,0.981835481359744,0.7594674160310451,14946,11561,0.061452513966480445,0.03691275167785235,0.18333333333333332,180,894,0.2750447227191413,0.17466628798636752,0.6466876971608833,951,3521,0.02962962962962963,0.01694915254237288,0.11764705882352941,17,118
HOLDOUT_MINOR_F,"[""108"", ""109"", ""124"", ""201"", ""203"", ""215"", ""114""]",WGAN_F_RECORD_BALANCED_X10,wgan_f_record_balanced,"{""config_id"": ""WGAN_F_RECORD_BALANCED_X10"", ""family"": ""wgan_f_record_balanced"", ""kind"": ""wgan_f_record_balanced"", ""wgan_factor"": 10}",8201,318885,15,38483,16094,"{""N"": 30912, ""S"": 764, ""V"": 2837, ""F"": 397}","{""N"": 14946, ""S"": 180, ""V"": 951, ""F"": 17}",0.025852032152901442,111.22616171836853,"[[10431, 493, 2972, 1050], [39, 16, 122, 3], [144, 154, 633, 20], [11, 0, 4, 2]]","{""sample_weight_max"": 1.0, ""sample_weight_mean"": 1.0, ""sample_weight_min"": 1.0}","{""factor"": 10, ""generated_self_to_real_nn_ratio"": 1.5913184237039841, ""max_pool_size"": 7543, ""n_synthetic_f"": 3573, ""quality_attempt"": 2, ""quality_gate_passed"": false, ""selected_to_real_nn_ratio"": 2.411340939965181, ""synthetic_source_record_counts"": {""205"": 1191, ""208"": 1191, ""223"": 1191}, ""used"": true, ""wgan_seed"": 2940100}",0.6885795948800796,0.2819665033185125,0.020811335757954977,0.003663003663003663,0.006681281970978181,0.8158460756325525,0.9817411764705882,0.6979124849458049,14946,10625,0.03795966785290629,0.024132730015082957,0.08888888888888889,180,663,0.27039726612558734,0.16965960868399893,0.6656151419558359,951,3731,0.003663003663003663,0.0018604651162790699,0.11764705882352941,17,1075
HOLDOUT_MINOR_F,"[""108"", ""109"", ""124"", ""201"", ""203"", ""215"", ""114""]",WGAN_F_RECORD_BALANCED_X10,wgan_f_record_balanced,"{""config_id"": ""WGAN_F_RECORD_BALANCED_X10"", ""family"": ""wgan_f_record_balanced"", ""kind"": ""wgan_f_record_balanced"", ""wgan_factor"": 10}",8202,318885,15,38483,16094,"{""N"": 30912, ""S"": 764, ""V"": 2837, ""F"": 397}","{""N"": 14946, ""S"": 180, ""V"": 951, ""F"": 17}",0.03060704257860981,111.21580243110657,"[[10490, 291, 1817, 2348], [45, 10, 123, 2], [67, 96, 762, 26], [9, 0, 6, 2]]","{""sample_weight_max"": 1.0, ""sample_weight_mean"": 1.0, ""sample_weight_min"": 1.0}","{""factor"": 10, ""generated_self_to_real_nn_ratio"": 1.5887565910669723, ""max_pool_size"": 7543, ""n_synthetic_f"": 3573, ""quality_attempt"": 3, ""quality_gate_passed"": false, ""selected_to_real_nn_ratio"": 2.4464040032413954, ""synthetic_source_record_counts"": {""205"": 1191, ""208"": 1191, ""223"": 1191}, ""used"": true, ""wgan_seed"": 2950200}",0.6998881570771717,0.3184373890214362,0.018166095599222817,0.0016701461377870565,0.0031867431485022306,0.8209101224713385,0.9885967392328715,0.7018600294393149,14946,10611,0.03466204506065858,0.02518891687657431,0.05555555555555555,180,397,0.41650724241596065,0.2813884785819793,0.8012618296529969,951,2708,0.0016701461377870565,0.0008410428931875525,0.11764705882352941,17,2378
HOLDOUT_MINOR_F,"[""108"", ""109"", ""124"", ""201"", ""203"", ""215"", ""114""]",WGAN_F_RECORD_BALANCED_X10,wgan_f_record_balanced,"{""config_id"": ""WGAN_F_RECORD_BALANCED_X10"", ""family"": ""wgan_f_record_balanced"", ""kind"": ""wgan_f_record_balanced"", ""wgan_factor"": 10}",8203,318885,15,38483,16094,"{""N"": 30912, ""S"": 764, ""V"": 2837, ""F"": 397}","{""N"": 14946, ""S"": 180, ""V"": 951, ""F"": 17}",0.04743607354247316,111.07283639907837,"[[10084, 1195, 3036, 631], [39, 21, 118, 2], [90, 98, 756, 7], [10, 1, 4, 2]]","{""sample_weight_max"": 1.0, ""sample_weight_mean"": 1.0, ""sample_weight_min"": 1.0}","{""factor"": 10, ""generated_self_to_real_nn_ratio"": 1.5940952978081149, ""max_pool_size"": 7543, ""n_synthetic_f"": 3573, ""quality_attempt"": 1, ""quality_gate_passed"": false, ""selected_to_real_nn_ratio"": 2.431919199088834, ""synthetic_source_record_counts"": {""205"": 1191, ""208"": 1191, ""223"": 1191}, ""used"": true, ""wgan_seed"": 2930300}",0.674972039269293,0.28656450138887773,0.017081724108180533,0.006069802731411229,0.009982767841226453,0.8013031904326751,0.9864032084515308,0.6746955707212632,14946,10223,0.028093645484949834,0.01596958174904943,0.11666666666666667,180,1315,0.3107913669064748,0.1931527848748084,0.7949526813880127,951,3914,0.006069802731411229,0.003115264797507788,0.11764705882352941,17,642
HOLDOUT_MINOR_F,"[""108"", ""109"", ""124"", ""201"", ""203"", ""215"", ""114""]",WGAN_F_RECORD_BALANCED_X10,wgan_f_record_balanced,"{""config_id"": ""WGAN_F_RECORD_BALANCED_X10"", ""family"": ""wgan_f_record_balanced"", ""kind"": ""wgan_f_record_balanced"", ""wgan_factor"": 10}",8204,318885,15,38483,16094,"{""N"": 30912, ""S"": 764, ""V"": 2837, ""F"": 397}","{""N"": 14946, ""S"": 180, ""V"": 951, ""F"": 17}",0.02570293153482613,111.37306451797485,"[[10640, 399, 3861, 46], [40, 28, 111, 1], [42, 137, 763, 9], [10, 1, 4, 2]]","{""sample_weight_max"": 1.0, ""sample_weight_mean"": 1.0, ""sample_weight_min"": 1.0}","{""factor"": 10, ""generated_self_to_real_nn_ratio"": 1.5831906186188318, ""max_pool_size"": 7543, ""n_synthetic_f"": 3573, ""quality_attempt"": 3, ""quality_gate_passed"": false, ""selected_to_real_nn_ratio"": 2.4358041413884504, ""synthetic_source_record_counts"": {""205"": 1191, ""208"": 1191, ""223"": 1191}, ""used"": true, ""wgan_seed"": 2950400}",0.7103889648316143,0.3063539759568755,0.06425055928411633,0.05333333333333334,0.06239554317548746,0.8287249785808863,0.9914275065225494,0.7118961595075606,14946,10732,0.07516778523489932,0.049557522123893805,0.15555555555555556,180,565,0.2681898066783831,0.16100443131462333,0.8023133543638276,951,4739,0.05333333333333334,0.034482758620689655,0.11764705882352941,17,58
HOLDOUT_MINOR_F,"[""108"", ""109"", ""124"", ""201"", ""203"", ""215"", ""114""]",WGAN_F_RECORD_BALANCED_X20,wgan_f_record_balanced,"{""config_id"": ""WGAN_F_RECORD_BALANCED_X20"", ""family"": ""wgan_f_record_balanced"", ""kind"": ""wgan_f_record_balanced"", ""wgan_factor"": 20}",8200,318885,15,42453,16094,"{""N"": 30912, ""S"": 764, ""V"": 2837, ""F"": 397}","{""N"": 14946, ""S"": 180, ""V"": 951, ""F"": 17}",0.02231268509053899,123.35880017280579,"[[10427, 167, 2845, 1507], [41, 14, 122, 3], [30, 82, 818, 21], [8, 0, 7, 2]]","{""sample_weight_max"": 1.0, ""sample_weight_mean"": 1.0, ""sample_weight_min"": 1.0}","{""factor"": 20, ""generated_self_to_real_nn_ratio"": 1.5831414587724366, ""max_pool_size"": 7543, ""n_synthetic_f"": 7543, ""quality_attempt"": 3, ""quality_gate_passed"": false, ""selected_to_real_nn_ratio"": 2.436751059927036, ""synthetic_source_record_counts"": {""205"": 2515, ""208"": 2514, ""223"": 2514}, ""used"": true, ""wgan_seed"": 2950000}",0.699701752205791,0.3075154131755336,0.0328930313842569,0.0025806451612903226,0.004958824050296644,0.8193462203363193,0.9924804873405673,0.6976448548106516,14946,10506,0.06320541760722348,0.053231939163498096,0.07777777777777778,180,263,0.3449293695973013,0.21571729957805907,0.8601472134595163,951,3792,0.0025806451612903226,0.001304631441617743,0.11764705882352941,17,1533
HOLDOUT_MINOR_F,"[""108"", ""109"", ""124"", ""201"", ""203"", ""215"", ""114""]",WGAN_F_RECORD_BALANCED_X20,wgan_f_record_balanced,"{""config_id"": ""WGAN_F_RECORD_BALANCED_X20"", ""family"": ""wgan_f_record_balanced"", ""kind"": ""wgan_f_record_balanced"", ""wgan_factor"": 20}",8201,318885,15,42453,16094,"{""N"": 30912, ""S"": 764, ""V"": 2837, ""F"": 397}","{""N"": 14946, ""S"": 180, ""V"": 951, ""F"": 17}",0.03763000064297437,123.10368633270264,"[[10201, 1378, 3108, 259], [37, 12, 129, 2], [18, 46, 881, 6], [8, 0, 7, 2]]","{""sample_weight_max"": 1.0, ""sample_weight_mean"": 1.0, ""sample_weight_min"": 1.0}","{""factor"": 20, ""generated_self_to_real_nn_ratio"": 1.5913184237039841, ""max_pool_size"": 7543, ""n_synthetic_f"": 7543, ""quality_attempt"": 2, ""quality_gate_passed"": false, ""selected_to_real_nn_ratio"": 2.411340939965181, ""synthetic_source_record_counts"": {""205"": 2515, ""208"": 2514, ""223"": 2514}, ""used"": true, ""wgan_seed"": 2940100}",0.6894494842798559,0.2963108123846942,0.014418749567264418,0.013986013986013986,0.01440576230492197,0.8092820309401031,0.9938620420888542,0.6825237521744949,14946,10264,0.01485148514851485,0.008356545961002786,0.06666666666666667,180,1436,0.347123719464145,0.21357575757575759,0.9263932702418507,951,4125,0.013986013986013986,0.007434944237918215,0.11764705882352941,17,269
HOLDOUT_MINOR_F,"[""108"", ""109"", ""124"", ""201"", ""203"", ""215"", ""114""]",WGAN_F_RECORD_BALANCED_X20,wgan_f_record_balanced,"{""config_id"": ""WGAN_F_RECORD_BALANCED_X20"", ""family"": ""wgan_f_record_balanced"", ""kind"": ""wgan_f_record_balanced"", ""wgan_factor"": 20}",8202,318885,15,42453,16094,"{""N"": 30912, ""S"": 764, ""V"": 2837, ""F"": 397}","{""N"": 14946, ""S"": 180, ""V"": 951, ""F"": 17}",0.034464037060925296,123.11416506767273,"[[9135, 550, 5151, 110], [34, 7, 139, 0], [21, 24, 894, 12], [8, 0, 7, 2]]","{""sample_weight_max"": 1.0, ""sample_weight_mean"": 1.0, ""sample_weight_min"": 1.0}","{""factor"": 20, ""generated_self_to_real_nn_ratio"": 1.5887565910669723, ""max_pool_size"": 7543, ""n_synthetic_f"": 7543, ""quality_attempt"": 3, ""quality_gate_passed"": false, ""selected_to_real_nn_ratio"": 2.4464040032413954, ""synthetic_source_record_counts"": {""205"": 2515, ""208"": 2514, ""223"": 2514}, ""used"": true, ""wgan_seed"": 2950200}",0.6237106996396172,0.26345635603422635,0.02338282029058443,0.018396846254927726,0.022319649262654444,0.7567097415506958,0.9931506849315068,0.6112003211561622,14946,9198,0.018396846254927726,0.012048192771084338,0.03888888888888889,180,581,0.25035004200504063,0.1444031658859635,0.9400630914826499,951,6191,0.028368794326241134,0.016129032258064516,0.11764705882352941,17,124
HOLDOUT_MINOR_F,"[""108"", ""109"", ""124"", ""201"", ""203"", ""215"", ""114""]",WGAN_F_RECORD_BALANCED_X20,wgan_f_record_balanced,"{""config_id"": ""WGAN_F_RECORD_BALANCED_X20"", ""family"": ""wgan_f_record_balanced"", ""kind"": ""wgan_f_record_balanced"", ""wgan_factor"": 20}",8203,318885,15,42453,16094,"{""N"": 30912, ""S"": 764, ""V"": 2837, ""F"": 397}","{""N"": 14946, ""S"": 180, ""V"": 951, ""F"": 17}",0.03959967946713119,123.13688540458679,"[[9909, 856, 2057, 2124], [45, 29, 105, 1], [166, 105, 644, 36], [10, 0, 5, 2]]","{""sample_weight_max"": 1.0, ""sample_weight_mean"": 1.0, ""sample_weight_min"": 1.0}","{""factor"": 20, ""generated_self_to_real_nn_ratio"": 1.5940952978081149, ""max_pool_size"": 7543, ""n_synthetic_f"": 7543, ""quality_attempt"": 1, ""quality_gate_passed"": false, ""selected_to_real_nn_ratio"": 2.431919199088834, ""synthetic_source_record_counts"": {""205"": 2515, ""208"": 2514, ""223"": 2514}, ""used"": true, ""wgan_seed"": 2930300}",0.6576363862308935,0.29602400654219063,0.025703755978985336,0.001834862385321101,0.0035387431360585724,0.7903174349976073,0.9781836130306022,0.66298675230831,14946,10130,0.04957264957264957,0.029292929292929294,0.16111111111111112,180,990,0.3423710792131845,0.22909996442547137,0.6771819137749737,951,2811,0.001834862385321101,0.0009246417013407304,0.11764705882352941,17,2163
HOLDOUT_MINOR_F,"[""108"", ""109"", ""124"", ""201"", ""203"", ""215"", ""114""]",WGAN_F_RECORD_BALANCED_X20,wgan_f_record_balanced,"{""config_id"": ""WGAN_F_RECORD_BALANCED_X20"", ""family"": ""wgan_f_record_balanced"", ""kind"": ""wgan_f_record_balanced"", ""wgan_factor"": 20}",8204,318885,15,42453,16094,"{""N"": 30912, ""S"": 764, ""V"": 2837, ""F"": 397}","{""N"": 14946, ""S"": 180, ""V"": 951, ""F"": 17}",0.041349244349585645,122.35947608947754,"[[10719, 695, 3280, 252], [42, 14, 123, 1], [26, 87, 834, 4], [9, 0, 6, 2]]","{""sample_weight_max"": 1.0, ""sample_weight_mean"": 1.0, ""sample_weight_min"": 1.0}","{""factor"": 20, ""generated_self_to_real_nn_ratio"": 1.5831906186188318, ""max_pool_size"": 7543, ""n_synthetic_f"": 7543, ""quality_attempt"": 3, ""quality_gate_passed"": false, ""selected_to_real_nn_ratio"": 2.4358041413884504, ""synthetic_source_record_counts"": {""205"": 2515, ""208"": 2514, ""223"": 2514}, ""used"": true, ""wgan_seed"": 2950400}",0.7188393190008698,0.2992808697332026,0.02159063910667617,0.014492753623188406,0.01925722145804677,0.832802424054075,0.9928677287884402,0.7171818546768366,14946,10796,0.028688524590163935,0.017587939698492462,0.07777777777777778,180,796,0.3211397766653831,0.19655903841621494,0.8769716088328076,951,4243,0.014492753623188406,0.007722007722007722,0.11764705882352941,17,259
HOLDOUT_MINOR_F,"[""108"", ""109"", ""124"", ""201"", ""203"", ""215"", ""114""]",WGAN_F_RECORD_BALANCED_X5,wgan_f_record_balanced,"{""config_id"": ""WGAN_F_RECORD_BALANCED_X5"", ""family"": ""wgan_f_record_balanced"", ""kind"": ""wgan_f_record_balanced"", ""wgan_factor"": 5}",8200,318885,15,36498,16094,"{""N"": 30912, ""S"": 764, ""V"": 2837, ""F"": 397}","{""N"": 14946, ""S"": 180, ""V"": 951, ""F"": 17}",0.05793495952468137,105.96648263931274,"[[9054, 419, 5374, 99], [43, 16, 121, 0], [54, 20, 868, 9], [8, 0, 8, 1]]","{""sample_weight_max"": 1.0, ""sample_weight_mean"": 1.0, ""sample_weight_min"": 1.0}","{""factor"": 5, ""generated_self_to_real_nn_ratio"": 1.5831414587724366, ""max_pool_size"": 7543, ""n_synthetic_f"": 1588, ""quality_attempt"": 3, ""quality_gate_passed"": false, ""selected_to_real_nn_ratio"": 2.436751059927036, ""synthetic_source_record_counts"": {""205"": 530, ""208"": 529, ""223"": 529}, ""used"": true, ""wgan_seed"": 2950000}",0.6175593388840561,0.263643462025939,0.03313335833020872,0.015873015873015872,0.024141833270463972,0.7512134411947728,0.9885358663609565,0.6057808109193095,14946,9159,0.050393700787401574,0.035164835164835165,0.08888888888888889,180,455,0.23709369024856597,0.1362423481400094,0.9127234490010515,951,6371,0.015873015873015872,0.009174311926605505,0.058823529411764705,17,109
HOLDOUT_MINOR_F,"[""108"", ""109"", ""124"", ""201"", ""203"", ""215"", ""114""]",WGAN_F_RECORD_BALANCED_X5,wgan_f_record_balanced,"{""config_id"": ""WGAN_F_RECORD_BALANCED_X5"", ""family"": ""wgan_f_record_balanced"", ""kind"": ""wgan_f_record_balanced"", ""wgan_factor"": 5}",8201,318885,15,36498,16094,"{""N"": 30912, ""S"": 764, ""V"": 2837, ""F"": 397}","{""N"": 14946, ""S"": 180, ""V"": 951, ""F"": 17}",0.03171951611722647,106.02460098266602,"[[9788, 289, 4575, 294], [39, 8, 131, 2], [90, 29, 823, 9], [10, 1, 3, 3]]","{""sample_weight_max"": 1.0, ""sample_weight_mean"": 1.0, ""sample_weight_min"": 1.0}","{""factor"": 5, ""generated_self_to_real_nn_ratio"": 1.5913184237039841, ""max_pool_size"": 7543, ""n_synthetic_f"": 1588, ""quality_attempt"": 2, ""quality_gate_passed"": false, ""selected_to_real_nn_ratio"": 2.411340939965181, ""synthetic_source_record_counts"": {""205"": 530, ""208"": 529, ""223"": 529}, ""used"": true, ""wgan_seed"": 2940100}",0.659997514601715,0.2727381698691464,0.02500986193293886,0.018461538461538463,0.023295316670710994,0.7870381538214127,0.9859977838218998,0.654890940719925,14946,9927,0.03155818540433925,0.024464831804281346,0.044444444444444446,180,327,0.2538948017892951,0.1487707881417209,0.8654048370136698,951,5532,0.018461538461538463,0.00974025974025974,0.17647058823529413,17,308
HOLDOUT_MINOR_F,"[""108"", ""109"", ""124"", ""201"", ""203"", ""215"", ""114""]",WGAN_F_RECORD_BALANCED_X5,wgan_f_record_balanced,"{""config_id"": ""WGAN_F_RECORD_BALANCED_X5"", ""family"": ""wgan_f_record_balanced"", ""kind"": ""wgan_f_record_balanced"", ""wgan_factor"": 5}",8202,318885,15,36498,16094,"{""N"": 30912, ""S"": 764, ""V"": 2837, ""F"": 397}","{""N"": 14946, ""S"": 180, ""V"": 951, ""F"": 17}",0.024592992438371628,105.74008536338806,"[[12484, 403, 1838, 221], [41, 9, 130, 0], [48, 69, 814, 20], [10, 0, 5, 2]]","{""sample_weight_max"": 1.0, ""sample_weight_mean"": 1.0, ""sample_weight_min"": 1.0}","{""factor"": 5, ""generated_self_to_real_nn_ratio"": 1.5887565910669723, ""max_pool_size"": 7543, ""n_synthetic_f"": 1588, ""quality_attempt"": 3, ""quality_gate_passed"": false, ""selected_to_real_nn_ratio"": 2.4464040032413954, ""synthetic_source_record_counts"": {""205"": 530, ""208"": 529, ""223"": 529}, ""used"": true, ""wgan_seed"": 2950200}",0.8269541444016404,0.3462784833537781,0.021308041429070175,0.015384615384615385,0.019661387220098307,0.9069708307602892,0.9921322419136931,0.8352736518131941,14946,12583,0.02723146747352496,0.018711018711018712,0.05,180,481,0.43552701979668274,0.292070326515967,0.8559411146161935,951,2787,0.015384615384615385,0.00823045267489712,0.11764705882352941,17,243
HOLDOUT_MINOR_F,"[""108"", ""109"", ""124"", ""201"", ""203"", ""215"", ""114""]",WGAN_F_RECORD_BALANCED_X5,wgan_f_record_balanced,"{""config_id"": ""WGAN_F_RECORD_BALANCED_X5"", ""family"": ""wgan_f_record_balanced"", ""kind"": ""wgan_f_record_balanced"", ""wgan_factor"": 5}",8203,318885,15,36498,16094,"{""N"": 30912, ""S"": 764, ""V"": 2837, ""F"": 397}","{""N"": 14946, ""S"": 180, ""V"": 951, ""F"": 17}",0.03755830732696558,105.52427244186401,"[[9827, 227, 3693, 1199], [42, 12, 122, 4], [81, 44, 811, 15], [9, 0, 5, 3]]","{""sample_weight_max"": 1.0, ""sample_weight_mean"": 1.0, ""sample_weight_min"": 1.0}","{""factor"": 5, ""generated_self_to_real_nn_ratio"": 1.5940952978081149, ""max_pool_size"": 7543, ""n_synthetic_f"": 1588, ""quality_attempt"": 1, ""quality_gate_passed"": false, ""selected_to_real_nn_ratio"": 2.431919199088834, ""synthetic_source_record_counts"": {""205"": 530, ""208"": 529, ""223"": 529}, ""used"": true, ""wgan_seed"": 2930300}",0.6619236982726482,0.2841045093537247,0.028341189893823032,0.004846526655896607,0.00886426592797784,0.7891588034531218,0.9867456571944975,0.657500334537669,14946,9959,0.05183585313174946,0.04240282685512368,0.06666666666666667,180,283,0.29057685417413115,0.17512416324767868,0.8527865404837014,951,4631,0.004846526655896607,0.002457002457002457,0.17647058823529413,17,1221
HOLDOUT_MINOR_F,"[""108"", ""109"", ""124"", ""201"", ""203"", ""215"", ""114""]",WGAN_F_RECORD_BALANCED_X5,wgan_f_record_balanced,"{""config_id"": ""WGAN_F_RECORD_BALANCED_X5"", ""family"": ""wgan_f_record_balanced"", ""kind"": ""wgan_f_record_balanced"", ""wgan_factor"": 5}",8204,318885,15,36498,16094,"{""N"": 30912, ""S"": 764, ""V"": 2837, ""F"": 397}","{""N"": 14946, ""S"": 180, ""V"": 951, ""F"": 17}",0.05736015441940833,105.68625402450562,"[[9311, 356, 5197, 82], [40, 11, 126, 3], [31, 29, 872, 19], [8, 0, 7, 2]]","{""sample_weight_max"": 1.0, ""sample_weight_mean"": 1.0, ""sample_weight_min"": 1.0}","{""factor"": 5, ""generated_self_to_real_nn_ratio"": 1.5831906186188318, ""max_pool_size"": 7543, ""n_synthetic_f"": 1588, ""quality_attempt"": 3, ""quality_gate_passed"": false, ""selected_to_real_nn_ratio"": 2.4358041413884504, ""synthetic_source_record_counts"": {""205"": 530, ""208"": 529, ""223"": 529}, ""used"": true, ""wgan_seed"": 2950400}",0.6335280228656642,0.26993309183863695,0.035357384823848245,0.032520325203252036,0.035129740518962074,0.7652038132807364,0.9915867944621938,0.6229760471029038,14946,9390,0.03819444444444445,0.027777777777777776,0.06111111111111111,180,396,0.24381378442611493,0.14059980651402773,0.9169295478443743,951,6202,0.032520325203252036,0.018867924528301886,0.11764705882352941,17,106
