representation,config_id,role,seed,record_id,n_beats,confusion_json,Accuracy,Support_N,Predicted_N,TP_N,FP_N,FN_N,Precision_N,Recall_N,F1_N,Support_S,Predicted_S,TP_S,FP_S,FN_S,Precision_S,Recall_S,F1_S,Support_V,Predicted_V,TP_V,FP_V,FN_V,Precision_V,Recall_V,F1_V,Support_F,Predicted_F,TP_F,FP_F,FN_F,Precision_F,Recall_F,F1_F,Macro_F1_present_classes,Rare_Macro_present_classes,Min_Rare_present_classes
RAW_1D,BASELINE_CE,baseline,7100,100,2272,"[[2238, 0, 0, 0], [5, 28, 0, 0], [0, 0, 1, 0], [0, 0, 0, 0]]",0.9977992957746479,2238,2243,2238,5,0,0.9977708426214891,1.0,0.9988841776389199,33,28,28,0,5,1.0,0.8484848484848485,0.9180327868852459,1,1,1,0,0,1.0,1.0,1.0,0,0,0,0,0,,,,0.9723056548413886,0.9180327868852459,0.9180327868852459
RAW_1D,BASELINE_CE,baseline,7100,103,2084,"[[2082, 0, 0, 0], [1, 1, 0, 0], [0, 0, 0, 0], [0, 0, 0, 0]]",0.9995201535508638,2082,2083,2082,1,0,0.99951992318771,1.0,0.9997599039615847,2,1,1,0,1,1.0,0.5,0.6666666666666666,0,0,0,0,0,,,,0,0,0,0,0,,,,0.8332132853141256,0.6666666666666666,0.6666666666666666
RAW_1D,BASELINE_CE,baseline,7100,105,2567,"[[2493, 1, 28, 4], [0, 0, 0, 0], [1, 11, 29, 0], [0, 0, 0, 0]]",0.9824698091156993,2526,2494,2493,1,33,0.9995990376904571,0.9869358669833729,0.9932270916334661,0,12,0,12,0,0.0,,,41,57,29,28,12,0.5087719298245614,0.7073170731707317,0.5918367346938775,0,4,0,4,0,0.0,,,0.7925319131636719,,
RAW_1D,BASELINE_CE,baseline,7100,111,2124,"[[2120, 0, 3, 0], [0, 0, 0, 0], [0, 0, 1, 0], [0, 0, 0, 0]]",0.998587570621469,2123,2120,2120,0,3,1.0,0.9985869053226566,0.9992929530992223,0,0,0,0,0,,,,1,4,1,3,0,0.25,1.0,0.4,0,0,0,0,0,,,,0.6996464765496111,,
RAW_1D,BASELINE_CE,baseline,7100,113,1794,"[[1788, 0, 0, 0], [0, 1, 5, 0], [0, 0, 0, 0], [0, 0, 0, 0]]",0.9972129319955407,1788,1788,1788,0,0,1.0,1.0,1.0,6,1,1,0,5,1.0,0.16666666666666666,0.2857142857142857,0,5,0,5,0,0.0,,,0,0,0,0,0,,,,0.6428571428571428,0.2857142857142857,0.2857142857142857
RAW_1D,BASELINE_CE,baseline,7100,117,1534,"[[1533, 0, 0, 0], [0, 0, 1, 0], [0, 0, 0, 0], [0, 0, 0, 0]]",0.999348109517601,1533,1533,1533,0,0,1.0,1.0,1.0,1,0,0,0,1,,0.0,0.0,0,1,0,1,0,0.0,,,0,0,0,0,0,,,,0.5,0.0,0.0
RAW_1D,BASELINE_CE,baseline,7100,121,1863,"[[1858, 2, 1, 0], [1, 0, 0, 0], [0, 0, 1, 0], [0, 0, 0, 0]]",0.9978529253891573,1861,1859,1858,1,3,0.9994620763851533,0.9983879634605051,0.9989247311827957,1,2,0,2,1,0.0,0.0,0.0,1,2,1,1,0,0.5,1.0,0.6666666666666666,0,0,0,0,0,,,,0.5551971326164874,0.0,0.0
RAW_1D,BASELINE_CE,baseline,7100,123,1518,"[[1512, 3, 0, 0], [0, 0, 0, 0], [0, 0, 3, 0], [0, 0, 0, 0]]",0.9980237154150198,1515,1512,1512,0,3,1.0,0.998019801980198,0.9990089197224975,0,3,0,3,0,0.0,,,3,3,3,0,0,1.0,1.0,1.0,0,0,0,0,0,,,,0.9995044598612488,,
RAW_1D,BASELINE_CE,baseline,7100,200,2600,"[[1735, 7, 0, 0], [8, 22, 0, 0], [80, 20, 725, 1], [2, 0, 0, 0]]",0.9546153846153846,1742,1825,1735,90,7,0.9506849315068493,0.9959816303099885,0.9728062797869358,30,49,22,27,8,0.4489795918367347,0.7333333333333333,0.5569620253164557,826,725,725,0,101,1.0,0.8777239709443099,0.9348807221147647,2,1,0,1,2,0.0,0.0,0.0,0.6161622568045391,0.27848101265822783,0.0
RAW_1D,BASELINE_CE,baseline,7100,202,2136,"[[1893, 117, 42, 9], [23, 22, 10, 0], [1, 0, 18, 0], [0, 0, 1, 0]]",0.9049625468164794,2061,1917,1893,24,168,0.9874804381846636,0.9184861717612809,0.951734539969834,55,139,22,117,33,0.15827338129496402,0.4,0.2268041237113402,19,71,18,53,1,0.2535211267605634,0.9473684210526315,0.4,1,9,0,9,1,0.0,0.0,0.0,0.3946346659202936,0.1134020618556701,0.0
RAW_1D,BASELINE_CE,baseline,7100,210,2648,"[[2040, 18, 279, 84], [12, 5, 5, 0], [26, 21, 148, 0], [9, 0, 1, 0]]",0.8281722054380665,2421,2087,2040,47,381,0.97747963584092,0.8426270136307311,0.9050576752440106,22,44,5,39,17,0.11363636363636363,0.22727272727272727,0.15151515151515152,195,433,148,285,47,0.3418013856812933,0.7589743589743589,0.4713375796178344,10,84,0,84,10,0.0,0.0,0.0,0.3819776015942491,0.07575757575757576,0.0
RAW_1D,BASELINE_CE,baseline,7100,212,2747,"[[2747, 0, 0, 0], [0, 0, 0, 0], [0, 0, 0, 0], [0, 0, 0, 0]]",1.0,2747,2747,2747,0,0,1.0,1.0,1.0,0,0,0,0,0,,,,0,0,0,0,0,,,,0,0,0,0,0,,,,1.0,,
RAW_1D,BASELINE_CE,baseline,7100,213,3250,"[[2637, 1, 2, 0], [9, 11, 8, 0], [108, 0, 108, 4], [359, 0, 3, 0]]",0.848,2640,3113,2637,476,3,0.8470928364921297,0.9988636363636364,0.9167390926473145,28,12,11,1,17,0.9166666666666666,0.39285714285714285,0.55,220,121,108,13,112,0.8925619834710744,0.4909090909090909,0.6334310850439883,362,4,0,4,362,0.0,0.0,0.0,0.5250425444228257,0.275,0.0
RAW_1D,BASELINE_CE,baseline,7100,214,2258,"[[1768, 0, 186, 47], [0, 0, 0, 0], [4, 63, 189, 0], [0, 1, 0, 0]]",0.866696191319752,2001,1772,1768,4,233,0.9977426636568849,0.8835582208895553,0.937185263715876,0,64,0,64,0,0.0,,,256,375,189,186,67,0.504,0.73828125,0.5990491283676703,1,47,0,47,1,0.0,0.0,0.0,0.5120781306945155,0.0,0.0
RAW_1D,BASELINE_CE,baseline,7100,219,2154,"[[1790, 123, 162, 7], [7, 0, 0, 0], [2, 6, 56, 0], [0, 1, 0, 0]]",0.8570102135561746,2082,1799,1790,9,292,0.9949972206781545,0.8597502401536984,0.9224426694150992,7,130,0,130,7,0.0,0.0,0.0,64,218,56,162,8,0.25688073394495414,0.875,0.3971631205673759,1,7,0,7,1,0.0,0.0,0.0,0.3299014474956188,0.0,0.0
RAW_1D,BASELINE_CE,baseline,7100,221,2427,"[[1928, 102, 0, 1], [0, 0, 0, 0], [0, 1, 395, 0], [0, 0, 0, 0]]",0.9571487433044912,2031,1928,1928,0,103,1.0,0.9492860659773511,0.973983329123516,0,103,0,103,0,0.0,,,396,395,395,0,1,1.0,0.9974747474747475,0.9987357774968394,0,1,0,1,0,0.0,,,0.9863595533101777,,
RAW_1D,BASELINE_CE,baseline,7100,222,2483,"[[2170, 50, 49, 5], [115, 62, 32, 0], [0, 0, 0, 0], [0, 0, 0, 0]]",0.8989126057188884,2274,2285,2170,115,104,0.949671772428884,0.9542656112576957,0.9519631498135556,209,112,62,50,147,0.5535714285714286,0.2966507177033493,0.3862928348909657,0,81,0,81,0,0.0,,,0,5,0,5,0,0.0,,,0.6691279923522606,0.3862928348909657,0.3862928348909657
RAW_1D,BASELINE_CE,baseline,7100,228,2053,"[[1688, 0, 0, 0], [3, 0, 0, 0], [27, 90, 245, 0], [0, 0, 0, 0]]",0.9415489527520702,1688,1718,1688,30,0,0.9825378346915018,1.0,0.9911920140927775,3,90,0,90,3,0.0,0.0,0.0,362,245,245,0,117,1.0,0.6767955801104972,0.8072487644151565,0,0,0,0,0,,,,0.5994802595026446,0.0,0.0
RAW_1D,BASELINE_CE,baseline,7100,231,1571,"[[1562, 0, 6, 0], [1, 0, 0, 0], [1, 0, 1, 0], [0, 0, 0, 0]]",0.9949077021005729,1568,1564,1562,2,6,0.9987212276214834,0.9961734693877551,0.9974457215836526,1,0,0,0,1,,0.0,0.0,2,7,1,6,1,0.14285714285714285,0.5,0.2222222222222222,0,0,0,0,0,,,,0.40655598126862497,0.0,0.0
RAW_1D,BASELINE_CE,baseline,7100,232,1780,"[[397, 0, 1, 0], [233, 9, 1140, 0], [0, 0, 0, 0], [0, 0, 0, 0]]",0.22808988764044943,398,630,397,233,1,0.6301587301587301,0.9974874371859297,0.7723735408560312,1382,9,9,0,1373,1.0,0.006512301013024602,0.012940330697340043,0,1141,0,1141,0,0.0,,,0,0,0,0,0,,,,0.3926569357766856,0.012940330697340043,0.012940330697340043
RAW_1D,BASELINE_CE,baseline,7100,233,3077,"[[2213, 0, 8, 8], [0, 3, 4, 0], [293, 27, 510, 0], [8, 0, 1, 2]]",0.8865778355541112,2229,2514,2213,301,16,0.8802704852824185,0.9928218932256617,0.9331646637149483,7,30,3,27,4,0.1,0.42857142857142855,0.16216216216216217,830,523,510,13,320,0.9751434034416826,0.6144578313253012,0.753880266075388,11,10,2,8,9,0.2,0.18181818181818182,0.19047619047619047,0.5099208206071723,0.17631917631917632,0.16216216216216217
RAW_1D,BASELINE_CE,baseline,7100,234,2753,"[[2698, 1, 1, 0], [44, 1, 0, 5], [0, 0, 3, 0], [0, 0, 0, 0]]",0.9814747548129313,2700,2742,2698,44,2,0.9839533187454412,0.9992592592592593,0.9915472252848218,50,2,1,1,49,0.5,0.02,0.038461538461538464,3,4,3,1,0,0.75,1.0,0.8571428571428571,0,5,0,5,0,0.0,,,0.6290505402964057,0.038461538461538464,0.038461538461538464
RAW_1D,BASELINE_CE,baseline,7101,100,2272,"[[2237, 1, 0, 0], [0, 30, 3, 0], [0, 0, 1, 0], [0, 0, 0, 0]]",0.9982394366197183,2238,2237,2237,0,1,1.0,0.9995531724754245,0.9997765363128491,33,31,30,1,3,0.967741935483871,0.9090909090909091,0.9375,1,4,1,3,0,0.25,1.0,0.4,0,0,0,0,0,,,,0.7790921787709496,0.9375,0.9375
RAW_1D,BASELINE_CE,baseline,7101,103,2084,"[[2082, 0, 0, 0], [1, 1, 0, 0], [0, 0, 0, 0], [0, 0, 0, 0]]",0.9995201535508638,2082,2083,2082,1,0,0.99951992318771,1.0,0.9997599039615847,2,1,1,0,1,1.0,0.5,0.6666666666666666,0,0,0,0,0,,,,0,0,0,0,0,,,,0.8332132853141256,0.6666666666666666,0.6666666666666666
RAW_1D,BASELINE_CE,baseline,7101,105,2567,"[[2493, 1, 27, 5], [0, 0, 0, 0], [7, 3, 31, 0], [0, 0, 0, 0]]",0.983248928710557,2526,2500,2493,7,33,0.9972,0.9869358669833729,0.9920413847990449,0,4,0,4,0,0.0,,,41,58,31,27,10,0.5344827586206896,0.7560975609756098,0.6262626262626263,0,5,0,5,0,0.0,,,0.8091520055308357,,
RAW_1D,BASELINE_CE,baseline,7101,111,2124,"[[2121, 0, 2, 0], [0, 0, 0, 0], [0, 0, 1, 0], [0, 0, 0, 0]]",0.9990583804143126,2123,2121,2121,0,2,1.0,0.999057936881771,0.9995287464655985,0,0,0,0,0,,,,1,3,1,2,0,0.3333333333333333,1.0,0.5,0,0,0,0,0,,,,0.7497643732327992,,
RAW_1D,BASELINE_CE,baseline,7101,113,1794,"[[1785, 3, 0, 0], [0, 0, 6, 0], [0, 0, 0, 0], [0, 0, 0, 0]]",0.9949832775919732,1788,1785,1785,0,3,1.0,0.9983221476510067,0.9991603694374476,6,3,0,3,6,0.0,0.0,0.0,0,6,0,6,0,0.0,,,0,0,0,0,0,,,,0.4995801847187238,0.0,0.0
RAW_1D,BASELINE_CE,baseline,7101,117,1534,"[[1533, 0, 0, 0], [0, 0, 1, 0], [0, 0, 0, 0], [0, 0, 0, 0]]",0.999348109517601,1533,1533,1533,0,0,1.0,1.0,1.0,1,0,0,0,1,,0.0,0.0,0,1,0,1,0,0.0,,,0,0,0,0,0,,,,0.5,0.0,0.0
RAW_1D,BASELINE_CE,baseline,7101,121,1863,"[[1860, 0, 1, 0], [0, 1, 0, 0], [0, 0, 1, 0], [0, 0, 0, 0]]",0.9994632313472893,1861,1860,1860,0,1,1.0,0.999462654486835,0.999731255038968,1,1,1,0,0,1.0,1.0,1.0,1,2,1,1,0,0.5,1.0,0.6666666666666666,0,0,0,0,0,,,,0.8887993072352115,1.0,1.0
RAW_1D,BASELINE_CE,baseline,7101,123,1518,"[[1512, 3, 0, 0], [0, 0, 0, 0], [0, 0, 3, 0], [0, 0, 0, 0]]",0.9980237154150198,1515,1512,1512,0,3,1.0,0.998019801980198,0.9990089197224975,0,3,0,3,0,0.0,,,3,3,3,0,0,1.0,1.0,1.0,0,0,0,0,0,,,,0.9995044598612488,,
RAW_1D,BASELINE_CE,baseline,7101,200,2600,"[[1718, 23, 0, 1], [6, 24, 0, 0], [95, 46, 684, 1], [1, 1, 0, 0]]",0.933076923076923,1742,1820,1718,102,24,0.9439560439560439,0.9862227324913893,0.9646266142616507,30,94,24,70,6,0.2553191489361702,0.8,0.3870967741935484,826,684,684,0,142,1.0,0.8280871670702179,0.9059602649006623,2,2,0,2,2,0.0,0.0,0.0,0.5644209133389654,0.1935483870967742,0.0
RAW_1D,BASELINE_CE,baseline,7101,202,2136,"[[1906, 77, 16, 62], [17, 24, 14, 0], [1, 0, 18, 0], [1, 0, 0, 0]]",0.9119850187265918,2061,1925,1906,19,155,0.9901298701298701,0.9247937894226104,0.9563472152533868,55,101,24,77,31,0.2376237623762376,0.43636363636363634,0.3076923076923077,19,48,18,30,1,0.375,0.9473684210526315,0.5373134328358209,1,62,0,62,1,0.0,0.0,0.0,0.4503382389453789,0.15384615384615385,0.0
RAW_1D,BASELINE_CE,baseline,7101,210,2648,"[[2350, 9, 26, 36], [13, 3, 6, 0], [37, 21, 137, 0], [8, 0, 2, 0]]",0.9403323262839879,2421,2408,2350,58,71,0.9759136212624585,0.9706732755059893,0.9732863946986954,22,33,3,30,19,0.09090909090909091,0.13636363636363635,0.10909090909090909,195,171,137,34,58,0.8011695906432749,0.7025641025641025,0.7486338797814208,10,36,0,36,10,0.0,0.0,0.0,0.4577527958927563,0.05454545454545454,0.0
RAW_1D,BASELINE_CE,baseline,7101,212,2747,"[[2739, 1, 0, 7], [0, 0, 0, 0], [0, 0, 0, 0], [0, 0, 0, 0]]",0.9970877320713506,2747,2739,2739,0,8,1.0,0.9970877320713506,0.998541742617572,0,1,0,1,0,0.0,,,0,0,0,0,0,,,,0,7,0,7,0,0.0,,,0.998541742617572,,
RAW_1D,BASELINE_CE,baseline,7101,213,3250,"[[2631, 6, 1, 2], [7, 10, 11, 0], [137, 0, 82, 1], [362, 0, 0, 0]]",0.8378461538461538,2640,3137,2631,506,9,0.838699394325789,0.9965909090909091,0.9108533841093993,28,16,10,6,18,0.625,0.35714285714285715,0.45454545454545453,220,94,82,12,138,0.8723404255319149,0.37272727272727274,0.5222929936305732,362,3,0,3,362,0.0,0.0,0.0,0.47192295807135676,0.22727272727272727,0.0
RAW_1D,BASELINE_CE,baseline,7101,214,2258,"[[1911, 0, 89, 1], [0, 0, 0, 0], [2, 72, 182, 0], [0, 1, 0, 0]]",0.9269264836138176,2001,1913,1911,2,90,0.9989545216936748,0.9550224887556222,0.9764946346448646,0,73,0,73,0,0.0,,,256,271,182,89,74,0.6715867158671587,0.7109375,0.6907020872865275,1,1,0,1,1,0.0,0.0,0.0,0.5557322406437973,0.0,0.0
RAW_1D,BASELINE_CE,baseline,7101,219,2154,"[[1398, 3, 657, 24], [2, 0, 5, 0], [0, 6, 58, 0], [0, 1, 0, 0]]",0.6759517177344475,2082,1400,1398,2,684,0.9985714285714286,0.6714697406340058,0.8029867892016083,7,10,0,10,7,0.0,0.0,0.0,64,720,58,662,6,0.08055555555555556,0.90625,0.14795918367346939,1,24,0,24,1,0.0,0.0,0.0,0.2377364932187694,0.0,0.0
RAW_1D,BASELINE_CE,baseline,7101,221,2427,"[[1928, 103, 0, 0], [0, 0, 0, 0], [1, 1, 394, 0], [0, 0, 0, 0]]",0.9567367119901112,2031,1929,1928,1,103,0.9994815966822188,0.9492860659773511,0.9737373737373738,0,104,0,104,0,0.0,,,396,394,394,0,2,1.0,0.9949494949494949,0.9974683544303797,0,0,0,0,0,,,,0.9856028640838768,,
RAW_1D,BASELINE_CE,baseline,7101,222,2483,"[[1933, 116, 194, 31], [77, 69, 63, 0], [0, 0, 0, 0], [0, 0, 0, 0]]",0.806282722513089,2274,2010,1933,77,341,0.9616915422885572,0.8500439753737907,0.9024276377217554,209,185,69,116,140,0.372972972972973,0.33014354066985646,0.350253807106599,0,257,0,257,0,0.0,,,0,31,0,31,0,0.0,,,0.6263407224141772,0.350253807106599,0.350253807106599
RAW_1D,BASELINE_CE,baseline,7101,228,2053,"[[1688, 0, 0, 0], [3, 0, 0, 0], [6, 22, 334, 0], [0, 0, 0, 0]]",0.9849001461276181,1688,1697,1688,9,0,0.99469652327637,1.0,0.9973412112259971,3,22,0,22,3,0.0,0.0,0.0,362,334,334,0,28,1.0,0.9226519337016574,0.9597701149425287,0,0,0,0,0,,,,0.6523704420561752,0.0,0.0
RAW_1D,BASELINE_CE,baseline,7101,231,1571,"[[1541, 26, 1, 0], [1, 0, 0, 0], [0, 1, 1, 0], [0, 0, 0, 0]]",0.9815404201145767,1568,1542,1541,1,27,0.9993514915693904,0.982780612244898,0.9909967845659164,1,27,0,27,1,0.0,0.0,0.0,2,2,1,1,1,0.5,0.5,0.5,0,0,0,0,0,,,,0.49699892818863883,0.0,0.0
RAW_1D,BASELINE_CE,baseline,7101,232,1780,"[[396, 0, 2, 0], [530, 25, 827, 0], [0, 0, 0, 0], [0, 0, 0, 0]]",0.23651685393258426,398,926,396,530,2,0.42764578833693306,0.9949748743718593,0.5981873111782477,1382,25,25,0,1357,1.0,0.01808972503617945,0.03553660270078181,0,829,0,829,0,0.0,,,0,0,0,0,0,,,,0.3168619569395148,0.03553660270078181,0.03553660270078181
RAW_1D,BASELINE_CE,baseline,7101,233,3077,"[[2190, 0, 8, 31], [1, 1, 5, 0], [74, 6, 747, 3], [5, 0, 3, 3]]",0.9558011049723757,2229,2270,2190,80,39,0.9647577092511013,0.9825033647375505,0.973549677706157,7,7,1,6,6,0.14285714285714285,0.14285714285714285,0.14285714285714285,830,763,747,16,83,0.9790301441677588,0.9,0.9378531073446328,11,37,3,34,8,0.08108108108108109,0.2727272727272727,0.125,0.5448149819769832,0.13392857142857142,0.125
RAW_1D,BASELINE_CE,baseline,7101,234,2753,"[[2687, 0, 0, 13], [30, 19, 0, 1], [0, 0, 3, 0], [0, 0, 0, 0]]",0.984017435524882,2700,2717,2687,30,13,0.9889584100110416,0.9951851851851852,0.9920620269521876,50,19,19,0,31,1.0,0.38,0.5507246376811594,3,3,3,0,0,1.0,1.0,1.0,0,14,0,14,0,0.0,,,0.8475955548777824,0.5507246376811594,0.5507246376811594
RAW_1D,BASELINE_CE,baseline,7102,100,2272,"[[2238, 0, 0, 0], [2, 31, 0, 0], [0, 0, 1, 0], [0, 0, 0, 0]]",0.9991197183098591,2238,2240,2238,2,0,0.9991071428571429,1.0,0.9995533720410897,33,31,31,0,2,1.0,0.9393939393939394,0.96875,1,1,1,0,0,1.0,1.0,1.0,0,0,0,0,0,,,,0.9894344573470298,0.96875,0.96875
RAW_1D,BASELINE_CE,baseline,7102,103,2084,"[[2082, 0, 0, 0], [1, 1, 0, 0], [0, 0, 0, 0], [0, 0, 0, 0]]",0.9995201535508638,2082,2083,2082,1,0,0.99951992318771,1.0,0.9997599039615847,2,1,1,0,1,1.0,0.5,0.6666666666666666,0,0,0,0,0,,,,0,0,0,0,0,,,,0.8332132853141256,0.6666666666666666,0.6666666666666666
RAW_1D,BASELINE_CE,baseline,7102,105,2567,"[[2507, 1, 15, 3], [0, 0, 0, 0], [2, 4, 35, 0], [0, 0, 0, 0]]",0.9902610050642774,2526,2509,2507,2,19,0.9992028696691909,0.9924782264449723,0.9958291956305859,0,5,0,5,0,0.0,,,41,50,35,15,6,0.7,0.8536585365853658,0.7692307692307693,0,3,0,3,0,0.0,,,0.8825299824306776,,
RAW_1D,BASELINE_CE,baseline,7102,111,2124,"[[2120, 0, 3, 0], [0, 0, 0, 0], [0, 0, 1, 0], [0, 0, 0, 0]]",0.998587570621469,2123,2120,2120,0,3,1.0,0.9985869053226566,0.9992929530992223,0,0,0,0,0,,,,1,4,1,3,0,0.25,1.0,0.4,0,0,0,0,0,,,,0.6996464765496111,,
RAW_1D,BASELINE_CE,baseline,7102,113,1794,"[[1788, 0, 0, 0], [1, 0, 5, 0], [0, 0, 0, 0], [0, 0, 0, 0]]",0.9966555183946488,1788,1789,1788,1,0,0.9994410285075461,1.0,0.9997204361196533,6,0,0,0,6,,0.0,0.0,0,5,0,5,0,0.0,,,0,0,0,0,0,,,,0.49986021805982667,0.0,0.0
RAW_1D,BASELINE_CE,baseline,7102,117,1534,"[[1533, 0, 0, 0], [0, 0, 1, 0], [0, 0, 0, 0], [0, 0, 0, 0]]",0.999348109517601,1533,1533,1533,0,0,1.0,1.0,1.0,1,0,0,0,1,,0.0,0.0,0,1,0,1,0,0.0,,,0,0,0,0,0,,,,0.5,0.0,0.0
RAW_1D,BASELINE_CE,baseline,7102,121,1863,"[[1861, 0, 0, 0], [0, 1, 0, 0], [0, 0, 1, 0], [0, 0, 0, 0]]",1.0,1861,1861,1861,0,0,1.0,1.0,1.0,1,1,1,0,0,1.0,1.0,1.0,1,1,1,0,0,1.0,1.0,1.0,0,0,0,0,0,,,,1.0,1.0,1.0
RAW_1D,BASELINE_CE,baseline,7102,123,1518,"[[1512, 3, 0, 0], [0, 0, 0, 0], [0, 0, 3, 0], [0, 0, 0, 0]]",0.9980237154150198,1515,1512,1512,0,3,1.0,0.998019801980198,0.9990089197224975,0,3,0,3,0,0.0,,,3,3,3,0,0,1.0,1.0,1.0,0,0,0,0,0,,,,0.9995044598612488,,
RAW_1D,BASELINE_CE,baseline,7102,200,2600,"[[1737, 5, 0, 0], [8, 22, 0, 0], [27, 37, 761, 1], [1, 1, 0, 0]]",0.9692307692307692,1742,1773,1737,36,5,0.9796954314720813,0.9971297359357061,0.9883357041251778,30,65,22,43,8,0.3384615384615385,0.7333333333333333,0.4631578947368421,826,761,761,0,65,1.0,0.9213075060532687,0.9590422180214241,2,1,0,1,2,0.0,0.0,0.0,0.602633954220861,0.23157894736842105,0.0
RAW_1D,BASELINE_CE,baseline,7102,202,2136,"[[1966, 93, 1, 1], [27, 26, 2, 0], [1, 0, 18, 0], [1, 0, 0, 0]]",0.9410112359550562,2061,1995,1966,29,95,0.9854636591478697,0.9539058709364386,0.9694280078895463,55,119,26,93,29,0.2184873949579832,0.4727272727272727,0.2988505747126437,19,21,18,3,1,0.8571428571428571,0.9473684210526315,0.9,1,1,0,1,1,0.0,0.0,0.0,0.5420696456505475,0.14942528735632185,0.0
RAW_1D,BASELINE_CE,baseline,7102,210,2648,"[[2400, 8, 11, 2], [11, 4, 7, 0], [31, 20, 144, 0], [8, 0, 2, 0]]",0.9622356495468278,2421,2450,2400,50,21,0.9795918367346939,0.9913258983890955,0.9854239375898173,22,32,4,28,18,0.125,0.18181818181818182,0.14814814814814814,195,164,144,20,51,0.8780487804878049,0.7384615384615385,0.8022284122562674,10,2,0,2,10,0.0,0.0,0.0,0.48395012449855823,0.07407407407407407,0.0
RAW_1D,BASELINE_CE,baseline,7102,212,2747,"[[2747, 0, 0, 0], [0, 0, 0, 0], [0, 0, 0, 0], [0, 0, 0, 0]]",1.0,2747,2747,2747,0,0,1.0,1.0,1.0,0,0,0,0,0,,,,0,0,0,0,0,,,,0,0,0,0,0,,,,1.0,,
RAW_1D,BASELINE_CE,baseline,7102,213,3250,"[[2586, 47, 7, 0], [25, 1, 2, 0], [118, 0, 98, 4], [355, 3, 4, 0]]",0.8261538461538461,2640,3084,2586,498,54,0.8385214007782101,0.9795454545454545,0.9035639412997903,28,51,1,50,27,0.0196078431372549,0.03571428571428571,0.02531645569620253,220,111,98,13,122,0.8828828828828829,0.44545454545454544,0.5921450151057401,362,4,0,4,362,0.0,0.0,0.0,0.38025635302543326,0.012658227848101266,0.0
RAW_1D,BASELINE_CE,baseline,7102,214,2258,"[[1717, 1, 242, 41], [0, 0, 0, 0], [3, 56, 197, 0], [0, 1, 0, 0]]",0.8476527900797166,2001,1720,1717,3,284,0.9982558139534884,0.8580709645177411,0.9228701961838216,0,58,0,58,0,0.0,,,256,439,197,242,59,0.44874715261959,0.76953125,0.5669064748201439,1,41,0,41,1,0.0,0.0,0.0,0.4965922236679885,0.0,0.0
RAW_1D,BASELINE_CE,baseline,7102,219,2154,"[[1435, 3, 644, 0], [5, 0, 2, 0], [0, 8, 56, 0], [0, 1, 0, 0]]",0.692200557103064,2082,1440,1435,5,647,0.9965277777777778,0.6892411143131604,0.814877910278251,7,12,0,12,7,0.0,0.0,0.0,64,702,56,646,8,0.07977207977207977,0.875,0.1462140992167102,1,0,0,0,1,,0.0,0.0,0.24027300237374027,0.0,0.0
RAW_1D,BASELINE_CE,baseline,7102,221,2427,"[[1887, 144, 0, 0], [0, 0, 0, 0], [1, 0, 395, 0], [0, 0, 0, 0]]",0.9402554594149155,2031,1888,1887,1,144,0.9994703389830508,0.9290989660265879,0.9630007655014035,0,144,0,144,0,0.0,,,396,395,395,0,1,1.0,0.9974747474747475,0.9987357774968394,0,0,0,0,0,,,,0.9808682714991215,,
RAW_1D,BASELINE_CE,baseline,7102,222,2483,"[[2037, 81, 147, 9], [73, 82, 54, 0], [0, 0, 0, 0], [0, 0, 0, 0]]",0.8534031413612565,2274,2110,2037,73,237,0.9654028436018958,0.895778364116095,0.9292883211678832,209,163,82,81,127,0.5030674846625767,0.3923444976076555,0.44086021505376344,0,201,0,201,0,0.0,,,0,9,0,9,0,0.0,,,0.6850742681108233,0.44086021505376344,0.44086021505376344
RAW_1D,BASELINE_CE,baseline,7102,228,2053,"[[1687, 0, 1, 0], [2, 1, 0, 0], [5, 40, 317, 0], [0, 0, 0, 0]]",0.976619581100828,1688,1694,1687,7,1,0.9958677685950413,0.9994075829383886,0.9976345357776464,3,41,1,40,2,0.024390243902439025,0.3333333333333333,0.045454545454545456,362,318,317,1,45,0.9968553459119497,0.8756906077348067,0.9323529411764706,0,0,0,0,0,,,,0.6584806741362208,0.045454545454545456,0.045454545454545456
RAW_1D,BASELINE_CE,baseline,7102,231,1571,"[[1553, 7, 8, 0], [1, 0, 0, 0], [0, 1, 1, 0], [0, 0, 0, 0]]",0.9891788669637174,1568,1554,1553,1,15,0.9993564993564994,0.9904336734693877,0.9948750800768738,1,8,0,8,1,0.0,0.0,0.0,2,9,1,8,1,0.1111111111111111,0.5,0.18181818181818182,0,0,0,0,0,,,,0.3922310872983519,0.0,0.0
RAW_1D,BASELINE_CE,baseline,7102,232,1780,"[[396, 0, 2, 0], [114, 7, 1261, 0], [0, 0, 0, 0], [0, 0, 0, 0]]",0.22640449438202248,398,510,396,114,2,0.7764705882352941,0.9949748743718593,0.8722466960352423,1382,7,7,0,1375,1.0,0.005065123010130246,0.010079193664506839,0,1263,0,1263,0,0.0,,,0,0,0,0,0,,,,0.44116294484987456,0.010079193664506839,0.010079193664506839
RAW_1D,BASELINE_CE,baseline,7102,233,3077,"[[2131, 0, 86, 12], [2, 0, 5, 0], [194, 19, 611, 6], [4, 0, 1, 6]]",0.8930776730581735,2229,2331,2131,200,98,0.9141999141999142,0.9560340960071781,0.9346491228070175,7,19,0,19,7,0.0,0.0,0.0,830,703,611,92,219,0.8691322901849218,0.736144578313253,0.7971298108284409,11,24,6,18,5,0.25,0.5454545454545454,0.34285714285714286,0.5186590191231504,0.17142857142857143,0.0
RAW_1D,BASELINE_CE,baseline,7102,234,2753,"[[2699, 0, 0, 1], [41, 8, 0, 1], [0, 0, 3, 0], [0, 0, 0, 0]]",0.9843806756265892,2700,2740,2699,41,1,0.9850364963503649,0.9996296296296296,0.9922794117647059,50,8,8,0,42,1.0,0.16,0.27586206896551724,3,3,3,0,0,1.0,1.0,1.0,0,2,0,2,0,0.0,,,0.7560471602434077,0.27586206896551724,0.27586206896551724
RAW_1D,BASELINE_CE,baseline,7103,100,2272,"[[2238, 0, 0, 0], [3, 30, 0, 0], [0, 0, 1, 0], [0, 0, 0, 0]]",0.9986795774647887,2238,2241,2238,3,0,0.998661311914324,1.0,0.999330207635633,33,30,30,0,3,1.0,0.9090909090909091,0.9523809523809523,1,1,1,0,0,1.0,1.0,1.0,0,0,0,0,0,,,,0.9839037200055284,0.9523809523809523,0.9523809523809523
RAW_1D,BASELINE_CE,baseline,7103,103,2084,"[[2082, 0, 0, 0], [1, 1, 0, 0], [0, 0, 0, 0], [0, 0, 0, 0]]",0.9995201535508638,2082,2083,2082,1,0,0.99951992318771,1.0,0.9997599039615847,2,1,1,0,1,1.0,0.5,0.6666666666666666,0,0,0,0,0,,,,0,0,0,0,0,,,,0.8332132853141256,0.6666666666666666,0.6666666666666666
RAW_1D,BASELINE_CE,baseline,7103,105,2567,"[[2500, 0, 24, 2], [0, 0, 0, 0], [2, 5, 34, 0], [0, 0, 0, 0]]",0.9871445266848461,2526,2502,2500,2,26,0.9992006394884093,0.9897070467141726,0.994431185361973,0,5,0,5,0,0.0,,,41,58,34,24,7,0.5862068965517241,0.8292682926829268,0.6868686868686869,0,2,0,2,0,0.0,,,0.8406499361153299,,
RAW_1D,BASELINE_CE,baseline,7103,111,2124,"[[2114, 0, 9, 0], [0, 0, 0, 0], [0, 0, 1, 0], [0, 0, 0, 0]]",0.9957627118644068,2123,2114,2114,0,9,1.0,0.9957607159679699,0.9978758555581779,0,0,0,0,0,,,,1,10,1,9,0,0.1,1.0,0.18181818181818182,0,0,0,0,0,,,,0.5898470186881799,,
RAW_1D,BASELINE_CE,baseline,7103,113,1794,"[[1788, 0, 0, 0], [2, 0, 4, 0], [0, 0, 0, 0], [0, 0, 0, 0]]",0.9966555183946488,1788,1790,1788,2,0,0.9988826815642458,1.0,0.9994410285075461,6,0,0,0,6,,0.0,0.0,0,4,0,4,0,0.0,,,0,0,0,0,0,,,,0.49972051425377306,0.0,0.0
RAW_1D,BASELINE_CE,baseline,7103,117,1534,"[[1533, 0, 0, 0], [1, 0, 0, 0], [0, 0, 0, 0], [0, 0, 0, 0]]",0.999348109517601,1533,1534,1533,1,0,0.999348109517601,1.0,0.9996739484838605,1,0,0,0,1,,0.0,0.0,0,0,0,0,0,,,,0,0,0,0,0,,,,0.49983697424193024,0.0,0.0
RAW_1D,BASELINE_CE,baseline,7103,121,1863,"[[1860, 0, 1, 0], [1, 0, 0, 0], [0, 0, 1, 0], [0, 0, 0, 0]]",0.9989264626945786,1861,1861,1860,1,1,0.999462654486835,0.999462654486835,0.999462654486835,1,0,0,0,1,,0.0,0.0,1,2,1,1,0,0.5,1.0,0.6666666666666666,0,0,0,0,0,,,,0.5553764403845006,0.0,0.0
RAW_1D,BASELINE_CE,baseline,7103,123,1518,"[[1512, 3, 0, 0], [0, 0, 0, 0], [0, 0, 3, 0], [0, 0, 0, 0]]",0.9980237154150198,1515,1512,1512,0,3,1.0,0.998019801980198,0.9990089197224975,0,3,0,3,0,0.0,,,3,3,3,0,0,1.0,1.0,1.0,0,0,0,0,0,,,,0.9995044598612488,,
RAW_1D,BASELINE_CE,baseline,7103,200,2600,"[[1736, 4, 0, 2], [22, 8, 0, 0], [42, 17, 767, 0], [2, 0, 0, 0]]",0.9657692307692308,1742,1802,1736,66,6,0.9633740288568258,0.9965556831228473,0.9796839729119639,30,29,8,21,22,0.27586206896551724,0.26666666666666666,0.2711864406779661,826,767,767,0,59,1.0,0.9285714285714286,0.9629629629629629,2,2,0,2,2,0.0,0.0,0.0,0.5534583441382233,0.13559322033898305,0.0
RAW_1D,BASELINE_CE,baseline,7103,202,2136,"[[1945, 96, 5, 15], [34, 14, 7, 0], [1, 0, 18, 0], [1, 0, 0, 0]]",0.925561797752809,2061,1981,1945,36,116,0.9818273599192328,0.9437166424065987,0.9623948540326571,55,110,14,96,41,0.12727272727272726,0.2545454545454545,0.1696969696969697,19,30,18,12,1,0.6,0.9473684210526315,0.7346938775510204,1,15,0,15,1,0.0,0.0,0.0,0.46669642532016187,0.08484848484848485,0.0
RAW_1D,BASELINE_CE,baseline,7103,210,2648,"[[2328, 0, 15, 78], [20, 0, 2, 0], [39, 4, 152, 0], [9, 0, 1, 0]]",0.9365558912386707,2421,2396,2328,68,93,0.9716193656093489,0.9615861214374225,0.966576707494291,22,4,0,4,22,0.0,0.0,0.0,195,170,152,18,43,0.8941176470588236,0.7794871794871795,0.8328767123287671,10,78,0,78,10,0.0,0.0,0.0,0.44986335495576457,0.0,0.0
RAW_1D,BASELINE_CE,baseline,7103,212,2747,"[[2747, 0, 0, 0], [0, 0, 0, 0], [0, 0, 0, 0], [0, 0, 0, 0]]",1.0,2747,2747,2747,0,0,1.0,1.0,1.0,0,0,0,0,0,,,,0,0,0,0,0,,,,0,0,0,0,0,,,,1.0,,
RAW_1D,BASELINE_CE,baseline,7103,213,3250,"[[2636, 4, 0, 0], [12, 4, 12, 0], [140, 1, 77, 2], [361, 0, 1, 0]]",0.836,2640,3149,2636,513,4,0.8370911400444585,0.9984848484848485,0.9106926930385213,28,9,4,5,24,0.4444444444444444,0.14285714285714285,0.21621621621621623,220,90,77,13,143,0.8555555555555555,0.35,0.4967741935483871,362,2,0,2,362,0.0,0.0,0.0,0.40592077570078117,0.10810810810810811,0.0
RAW_1D,BASELINE_CE,baseline,7103,214,2258,"[[1524, 0, 476, 1], [0, 0, 0, 0], [41, 46, 169, 0], [0, 1, 0, 0]]",0.74977856510186,2001,1565,1524,41,477,0.9738019169329073,0.7616191904047976,0.854739203589456,0,47,0,47,0,0.0,,,256,645,169,476,87,0.262015503875969,0.66015625,0.3751387347391787,1,1,0,1,1,0.0,0.0,0.0,0.40995931277621156,0.0,0.0
RAW_1D,BASELINE_CE,baseline,7103,219,2154,"[[1615, 2, 444, 21], [4, 0, 3, 0], [1, 6, 57, 0], [0, 1, 0, 0]]",0.776230269266481,2082,1620,1615,5,467,0.9969135802469136,0.7756964457252642,0.8725013506212858,7,9,0,9,7,0.0,0.0,0.0,64,504,57,447,7,0.1130952380952381,0.890625,0.2007042253521127,1,21,0,21,1,0.0,0.0,0.0,0.2683013939933496,0.0,0.0
RAW_1D,BASELINE_CE,baseline,7103,221,2427,"[[2017, 12, 0, 2], [0, 0, 0, 0], [0, 0, 396, 0], [0, 0, 0, 0]]",0.9942315615986815,2031,2017,2017,0,14,1.0,0.9931068439192516,0.9965415019762845,0,12,0,12,0,0.0,,,396,396,396,0,0,1.0,1.0,1.0,0,2,0,2,0,0.0,,,0.9982707509881423,,
RAW_1D,BASELINE_CE,baseline,7103,222,2483,"[[1991, 77, 202, 4], [71, 87, 51, 0], [0, 0, 0, 0], [0, 0, 0, 0]]",0.8368908578332662,2274,2062,1991,71,283,0.9655674102812803,0.8755496921723834,0.9183579335793358,209,164,87,77,122,0.5304878048780488,0.41626794258373206,0.46648793565683644,0,253,0,253,0,0.0,,,0,4,0,4,0,0.0,,,0.6924229346180861,0.46648793565683644,0.46648793565683644
RAW_1D,BASELINE_CE,baseline,7103,228,2053,"[[1687, 0, 1, 0], [3, 0, 0, 0], [11, 4, 347, 0], [0, 0, 0, 0]]",0.990745250852411,1688,1701,1687,14,1,0.9917695473251029,0.9994075829383886,0.9955739156093243,3,4,0,4,3,0.0,0.0,0.0,362,348,347,1,15,0.9971264367816092,0.9585635359116023,0.9774647887323944,0,0,0,0,0,,,,0.6576795681139062,0.0,0.0
RAW_1D,BASELINE_CE,baseline,7103,231,1571,"[[1568, 0, 0, 0], [1, 0, 0, 0], [0, 1, 1, 0], [0, 0, 0, 0]]",0.9987269255251432,1568,1569,1568,1,0,0.9993626513702996,1.0,0.999681224099458,1,1,0,1,1,0.0,0.0,0.0,2,1,1,0,1,1.0,0.5,0.6666666666666666,0,0,0,0,0,,,,0.5554492969220416,0.0,0.0
RAW_1D,BASELINE_CE,baseline,7103,232,1780,"[[397, 0, 1, 0], [1351, 1, 30, 0], [0, 0, 0, 0], [0, 0, 0, 0]]",0.22359550561797753,398,1748,397,1351,1,0.22711670480549198,0.9974874371859297,0.3699906803355079,1382,1,1,0,1381,1.0,0.000723589001447178,0.0014461315979754157,0,31,0,31,0,0.0,,,0,0,0,0,0,,,,0.18571840596674166,0.0014461315979754157,0.0014461315979754157
RAW_1D,BASELINE_CE,baseline,7103,233,3077,"[[2197, 0, 15, 17], [1, 1, 5, 0], [8, 24, 793, 5], [5, 0, 5, 1]]",0.9723756906077348,2229,2211,2197,14,32,0.9936680235187698,0.9856437864513234,0.9896396396396396,7,25,1,24,6,0.04,0.14285714285714285,0.0625,830,818,793,25,37,0.969437652811736,0.9554216867469879,0.962378640776699,11,23,1,22,10,0.043478260869565216,0.09090909090909091,0.058823529411764705,0.5183354524570258,0.06066176470588235,0.058823529411764705
RAW_1D,BASELINE_CE,baseline,7103,234,2753,"[[2699, 0, 0, 1], [39, 11, 0, 0], [0, 0, 3, 0], [0, 0, 0, 0]]",0.9854703959317108,2700,2738,2699,39,1,0.9857560262965669,0.9996296296296296,0.9926443545421111,50,11,11,0,39,1.0,0.22,0.36065573770491804,3,3,3,0,0,1.0,1.0,1.0,0,1,0,1,0,0.0,,,0.784433364082343,0.36065573770491804,0.36065573770491804
RAW_1D,BASELINE_CE,baseline,7104,100,2272,"[[2238, 0, 0, 0], [19, 11, 3, 0], [0, 0, 1, 0], [0, 0, 0, 0]]",0.9903169014084507,2238,2257,2238,19,0,0.9915817456801064,1.0,0.9957730812013348,33,11,11,0,22,1.0,0.3333333333333333,0.5,1,4,1,3,0,0.25,1.0,0.4,0,0,0,0,0,,,,0.6319243604004449,0.5,0.5
RAW_1D,BASELINE_CE,baseline,7104,103,2084,"[[2082, 0, 0, 0], [1, 1, 0, 0], [0, 0, 0, 0], [0, 0, 0, 0]]",0.9995201535508638,2082,2083,2082,1,0,0.99951992318771,1.0,0.9997599039615847,2,1,1,0,1,1.0,0.5,0.6666666666666666,0,0,0,0,0,,,,0,0,0,0,0,,,,0.8332132853141256,0.6666666666666666,0.6666666666666666
RAW_1D,BASELINE_CE,baseline,7104,105,2567,"[[2503, 1, 11, 11], [0, 0, 0, 0], [1, 18, 22, 0], [0, 0, 0, 0]]",0.983638488507986,2526,2504,2503,1,23,0.9996006389776357,0.9908946951702297,0.9952286282306163,0,19,0,19,0,0.0,,,41,33,22,11,19,0.6666666666666666,0.5365853658536586,0.5945945945945946,0,11,0,11,0,0.0,,,0.7949116114126055,,
RAW_1D,BASELINE_CE,baseline,7104,111,2124,"[[2101, 0, 22, 0], [0, 0, 0, 0], [0, 0, 1, 0], [0, 0, 0, 0]]",0.9896421845574388,2123,2101,2101,0,22,1.0,0.9896373056994818,0.9947916666666666,0,0,0,0,0,,,,1,23,1,22,0,0.043478260869565216,1.0,0.08333333333333333,0,0,0,0,0,,,,0.5390625,,
RAW_1D,BASELINE_CE,baseline,7104,113,1794,"[[1786, 0, 2, 0], [0, 5, 1, 0], [0, 0, 0, 0], [0, 0, 0, 0]]",0.9983277591973244,1788,1786,1786,0,2,1.0,0.9988814317673378,0.9994404029099049,6,5,5,0,1,1.0,0.8333333333333334,0.9090909090909091,0,3,0,3,0,0.0,,,0,0,0,0,0,,,,0.954265656000407,0.9090909090909091,0.9090909090909091
RAW_1D,BASELINE_CE,baseline,7104,117,1534,"[[1510, 0, 23, 0], [0, 0, 1, 0], [0, 0, 0, 0], [0, 0, 0, 0]]",0.984354628422425,1533,1510,1510,0,23,1.0,0.9849967384213959,0.9924416694051923,1,0,0,0,1,,0.0,0.0,0,24,0,24,0,0.0,,,0,0,0,0,0,,,,0.49622083470259615,0.0,0.0
RAW_1D,BASELINE_CE,baseline,7104,121,1863,"[[1861, 0, 0, 0], [0, 1, 0, 0], [0, 0, 1, 0], [0, 0, 0, 0]]",1.0,1861,1861,1861,0,0,1.0,1.0,1.0,1,1,1,0,0,1.0,1.0,1.0,1,1,1,0,0,1.0,1.0,1.0,0,0,0,0,0,,,,1.0,1.0,1.0
RAW_1D,BASELINE_CE,baseline,7104,123,1518,"[[1514, 1, 0, 0], [0, 0, 0, 0], [0, 0, 3, 0], [0, 0, 0, 0]]",0.9993412384716732,1515,1514,1514,0,1,1.0,0.9993399339933994,0.9996698580389568,0,1,0,1,0,0.0,,,3,3,3,0,0,1.0,1.0,1.0,0,0,0,0,0,,,,0.9998349290194783,,
RAW_1D,BASELINE_CE,baseline,7104,200,2600,"[[1717, 24, 0, 1], [7, 23, 0, 0], [29, 131, 665, 1], [1, 1, 0, 0]]",0.925,1742,1754,1717,37,25,0.9789053591790193,0.9856486796785304,0.9822654462242563,30,179,23,156,7,0.12849162011173185,0.7666666666666667,0.22009569377990432,826,665,665,0,161,1.0,0.8050847457627118,0.892018779342723,2,2,0,2,2,0.0,0.0,0.0,0.5235949798367209,0.11004784688995216,0.0
RAW_1D,BASELINE_CE,baseline,7104,202,2136,"[[1878, 139, 9, 35], [18, 28, 9, 0], [1, 0, 18, 0], [1, 0, 0, 0]]",0.900749063670412,2061,1898,1878,20,183,0.9894625922023182,0.9112081513828238,0.9487244253599394,55,167,28,139,27,0.16766467065868262,0.509090909090909,0.25225225225225223,19,36,18,18,1,0.5,0.9473684210526315,0.6545454545454545,1,35,0,35,1,0.0,0.0,0.0,0.4638805330394115,0.12612612612612611,0.0
RAW_1D,BASELINE_CE,baseline,7104,210,2648,"[[2196, 147, 46, 32], [12, 3, 7, 0], [20, 18, 157, 0], [7, 0, 3, 0]]",0.8897280966767371,2421,2235,2196,39,225,0.9825503355704698,0.9070631970260223,0.9432989690721649,22,168,3,165,19,0.017857142857142856,0.13636363636363635,0.031578947368421054,195,213,157,56,38,0.7370892018779343,0.8051282051282052,0.7696078431372549,10,32,0,32,10,0.0,0.0,0.0,0.4361214398944602,0.015789473684210527,0.0
RAW_1D,BASELINE_CE,baseline,7104,212,2747,"[[2719, 27, 1, 0], [0, 0, 0, 0], [0, 0, 0, 0], [0, 0, 0, 0]]",0.9898070622497269,2747,2719,2719,0,28,1.0,0.9898070622497269,0.9948774240761068,0,27,0,27,0,0.0,,,0,1,0,1,0,0.0,,,0,0,0,0,0,,,,0.9948774240761068,,
RAW_1D,BASELINE_CE,baseline,7104,213,3250,"[[2019, 615, 6, 0], [10, 11, 7, 0], [99, 6, 95, 20], [333, 20, 5, 4]]",0.6550769230769231,2640,2461,2019,442,621,0.8203982121088988,0.7647727272727273,0.7916094883356205,28,652,11,641,17,0.01687116564417178,0.39285714285714285,0.03235294117647059,220,113,95,18,125,0.8407079646017699,0.4318181818181818,0.5705705705705706,362,24,4,20,358,0.16666666666666666,0.011049723756906077,0.02072538860103627,0.3538145971709245,0.02653916488875343,0.02072538860103627
RAW_1D,BASELINE_CE,baseline,7104,214,2258,"[[1866, 0, 45, 90], [0, 0, 0, 0], [1, 73, 182, 0], [0, 1, 0, 0]]",0.9069973427812223,2001,1867,1866,1,135,0.9994643813604713,0.9325337331334332,0.9648397104446742,0,74,0,74,0,0.0,,,256,227,182,45,74,0.801762114537445,0.7109375,0.7536231884057971,1,90,0,90,1,0.0,0.0,0.0,0.5728209662834904,0.0,0.0
RAW_1D,BASELINE_CE,baseline,7104,219,2154,"[[1356, 5, 548, 173], [3, 0, 4, 0], [6, 2, 56, 0], [0, 1, 0, 0]]",0.6555246053853296,2082,1365,1356,9,726,0.9934065934065934,0.6512968299711815,0.7867711053089643,7,8,0,8,7,0.0,0.0,0.0,64,608,56,552,8,0.09210526315789473,0.875,0.16666666666666666,1,173,0,173,1,0.0,0.0,0.0,0.23835944299390774,0.0,0.0
RAW_1D,BASELINE_CE,baseline,7104,221,2427,"[[1955, 68, 4, 4], [0, 0, 0, 0], [1, 0, 395, 0], [0, 0, 0, 0]]",0.9682735887927483,2031,1956,1955,1,76,0.9994887525562373,0.9625800098473658,0.980687233508904,0,68,0,68,0,0.0,,,396,399,395,4,1,0.9899749373433584,0.9974747474747475,0.9937106918238994,0,4,0,4,0,0.0,,,0.9871989626664017,,
RAW_1D,BASELINE_CE,baseline,7104,222,2483,"[[1987, 53, 197, 37], [118, 40, 51, 0], [0, 0, 0, 0], [0, 0, 0, 0]]",0.8163511880789368,2274,2105,1987,118,287,0.9439429928741092,0.8737906772207564,0.9075131308517926,209,93,40,53,169,0.43010752688172044,0.19138755980861244,0.26490066225165565,0,248,0,248,0,0.0,,,0,37,0,37,0,0.0,,,0.5862068965517242,0.26490066225165565,0.26490066225165565
RAW_1D,BASELINE_CE,baseline,7104,228,2053,"[[1686, 1, 1, 0], [2, 1, 0, 0], [49, 161, 152, 0], [0, 0, 0, 0]]",0.8957622990745251,1688,1737,1686,51,2,0.9706390328151986,0.9988151658767772,0.9845255474452554,3,163,1,162,2,0.006134969325153374,0.3333333333333333,0.012048192771084338,362,153,152,1,210,0.9934640522875817,0.4198895027624309,0.5902912621359223,0,0,0,0,0,,,,0.5289550007840874,0.012048192771084338,0.012048192771084338
RAW_1D,BASELINE_CE,baseline,7104,231,1571,"[[1549, 19, 0, 0], [1, 0, 0, 0], [0, 1, 1, 0], [0, 0, 0, 0]]",0.9866327180140039,1568,1550,1549,1,19,0.9993548387096775,0.9878826530612245,0.9935856318152662,1,20,0,20,1,0.0,0.0,0.0,2,1,1,0,1,1.0,0.5,0.6666666666666666,0,0,0,0,0,,,,0.5534174328273109,0.0,0.0
RAW_1D,BASELINE_CE,baseline,7104,232,1780,"[[395, 0, 3, 0], [439, 40, 903, 0], [0, 0, 0, 0], [0, 0, 0, 0]]",0.2443820224719101,398,834,395,439,3,0.473621103117506,0.992462311557789,0.6412337662337663,1382,40,40,0,1342,1.0,0.02894356005788712,0.05625879043600562,0,906,0,906,0,0.0,,,0,0,0,0,0,,,,0.3487462783348859,0.05625879043600562,0.05625879043600562
RAW_1D,BASELINE_CE,baseline,7104,233,3077,"[[1756, 3, 98, 372], [0, 1, 6, 0], [17, 8, 800, 5], [3, 0, 3, 5]]",0.8326291842703932,2229,1776,1756,20,473,0.9887387387387387,0.7877972184836249,0.8769038701622971,7,12,1,11,6,0.08333333333333333,0.14285714285714285,0.10526315789473684,830,907,800,107,30,0.8820286659316428,0.963855421686747,0.9211283822682786,11,382,5,377,6,0.013089005235602094,0.45454545454545453,0.02544529262086514,0.4821851757365444,0.06535422525780099,0.02544529262086514
RAW_1D,BASELINE_CE,baseline,7104,234,2753,"[[2699, 0, 0, 1], [22, 27, 1, 0], [0, 0, 3, 0], [0, 0, 0, 0]]",0.9912822375590266,2700,2721,2699,22,1,0.99191473722896,0.9996296296296296,0.9957572403615569,50,27,27,0,23,1.0,0.54,0.7012987012987013,3,4,3,1,0,0.75,1.0,0.8571428571428571,0,1,0,1,0,0.0,,,0.8513995996010384,0.7012987012987013,0.7012987012987013
RAW_1D,BASELINE_CE,baseline,7105,100,2272,"[[2238, 0, 0, 0], [10, 19, 4, 0], [1, 0, 0, 0], [0, 0, 0, 0]]",0.9933978873239436,2238,2249,2238,11,0,0.9951089373054691,1.0,0.9975484733675062,33,19,19,0,14,1.0,0.5757575757575758,0.7307692307692307,1,4,0,4,1,0.0,0.0,0.0,0,0,0,0,0,,,,0.5761059013789124,0.7307692307692307,0.7307692307692307
RAW_1D,BASELINE_CE,baseline,7105,103,2084,"[[2082, 0, 0, 0], [1, 1, 0, 0], [0, 0, 0, 0], [0, 0, 0, 0]]",0.9995201535508638,2082,2083,2082,1,0,0.99951992318771,1.0,0.9997599039615847,2,1,1,0,1,1.0,0.5,0.6666666666666666,0,0,0,0,0,,,,0,0,0,0,0,,,,0.8332132853141256,0.6666666666666666,0.6666666666666666
RAW_1D,BASELINE_CE,baseline,7105,105,2567,"[[2503, 1, 18, 4], [0, 0, 0, 0], [4, 28, 9, 0], [0, 0, 0, 0]]",0.9785742111414102,2526,2507,2503,4,23,0.9984044674910252,0.9908946951702297,0.9946354063182993,0,29,0,29,0,0.0,,,41,27,9,18,32,0.3333333333333333,0.21951219512195122,0.2647058823529412,0,4,0,4,0,0.0,,,0.6296706443356203,,
RAW_1D,BASELINE_CE,baseline,7105,111,2124,"[[2119, 0, 4, 0], [0, 0, 0, 0], [0, 0, 1, 0], [0, 0, 0, 0]]",0.9981167608286252,2123,2119,2119,0,4,1.0,0.9981158737635422,0.9990570485619991,0,0,0,0,0,,,,1,5,1,4,0,0.2,1.0,0.3333333333333333,0,0,0,0,0,,,,0.6661951909476662,,
RAW_1D,BASELINE_CE,baseline,7105,113,1794,"[[1788, 0, 0, 0], [1, 0, 5, 0], [0, 0, 0, 0], [0, 0, 0, 0]]",0.9966555183946488,1788,1789,1788,1,0,0.9994410285075461,1.0,0.9997204361196533,6,0,0,0,6,,0.0,0.0,0,5,0,5,0,0.0,,,0,0,0,0,0,,,,0.49986021805982667,0.0,0.0
RAW_1D,BASELINE_CE,baseline,7105,117,1534,"[[1533, 0, 0, 0], [0, 0, 1, 0], [0, 0, 0, 0], [0, 0, 0, 0]]",0.999348109517601,1533,1533,1533,0,0,1.0,1.0,1.0,1,0,0,0,1,,0.0,0.0,0,1,0,1,0,0.0,,,0,0,0,0,0,,,,0.5,0.0,0.0
RAW_1D,BASELINE_CE,baseline,7105,121,1863,"[[1861, 0, 0, 0], [1, 0, 0, 0], [0, 0, 1, 0], [0, 0, 0, 0]]",0.9994632313472893,1861,1862,1861,1,0,0.9994629430719656,1.0,0.9997313994090787,1,0,0,0,1,,0.0,0.0,1,1,1,0,0,1.0,1.0,1.0,0,0,0,0,0,,,,0.6665771331363596,0.0,0.0
RAW_1D,BASELINE_CE,baseline,7105,123,1518,"[[1512, 3, 0, 0], [0, 0, 0, 0], [0, 0, 3, 0], [0, 0, 0, 0]]",0.9980237154150198,1515,1512,1512,0,3,1.0,0.998019801980198,0.9990089197224975,0,3,0,3,0,0.0,,,3,3,3,0,0,1.0,1.0,1.0,0,0,0,0,0,,,,0.9995044598612488,,
RAW_1D,BASELINE_CE,baseline,7105,200,2600,"[[1731, 10, 0, 1], [9, 21, 0, 0], [43, 36, 747, 0], [1, 1, 0, 0]]",0.9611538461538461,1742,1784,1731,53,11,0.9702914798206278,0.9936854190585533,0.9818491208167895,30,68,21,47,9,0.3088235294117647,0.7,0.42857142857142855,826,747,747,0,79,1.0,0.9043583535108959,0.9497774952320407,2,1,0,1,2,0.0,0.0,0.0,0.5900495111550647,0.21428571428571427,0.0
RAW_1D,BASELINE_CE,baseline,7105,202,2136,"[[1951, 86, 5, 19], [28, 20, 7, 0], [1, 0, 18, 0], [1, 0, 0, 0]]",0.9311797752808989,2061,1981,1951,30,110,0.9848561332660273,0.9466278505579816,0.9653636813458684,55,106,20,86,35,0.18867924528301888,0.36363636363636365,0.2484472049689441,19,30,18,12,1,0.6,0.9473684210526315,0.7346938775510204,1,19,0,19,1,0.0,0.0,0.0,0.48712619096645826,0.12422360248447205,0.0
RAW_1D,BASELINE_CE,baseline,7105,210,2648,"[[2291, 30, 20, 80], [10, 5, 7, 0], [29, 11, 154, 1], [9, 0, 1, 0]]",0.925226586102719,2421,2339,2291,48,130,0.9794784095767421,0.946303180503924,0.9626050420168067,22,46,5,41,17,0.10869565217391304,0.22727272727272727,0.14705882352941177,195,182,154,28,41,0.8461538461538461,0.7897435897435897,0.8169761273209549,10,81,0,81,10,0.0,0.0,0.0,0.4816599982167934,0.07352941176470588,0.0
RAW_1D,BASELINE_CE,baseline,7105,212,2747,"[[2747, 0, 0, 0], [0, 0, 0, 0], [0, 0, 0, 0], [0, 0, 0, 0]]",1.0,2747,2747,2747,0,0,1.0,1.0,1.0,0,0,0,0,0,,,,0,0,0,0,0,,,,0,0,0,0,0,,,,1.0,,
RAW_1D,BASELINE_CE,baseline,7105,213,3250,"[[2428, 200, 12, 0], [18, 7, 3, 0], [118, 1, 95, 6], [351, 6, 5, 0]]",0.7784615384615384,2640,2915,2428,487,212,0.8329331046312178,0.9196969696969697,0.8741674167416742,28,214,7,207,21,0.03271028037383177,0.25,0.05785123966942149,220,115,95,20,125,0.8260869565217391,0.4318181818181818,0.5671641791044776,362,6,0,6,362,0.0,0.0,0.0,0.37479570887889335,0.028925619834710745,0.0
RAW_1D,BASELINE_CE,baseline,7105,214,2258,"[[1847, 0, 143, 11], [0, 0, 0, 0], [6, 66, 184, 0], [0, 1, 0, 0]]",0.8994685562444641,2001,1853,1847,6,154,0.9967620075553157,0.9230384807596201,0.958484691229891,0,67,0,67,0,0.0,,,256,327,184,143,72,0.5626911314984709,0.71875,0.6312178387650086,1,11,0,11,1,0.0,0.0,0.0,0.5299008433316331,0.0,0.0
RAW_1D,BASELINE_CE,baseline,7105,219,2154,"[[1431, 6, 624, 21], [4, 0, 3, 0], [5, 2, 57, 0], [0, 1, 0, 0]]",0.6908077994428969,2082,1440,1431,9,651,0.99375,0.6873198847262247,0.8126064735945485,7,9,0,9,7,0.0,0.0,0.0,64,684,57,627,7,0.08333333333333333,0.890625,0.15240641711229946,1,21,0,21,1,0.0,0.0,0.0,0.241253222676712,0.0,0.0
RAW_1D,BASELINE_CE,baseline,7105,221,2427,"[[2014, 16, 0, 1], [0, 0, 0, 0], [0, 0, 396, 0], [0, 0, 0, 0]]",0.9929954676555418,2031,2014,2014,0,17,1.0,0.9916297390448056,0.9957972805933251,0,16,0,16,0,0.0,,,396,396,396,0,0,1.0,1.0,1.0,0,1,0,1,0,0.0,,,0.9978986402966625,,
RAW_1D,BASELINE_CE,baseline,7105,222,2483,"[[1984, 62, 217, 11], [95, 61, 53, 0], [0, 0, 0, 0], [0, 0, 0, 0]]",0.8236004832863472,2274,2079,1984,95,290,0.9543049543049543,0.872471416007036,0.9115552492533885,209,123,61,62,148,0.4959349593495935,0.291866028708134,0.3674698795180723,0,270,0,270,0,0.0,,,0,11,0,11,0,0.0,,,0.6395125643857305,0.3674698795180723,0.3674698795180723
RAW_1D,BASELINE_CE,baseline,7105,228,2053,"[[1688, 0, 0, 0], [3, 0, 0, 0], [159, 113, 90, 0], [0, 0, 0, 0]]",0.8660496833901608,1688,1850,1688,162,0,0.9124324324324324,1.0,0.9542114188807236,3,113,0,113,3,0.0,0.0,0.0,362,90,90,0,272,1.0,0.24861878453038674,0.39823008849557523,0,0,0,0,0,,,,0.4508138357920996,0.0,0.0
RAW_1D,BASELINE_CE,baseline,7105,231,1571,"[[1552, 9, 7, 0], [1, 0, 0, 0], [0, 1, 1, 0], [0, 0, 0, 0]]",0.988542329726289,1568,1553,1552,1,16,0.9993560849967804,0.9897959183673469,0.9945530278756809,1,10,0,10,1,0.0,0.0,0.0,2,8,1,7,1,0.125,0.5,0.2,0,0,0,0,0,,,,0.39818434262522695,0.0,0.0
RAW_1D,BASELINE_CE,baseline,7105,232,1780,"[[392, 0, 6, 0], [1074, 5, 303, 0], [0, 0, 0, 0], [0, 0, 0, 0]]",0.22303370786516855,398,1466,392,1074,6,0.2673942701227831,0.9849246231155779,0.4206008583690987,1382,5,5,0,1377,1.0,0.00361794500723589,0.007209805335255948,0,309,0,309,0,0.0,,,0,0,0,0,0,,,,0.21390533185217733,0.007209805335255948,0.007209805335255948
RAW_1D,BASELINE_CE,baseline,7105,233,3077,"[[1442, 2, 397, 388], [4, 0, 3, 0], [154, 6, 665, 5], [5, 0, 4, 2]]",0.6854078648033799,2229,1605,1442,163,787,0.8984423676012461,0.6469268730372364,0.7522170057381325,7,8,0,8,7,0.0,0.0,0.0,830,1069,665,404,165,0.6220767072029935,0.8012048192771084,0.7003686150605581,11,395,2,393,9,0.005063291139240506,0.18181818181818182,0.009852216748768473,0.3656094593868648,0.0049261083743842365,0.0
RAW_1D,BASELINE_CE,baseline,7105,234,2753,"[[2700, 0, 0, 0], [38, 9, 0, 3], [0, 0, 3, 0], [0, 0, 0, 0]]",0.9851071558300036,2700,2738,2700,38,0,0.9861212563915267,1.0,0.9930121368150056,50,9,9,0,41,1.0,0.18,0.3050847457627119,3,3,3,0,0,1.0,1.0,1.0,0,3,0,3,0,0.0,,,0.7660322941925726,0.3050847457627119,0.3050847457627119
RAW_1D,BASELINE_CE,baseline,7106,100,2272,"[[2238, 0, 0, 0], [5, 27, 1, 0], [0, 0, 1, 0], [0, 0, 0, 0]]",0.9973591549295775,2238,2243,2238,5,0,0.9977708426214891,1.0,0.9988841776389199,33,27,27,0,6,1.0,0.8181818181818182,0.9,1,2,1,1,0,0.5,1.0,0.6666666666666666,0,0,0,0,0,,,,0.8551836147685288,0.9,0.9
RAW_1D,BASELINE_CE,baseline,7106,103,2084,"[[2082, 0, 0, 0], [1, 1, 0, 0], [0, 0, 0, 0], [0, 0, 0, 0]]",0.9995201535508638,2082,2083,2082,1,0,0.99951992318771,1.0,0.9997599039615847,2,1,1,0,1,1.0,0.5,0.6666666666666666,0,0,0,0,0,,,,0,0,0,0,0,,,,0.8332132853141256,0.6666666666666666,0.6666666666666666
RAW_1D,BASELINE_CE,baseline,7106,105,2567,"[[2503, 2, 19, 2], [0, 0, 0, 0], [6, 18, 17, 0], [0, 0, 0, 0]]",0.9816906895208415,2526,2509,2503,6,23,0.9976086090075728,0.9908946951702297,0.994240317775571,0,20,0,20,0,0.0,,,41,36,17,19,24,0.4722222222222222,0.4146341463414634,0.44155844155844154,0,2,0,2,0,0.0,,,0.7178993796670062,,
RAW_1D,BASELINE_CE,baseline,7106,111,2124,"[[2118, 0, 5, 0], [0, 0, 0, 0], [0, 0, 1, 0], [0, 0, 0, 0]]",0.9976459510357816,2123,2118,2118,0,5,1.0,0.9976448422044277,0.9988210327752889,0,0,0,0,0,,,,1,6,1,5,0,0.16666666666666666,1.0,0.2857142857142857,0,0,0,0,0,,,,0.6422676592447873,,
RAW_1D,BASELINE_CE,baseline,7106,113,1794,"[[1788, 0, 0, 0], [0, 0, 6, 0], [0, 0, 0, 0], [0, 0, 0, 0]]",0.9966555183946488,1788,1788,1788,0,0,1.0,1.0,1.0,6,0,0,0,6,,0.0,0.0,0,6,0,6,0,0.0,,,0,0,0,0,0,,,,0.5,0.0,0.0
RAW_1D,BASELINE_CE,baseline,7106,117,1534,"[[1533, 0, 0, 0], [0, 0, 1, 0], [0, 0, 0, 0], [0, 0, 0, 0]]",0.999348109517601,1533,1533,1533,0,0,1.0,1.0,1.0,1,0,0,0,1,,0.0,0.0,0,1,0,1,0,0.0,,,0,0,0,0,0,,,,0.5,0.0,0.0
RAW_1D,BASELINE_CE,baseline,7106,121,1863,"[[1861, 0, 0, 0], [1, 0, 0, 0], [0, 0, 1, 0], [0, 0, 0, 0]]",0.9994632313472893,1861,1862,1861,1,0,0.9994629430719656,1.0,0.9997313994090787,1,0,0,0,1,,0.0,0.0,1,1,1,0,0,1.0,1.0,1.0,0,0,0,0,0,,,,0.6665771331363596,0.0,0.0
RAW_1D,BASELINE_CE,baseline,7106,123,1518,"[[1512, 3, 0, 0], [0, 0, 0, 0], [0, 0, 3, 0], [0, 0, 0, 0]]",0.9980237154150198,1515,1512,1512,0,3,1.0,0.998019801980198,0.9990089197224975,0,3,0,3,0,0.0,,,3,3,3,0,0,1.0,1.0,1.0,0,0,0,0,0,,,,0.9995044598612488,,
RAW_1D,BASELINE_CE,baseline,7106,200,2600,"[[1725, 17, 0, 0], [5, 25, 0, 0], [63, 31, 732, 0], [1, 1, 0, 0]]",0.9546153846153846,1742,1794,1725,69,17,0.9615384615384616,0.9902411021814007,0.9756787330316742,30,74,25,49,5,0.33783783783783783,0.8333333333333334,0.4807692307692308,826,732,732,0,94,1.0,0.8861985472154964,0.9396662387676509,2,0,0,0,2,,0.0,0.0,0.5990285506421389,0.2403846153846154,0.0
RAW_1D,BASELINE_CE,baseline,7106,202,2136,"[[2002, 41, 15, 3], [38, 12, 5, 0], [1, 0, 18, 0], [1, 0, 0, 0]]",0.951310861423221,2061,2042,2002,40,59,0.980411361410382,0.9713731198447355,0.9758713136729222,55,53,12,41,43,0.22641509433962265,0.21818181818181817,0.2222222222222222,19,38,18,20,1,0.47368421052631576,0.9473684210526315,0.631578947368421,1,3,0,3,1,0.0,0.0,0.0,0.45741812081589134,0.1111111111111111,0.0
RAW_1D,BASELINE_CE,baseline,7106,210,2648,"[[2390, 3, 19, 9], [10, 6, 6, 0], [36, 14, 145, 0], [10, 0, 0, 0]]",0.9595921450151057,2421,2446,2390,56,31,0.9771054783319706,0.9871953738124741,0.9821245120197247,22,23,6,17,16,0.2608695652173913,0.2727272727272727,0.26666666666666666,195,170,145,25,50,0.8529411764705882,0.7435897435897436,0.7945205479452054,10,9,0,9,10,0.0,0.0,0.0,0.5108279316578992,0.13333333333333333,0.0
RAW_1D,BASELINE_CE,baseline,7106,212,2747,"[[2746, 1, 0, 0], [0, 0, 0, 0], [0, 0, 0, 0], [0, 0, 0, 0]]",0.9996359665089188,2747,2746,2746,0,1,1.0,0.9996359665089188,0.9998179501183324,0,1,0,1,0,0.0,,,0,0,0,0,0,,,,0,0,0,0,0,,,,0.9998179501183324,,
RAW_1D,BASELINE_CE,baseline,7106,213,3250,"[[2230, 410, 0, 0], [18, 9, 1, 0], [133, 0, 82, 5], [354, 5, 3, 0]]",0.7141538461538461,2640,2735,2230,505,410,0.8153564899451554,0.8446969696969697,0.8297674418604651,28,424,9,415,19,0.02122641509433962,0.32142857142857145,0.03982300884955752,220,86,82,4,138,0.9534883720930233,0.37272727272727274,0.5359477124183006,362,5,0,5,362,0.0,0.0,0.0,0.3513845407820808,0.01991150442477876,0.0
RAW_1D,BASELINE_CE,baseline,7106,214,2258,"[[789, 0, 1205, 7], [0, 0, 0, 0], [2, 68, 186, 0], [0, 1, 0, 0]]",0.43179805137289634,2001,791,789,2,1212,0.9974715549936789,0.39430284857571213,0.5651862464183381,0,69,0,69,0,0.0,,,256,1391,186,1205,70,0.13371675053918045,0.7265625,0.22586520947176686,1,7,0,7,1,0.0,0.0,0.0,0.263683818630035,0.0,0.0
RAW_1D,BASELINE_CE,baseline,7106,219,2154,"[[2055, 6, 20, 1], [7, 0, 0, 0], [2, 5, 57, 0], [0, 1, 0, 0]]",0.9805013927576601,2082,2064,2055,9,27,0.9956395348837209,0.9870317002881844,0.9913169319826338,7,12,0,12,7,0.0,0.0,0.0,64,77,57,20,7,0.7402597402597403,0.890625,0.8085106382978723,1,1,0,1,1,0.0,0.0,0.0,0.4499568925701265,0.0,0.0
RAW_1D,BASELINE_CE,baseline,7106,221,2427,"[[1922, 109, 0, 0], [0, 0, 0, 0], [0, 0, 396, 0], [0, 0, 0, 0]]",0.9550885867325917,2031,1922,1922,0,109,1.0,0.9463318562284588,0.9724260055653934,0,109,0,109,0,0.0,,,396,396,396,0,0,1.0,1.0,1.0,0,0,0,0,0,,,,0.9862130027826967,,
RAW_1D,BASELINE_CE,baseline,7106,222,2483,"[[2199, 50, 25, 0], [121, 56, 32, 0], [0, 0, 0, 0], [0, 0, 0, 0]]",0.9081755940394683,2274,2320,2199,121,75,0.9478448275862069,0.9670184696569921,0.9573356552024379,209,106,56,50,153,0.5283018867924528,0.2679425837320574,0.35555555555555557,0,57,0,57,0,0.0,,,0,0,0,0,0,,,,0.6564456053789968,0.35555555555555557,0.35555555555555557
RAW_1D,BASELINE_CE,baseline,7106,228,2053,"[[1688, 0, 0, 0], [3, 0, 0, 0], [10, 10, 342, 0], [0, 0, 0, 0]]",0.9887968826108134,1688,1701,1688,13,0,0.9923574368018813,1.0,0.9961640601947477,3,10,0,10,3,0.0,0.0,0.0,362,342,342,0,20,1.0,0.9447513812154696,0.9715909090909091,0,0,0,0,0,,,,0.6559183230952189,0.0,0.0
RAW_1D,BASELINE_CE,baseline,7106,231,1571,"[[1558, 10, 0, 0], [1, 0, 0, 0], [0, 1, 1, 0], [0, 0, 0, 0]]",0.9923615531508593,1568,1559,1558,1,10,0.9993585631815266,0.9936224489795918,0.9964822513591302,1,11,0,11,1,0.0,0.0,0.0,2,1,1,0,1,1.0,0.5,0.6666666666666666,0,0,0,0,0,,,,0.5543829726752656,0.0,0.0
RAW_1D,BASELINE_CE,baseline,7106,232,1780,"[[397, 0, 1, 0], [712, 7, 663, 0], [0, 0, 0, 0], [0, 0, 0, 0]]",0.22696629213483147,398,1109,397,712,1,0.3579801623083859,0.9974874371859297,0.5268745852687459,1382,7,7,0,1375,1.0,0.005065123010130246,0.010079193664506839,0,664,0,664,0,0.0,,,0,0,0,0,0,,,,0.26847688946662635,0.010079193664506839,0.010079193664506839
RAW_1D,BASELINE_CE,baseline,7106,233,3077,"[[2094, 0, 43, 92], [2, 2, 3, 0], [172, 13, 644, 1], [7, 0, 1, 3]]",0.891452713682158,2229,2275,2094,181,135,0.9204395604395604,0.9394347240915208,0.9298401420959147,7,15,2,13,5,0.13333333333333333,0.2857142857142857,0.18181818181818182,830,691,644,47,186,0.9319826338639653,0.7759036144578313,0.8468113083497699,11,96,3,93,8,0.03125,0.2727272727272727,0.056074766355140186,0.5036360996547516,0.11894647408666101,0.056074766355140186
RAW_1D,BASELINE_CE,baseline,7106,234,2753,"[[2697, 3, 0, 0], [43, 5, 0, 2], [0, 0, 3, 0], [0, 0, 0, 0]]",0.982564475118053,2700,2740,2697,43,3,0.9843065693430657,0.9988888888888889,0.9915441176470589,50,8,5,3,45,0.625,0.1,0.1724137931034483,3,3,3,0,0,1.0,1.0,1.0,0,2,0,2,0,0.0,,,0.7213193035835023,0.1724137931034483,0.1724137931034483
RAW_1D,BASELINE_CE,baseline,7107,100,2272,"[[2238, 0, 0, 0], [3, 30, 0, 0], [0, 0, 1, 0], [0, 0, 0, 0]]",0.9986795774647887,2238,2241,2238,3,0,0.998661311914324,1.0,0.999330207635633,33,30,30,0,3,1.0,0.9090909090909091,0.9523809523809523,1,1,1,0,0,1.0,1.0,1.0,0,0,0,0,0,,,,0.9839037200055284,0.9523809523809523,0.9523809523809523
RAW_1D,BASELINE_CE,baseline,7107,103,2084,"[[2082, 0, 0, 0], [1, 1, 0, 0], [0, 0, 0, 0], [0, 0, 0, 0]]",0.9995201535508638,2082,2083,2082,1,0,0.99951992318771,1.0,0.9997599039615847,2,1,1,0,1,1.0,0.5,0.6666666666666666,0,0,0,0,0,,,,0,0,0,0,0,,,,0.8332132853141256,0.6666666666666666,0.6666666666666666
RAW_1D,BASELINE_CE,baseline,7107,105,2567,"[[2499, 0, 21, 6], [0, 0, 0, 0], [2, 8, 31, 0], [0, 0, 0, 0]]",0.9855862874951306,2526,2501,2499,2,27,0.9992003198720512,0.9893111638954869,0.9942311517803859,0,8,0,8,0,0.0,,,41,52,31,21,10,0.5961538461538461,0.7560975609756098,0.6666666666666666,0,6,0,6,0,0.0,,,0.8304489092235263,,
RAW_1D,BASELINE_CE,baseline,7107,111,2124,"[[2113, 0, 10, 0], [0, 0, 0, 0], [0, 0, 1, 0], [0, 0, 0, 0]]",0.995291902071563,2123,2113,2113,0,10,1.0,0.9952896844088553,0.997639282341832,0,0,0,0,0,,,,1,11,1,10,0,0.09090909090909091,1.0,0.16666666666666666,0,0,0,0,0,,,,0.5821529745042493,,
RAW_1D,BASELINE_CE,baseline,7107,113,1794,"[[1788, 0, 0, 0], [1, 4, 1, 0], [0, 0, 0, 0], [0, 0, 0, 0]]",0.9988851727982163,1788,1789,1788,1,0,0.9994410285075461,1.0,0.9997204361196533,6,4,4,0,2,1.0,0.6666666666666666,0.8,0,1,0,1,0,0.0,,,0,0,0,0,0,,,,0.8998602180598267,0.8,0.8
RAW_1D,BASELINE_CE,baseline,7107,117,1534,"[[1533, 0, 0, 0], [0, 0, 1, 0], [0, 0, 0, 0], [0, 0, 0, 0]]",0.999348109517601,1533,1533,1533,0,0,1.0,1.0,1.0,1,0,0,0,1,,0.0,0.0,0,1,0,1,0,0.0,,,0,0,0,0,0,,,,0.5,0.0,0.0
RAW_1D,BASELINE_CE,baseline,7107,121,1863,"[[1859, 0, 0, 2], [0, 1, 0, 0], [0, 0, 1, 0], [0, 0, 0, 0]]",0.9989264626945786,1861,1859,1859,0,2,1.0,0.99892530897367,0.9994623655913979,1,1,1,0,0,1.0,1.0,1.0,1,1,1,0,0,1.0,1.0,1.0,0,2,0,2,0,0.0,,,0.999820788530466,1.0,1.0
RAW_1D,BASELINE_CE,baseline,7107,123,1518,"[[1512, 3, 0, 0], [0, 0, 0, 0], [0, 0, 3, 0], [0, 0, 0, 0]]",0.9980237154150198,1515,1512,1512,0,3,1.0,0.998019801980198,0.9990089197224975,0,3,0,3,0,0.0,,,3,3,3,0,0,1.0,1.0,1.0,0,0,0,0,0,,,,0.9995044598612488,,
RAW_1D,BASELINE_CE,baseline,7107,200,2600,"[[1727, 6, 3, 6], [16, 10, 4, 0], [56, 26, 742, 2], [2, 0, 0, 0]]",0.9534615384615385,1742,1801,1727,74,15,0.9589117157134925,0.9913892078071183,0.9748800451594694,30,42,10,32,20,0.23809523809523808,0.3333333333333333,0.2777777777777778,826,749,742,7,84,0.9906542056074766,0.8983050847457628,0.9422222222222222,2,8,0,8,2,0.0,0.0,0.0,0.5487200112898674,0.1388888888888889,0.0
RAW_1D,BASELINE_CE,baseline,7107,202,2136,"[[1842, 89, 5, 125], [27, 16, 12, 0], [1, 0, 18, 0], [1, 0, 0, 0]]",0.8782771535580525,2061,1871,1842,29,219,0.9845002672367718,0.893740902474527,0.9369277721261444,55,105,16,89,39,0.1523809523809524,0.2909090909090909,0.2,19,35,18,17,1,0.5142857142857142,0.9473684210526315,0.6666666666666666,1,125,0,125,1,0.0,0.0,0.0,0.4508986096982027,0.1,0.0
RAW_1D,BASELINE_CE,baseline,7107,210,2648,"[[1694, 6, 32, 689], [16, 1, 5, 0], [31, 5, 158, 1], [8, 0, 2, 0]]",0.699773413897281,2421,1749,1694,55,727,0.9685534591194969,0.6997108632796365,0.8124700239808154,22,12,1,11,21,0.08333333333333333,0.045454545454545456,0.058823529411764705,195,197,158,39,37,0.8020304568527918,0.8102564102564103,0.8061224489795918,10,690,0,690,10,0.0,0.0,0.0,0.41935400059304295,0.029411764705882353,0.0
RAW_1D,BASELINE_CE,baseline,7107,212,2747,"[[2727, 0, 20, 0], [0, 0, 0, 0], [0, 0, 0, 0], [0, 0, 0, 0]]",0.9927193301783764,2747,2727,2727,0,20,1.0,0.9927193301783764,0.9963463646328097,0,0,0,0,0,,,,0,20,0,20,0,0.0,,,0,0,0,0,0,,,,0.9963463646328097,,
RAW_1D,BASELINE_CE,baseline,7107,213,3250,"[[2492, 8, 140, 0], [25, 1, 2, 0], [37, 0, 171, 12], [324, 0, 32, 6]]",0.8215384615384616,2640,2878,2492,386,148,0.8658790826963169,0.943939393939394,0.9032258064516129,28,9,1,8,27,0.1111111111111111,0.03571428571428571,0.05405405405405406,220,345,171,174,49,0.4956521739130435,0.7772727272727272,0.6053097345132743,362,18,6,12,356,0.3333333333333333,0.016574585635359115,0.031578947368421054,0.3985421355968406,0.042816500711237555,0.031578947368421054
RAW_1D,BASELINE_CE,baseline,7107,214,2258,"[[1182, 0, 201, 618], [0, 0, 0, 0], [2, 22, 232, 0], [0, 1, 0, 0]]",0.6262178919397697,2001,1184,1182,2,819,0.9983108108108109,0.5907046476761619,0.7422291993720566,0,23,0,23,0,0.0,,,256,433,232,201,24,0.535796766743649,0.90625,0.6734397677793904,1,618,0,618,1,0.0,0.0,0.0,0.471889655717149,0.0,0.0
RAW_1D,BASELINE_CE,baseline,7107,219,2154,"[[1956, 82, 33, 11], [7, 0, 0, 0], [5, 2, 57, 0], [0, 1, 0, 0]]",0.9345403899721448,2082,1968,1956,12,126,0.9939024390243902,0.9394812680115274,0.965925925925926,7,85,0,85,7,0.0,0.0,0.0,64,90,57,33,7,0.6333333333333333,0.890625,0.7402597402597403,1,11,0,11,1,0.0,0.0,0.0,0.42654641654641656,0.0,0.0
RAW_1D,BASELINE_CE,baseline,7107,221,2427,"[[1906, 82, 1, 42], [0, 0, 0, 0], [0, 0, 395, 1], [0, 0, 0, 0]]",0.9480840543881335,2031,1906,1906,0,125,1.0,0.9384539635647464,0.968249936499873,0,82,0,82,0,0.0,,,396,396,395,1,1,0.9974747474747475,0.9974747474747475,0.9974747474747475,0,43,0,43,0,0.0,,,0.9828623419873103,,
RAW_1D,BASELINE_CE,baseline,7107,222,2483,"[[2108, 69, 82, 15], [87, 73, 47, 2], [0, 0, 0, 0], [0, 0, 0, 0]]",0.878372935964559,2274,2195,2108,87,166,0.9603644646924829,0.9270008795074758,0.9433877825016782,209,142,73,69,136,0.5140845070422535,0.3492822966507177,0.41595441595441596,0,129,0,129,0,0.0,,,0,17,0,17,0,0.0,,,0.679671099228047,0.41595441595441596,0.41595441595441596
RAW_1D,BASELINE_CE,baseline,7107,228,2053,"[[1688, 0, 0, 0], [2, 1, 0, 0], [82, 14, 262, 4], [0, 0, 0, 0]]",0.9503166098392596,1688,1772,1688,84,0,0.9525959367945824,1.0,0.9757225433526011,3,15,1,14,2,0.06666666666666667,0.3333333333333333,0.1111111111111111,362,262,262,0,100,1.0,0.7237569060773481,0.8397435897435898,0,4,0,4,0,0.0,,,0.6421924147357673,0.1111111111111111,0.1111111111111111
RAW_1D,BASELINE_CE,baseline,7107,231,1571,"[[1557, 5, 6, 0], [1, 0, 0, 0], [0, 1, 1, 0], [0, 0, 0, 0]]",0.991725015913431,1568,1558,1557,1,11,0.9993581514762516,0.9929846938775511,0.9961612284069098,1,6,0,6,1,0.0,0.0,0.0,2,7,1,6,1,0.14285714285714285,0.5,0.2222222222222222,0,0,0,0,0,,,,0.40612781687637733,0.0,0.0
RAW_1D,BASELINE_CE,baseline,7107,232,1780,"[[376, 0, 22, 0], [55, 4, 1323, 0], [0, 0, 0, 0], [0, 0, 0, 0]]",0.21348314606741572,398,431,376,55,22,0.8723897911832946,0.9447236180904522,0.9071170084439083,1382,4,4,0,1378,1.0,0.002894356005788712,0.005772005772005772,0,1345,0,1345,0,0.0,,,0,0,0,0,0,,,,0.45644450710795703,0.005772005772005772,0.005772005772005772
RAW_1D,BASELINE_CE,baseline,7107,233,3077,"[[537, 0, 460, 1232], [1, 3, 3, 0], [72, 151, 565, 42], [6, 0, 1, 4]]",0.36041598960026,2229,616,537,79,1692,0.8717532467532467,0.24091520861372812,0.3775043936731107,7,154,3,151,4,0.01948051948051948,0.42857142857142855,0.037267080745341616,830,1029,565,464,265,0.5490767735665695,0.6807228915662651,0.6078536847767617,11,1278,4,1274,7,0.003129890453834116,0.36363636363636365,0.0062063615205585725,0.25720788017894314,0.021736721132950096,0.0062063615205585725
RAW_1D,BASELINE_CE,baseline,7107,234,2753,"[[2500, 1, 0, 199], [23, 15, 0, 12], [0, 0, 3, 0], [0, 0, 0, 0]]",0.9146385760988013,2700,2523,2500,23,200,0.9908838684106223,0.9259259259259259,0.9573042312847023,50,16,15,1,35,0.9375,0.3,0.45454545454545453,3,3,3,0,0,1.0,1.0,1.0,0,211,0,211,0,0.0,,,0.8039498952767189,0.45454545454545453,0.45454545454545453
RAW_1D,BASELINE_CE,baseline,7108,100,2272,"[[2238, 0, 0, 0], [6, 27, 0, 0], [0, 0, 1, 0], [0, 0, 0, 0]]",0.9973591549295775,2238,2244,2238,6,0,0.9973262032085561,1.0,0.998661311914324,33,27,27,0,6,1.0,0.8181818181818182,0.9,1,1,1,0,0,1.0,1.0,1.0,0,0,0,0,0,,,,0.9662204373047746,0.9,0.9
RAW_1D,BASELINE_CE,baseline,7108,103,2084,"[[2082, 0, 0, 0], [1, 1, 0, 0], [0, 0, 0, 0], [0, 0, 0, 0]]",0.9995201535508638,2082,2083,2082,1,0,0.99951992318771,1.0,0.9997599039615847,2,1,1,0,1,1.0,0.5,0.6666666666666666,0,0,0,0,0,,,,0,0,0,0,0,,,,0.8332132853141256,0.6666666666666666,0.6666666666666666
RAW_1D,BASELINE_CE,baseline,7108,105,2567,"[[2494, 1, 25, 6], [0, 0, 0, 0], [3, 1, 37, 0], [0, 0, 0, 0]]",0.9859758472925594,2526,2497,2494,3,32,0.9987985582699239,0.9873317498020586,0.9930320525582321,0,2,0,2,0,0.0,,,41,62,37,25,4,0.5967741935483871,0.9024390243902439,0.7184466019417476,0,6,0,6,0,0.0,,,0.8557393272499898,,
RAW_1D,BASELINE_CE,baseline,7108,111,2124,"[[2115, 1, 7, 0], [0, 0, 0, 0], [0, 0, 1, 0], [0, 0, 0, 0]]",0.9962335216572504,2123,2115,2115,0,8,1.0,0.9962317475270843,0.998112317130722,0,1,0,1,0,0.0,,,1,8,1,7,0,0.125,1.0,0.2222222222222222,0,0,0,0,0,,,,0.6101672696764722,,
RAW_1D,BASELINE_CE,baseline,7108,113,1794,"[[1788, 0, 0, 0], [0, 1, 5, 0], [0, 0, 0, 0], [0, 0, 0, 0]]",0.9972129319955407,1788,1788,1788,0,0,1.0,1.0,1.0,6,1,1,0,5,1.0,0.16666666666666666,0.2857142857142857,0,5,0,5,0,0.0,,,0,0,0,0,0,,,,0.6428571428571428,0.2857142857142857,0.2857142857142857
RAW_1D,BASELINE_CE,baseline,7108,117,1534,"[[1533, 0, 0, 0], [0, 0, 1, 0], [0, 0, 0, 0], [0, 0, 0, 0]]",0.999348109517601,1533,1533,1533,0,0,1.0,1.0,1.0,1,0,0,0,1,,0.0,0.0,0,1,0,1,0,0.0,,,0,0,0,0,0,,,,0.5,0.0,0.0
RAW_1D,BASELINE_CE,baseline,7108,121,1863,"[[1860, 0, 1, 0], [1, 0, 0, 0], [0, 0, 1, 0], [0, 0, 0, 0]]",0.9989264626945786,1861,1861,1860,1,1,0.999462654486835,0.999462654486835,0.999462654486835,1,0,0,0,1,,0.0,0.0,1,2,1,1,0,0.5,1.0,0.6666666666666666,0,0,0,0,0,,,,0.5553764403845006,0.0,0.0
RAW_1D,BASELINE_CE,baseline,7108,123,1518,"[[1512, 3, 0, 0], [0, 0, 0, 0], [0, 0, 3, 0], [0, 0, 0, 0]]",0.9980237154150198,1515,1512,1512,0,3,1.0,0.998019801980198,0.9990089197224975,0,3,0,3,0,0.0,,,3,3,3,0,0,1.0,1.0,1.0,0,0,0,0,0,,,,0.9995044598612488,,
RAW_1D,BASELINE_CE,baseline,7108,200,2600,"[[1708, 34, 0, 0], [3, 27, 0, 0], [34, 228, 563, 1], [1, 1, 0, 0]]",0.8838461538461538,1742,1746,1708,38,34,0.9782359679266895,0.9804822043628014,0.9793577981651376,30,290,27,263,3,0.09310344827586207,0.9,0.16875,826,563,563,0,263,1.0,0.6815980629539952,0.8106551475881929,2,1,0,1,2,0.0,0.0,0.0,0.4896907364383326,0.084375,0.0
RAW_1D,BASELINE_CE,baseline,7108,202,2136,"[[1911, 12, 110, 28], [21, 19, 15, 0], [1, 0, 18, 0], [1, 0, 0, 0]]",0.9119850187265918,2061,1934,1911,23,150,0.9881075491209927,0.9272197962154294,0.9566958698372966,55,31,19,12,36,0.6129032258064516,0.34545454545454546,0.4418604651162791,19,143,18,125,1,0.1258741258741259,0.9473684210526315,0.2222222222222222,1,28,0,28,1,0.0,0.0,0.0,0.4051946392939495,0.22093023255813954,0.0
RAW_1D,BASELINE_CE,baseline,7108,210,2648,"[[2201, 15, 117, 88], [10, 6, 6, 0], [23, 9, 163, 0], [7, 0, 3, 0]]",0.8950151057401813,2421,2241,2201,40,220,0.9821508255243195,0.909128459314333,0.9442299442299442,22,30,6,24,16,0.2,0.2727272727272727,0.23076923076923078,195,289,163,126,32,0.5640138408304498,0.8358974358974359,0.6735537190082644,10,88,0,88,10,0.0,0.0,0.0,0.46213822350185985,0.11538461538461539,0.0
RAW_1D,BASELINE_CE,baseline,7108,212,2747,"[[2561, 3, 183, 0], [0, 0, 0, 0], [0, 0, 0, 0], [0, 0, 0, 0]]",0.9322897706589006,2747,2561,2561,0,186,1.0,0.9322897706589006,0.9649585531273549,0,3,0,3,0,0.0,,,0,183,0,183,0,0.0,,,0,0,0,0,0,,,,0.9649585531273549,,
RAW_1D,BASELINE_CE,baseline,7108,213,3250,"[[2398, 210, 32, 0], [18, 2, 8, 0], [114, 0, 101, 5], [349, 4, 8, 1]]",0.7698461538461538,2640,2879,2398,481,242,0.8329281000347343,0.9083333333333333,0.8689980068853053,28,216,2,214,26,0.009259259259259259,0.07142857142857142,0.01639344262295082,220,149,101,48,119,0.6778523489932886,0.4590909090909091,0.5474254742547425,362,6,1,5,361,0.16666666666666666,0.0027624309392265192,0.005434782608695652,0.35956292659292355,0.010914112615823236,0.005434782608695652
RAW_1D,BASELINE_CE,baseline,7108,214,2258,"[[1919, 0, 78, 4], [0, 0, 0, 0], [2, 52, 202, 0], [0, 1, 0, 0]]",0.9393268379096545,2001,1921,1919,2,82,0.9989588755856325,0.9590204897551224,0.9785823559408465,0,53,0,53,0,0.0,,,256,280,202,78,54,0.7214285714285714,0.7890625,0.753731343283582,1,4,0,4,1,0.0,0.0,0.0,0.5774378997414762,0.0,0.0
RAW_1D,BASELINE_CE,baseline,7108,219,2154,"[[1683, 11, 386, 2], [5, 0, 2, 0], [4, 4, 56, 0], [0, 1, 0, 0]]",0.8073351903435468,2082,1692,1683,9,399,0.9946808510638298,0.80835734870317,0.8918918918918919,7,16,0,16,7,0.0,0.0,0.0,64,444,56,388,8,0.12612612612612611,0.875,0.2204724409448819,1,2,0,2,1,0.0,0.0,0.0,0.27809108320919346,0.0,0.0
RAW_1D,BASELINE_CE,baseline,7108,221,2427,"[[1910, 120, 1, 0], [0, 0, 0, 0], [0, 0, 396, 0], [0, 0, 0, 0]]",0.950144210960033,2031,1910,1910,0,121,1.0,0.9404234367306745,0.9692971327074347,0,120,0,120,0,0.0,,,396,397,396,1,0,0.9974811083123426,1.0,0.9987389659520807,0,0,0,0,0,,,,0.9840180493297577,,
RAW_1D,BASELINE_CE,baseline,7108,222,2483,"[[2099, 57, 114, 4], [118, 50, 40, 1], [0, 0, 0, 0], [0, 0, 0, 0]]",0.8654853000402739,2274,2217,2099,118,175,0.9467749210645016,0.9230430958663148,0.9347584057002895,209,107,50,57,159,0.4672897196261682,0.23923444976076555,0.31645569620253167,0,154,0,154,0,0.0,,,0,5,0,5,0,0.0,,,0.6256070509514106,0.31645569620253167,0.31645569620253167
RAW_1D,BASELINE_CE,baseline,7108,228,2053,"[[1688, 0, 0, 0], [3, 0, 0, 0], [101, 37, 224, 0], [0, 0, 0, 0]]",0.9313200194836824,1688,1792,1688,104,0,0.9419642857142857,1.0,0.9701149425287356,3,37,0,37,3,0.0,0.0,0.0,362,224,224,0,138,1.0,0.6187845303867403,0.764505119453925,0,0,0,0,0,,,,0.5782066873275535,0.0,0.0
RAW_1D,BASELINE_CE,baseline,7108,231,1571,"[[1562, 0, 6, 0], [1, 0, 0, 0], [0, 1, 1, 0], [0, 0, 0, 0]]",0.9949077021005729,1568,1563,1562,1,6,0.999360204734485,0.9961734693877551,0.9977642925582881,1,1,0,1,1,0.0,0.0,0.0,2,7,1,6,1,0.14285714285714285,0.5,0.2222222222222222,0,0,0,0,0,,,,0.40666217159350343,0.0,0.0
RAW_1D,BASELINE_CE,baseline,7108,232,1780,"[[397, 0, 1, 0], [210, 2, 1170, 0], [0, 0, 0, 0], [0, 0, 0, 0]]",0.22415730337078651,398,607,397,210,1,0.6540362438220758,0.9974874371859297,0.7900497512437811,1382,2,2,0,1380,1.0,0.001447178002894356,0.002890173410404624,0,1171,0,1171,0,0.0,,,0,0,0,0,0,,,,0.39646996232709286,0.002890173410404624,0.002890173410404624
RAW_1D,BASELINE_CE,baseline,7108,233,3077,"[[1623, 2, 194, 410], [0, 0, 7, 0], [149, 12, 667, 2], [7, 0, 1, 3]]",0.745206369840754,2229,1779,1623,156,606,0.9123102866779089,0.7281292059219381,0.8098802395209581,7,14,0,14,7,0.0,0.0,0.0,830,869,667,202,163,0.7675489067894131,0.8036144578313253,0.785167745732784,11,415,3,412,8,0.007228915662650603,0.2727272727272727,0.014084507042253521,0.40228312307399894,0.007042253521126761,0.0
RAW_1D,BASELINE_CE,baseline,7108,234,2753,"[[2698, 1, 0, 1], [33, 12, 3, 2], [0, 0, 3, 0], [0, 0, 0, 0]]",0.9854703959317108,2700,2731,2698,33,2,0.9879165140974002,0.9992592592592593,0.9935555146381881,50,13,12,1,38,0.9230769230769231,0.24,0.38095238095238093,3,6,3,3,0,0.5,1.0,0.6666666666666666,0,3,0,3,0,0.0,,,0.6803915207524119,0.38095238095238093,0.38095238095238093
RAW_1D,BASELINE_CE,baseline,7109,100,2272,"[[2237, 0, 1, 0], [2, 31, 0, 0], [0, 0, 1, 0], [0, 0, 0, 0]]",0.9986795774647887,2238,2239,2237,2,1,0.9991067440821796,0.9995531724754245,0.9993299084208175,33,31,31,0,2,1.0,0.9393939393939394,0.96875,1,2,1,1,0,0.5,1.0,0.6666666666666666,0,0,0,0,0,,,,0.8782488583624947,0.96875,0.96875
RAW_1D,BASELINE_CE,baseline,7109,103,2084,"[[2082, 0, 0, 0], [1, 1, 0, 0], [0, 0, 0, 0], [0, 0, 0, 0]]",0.9995201535508638,2082,2083,2082,1,0,0.99951992318771,1.0,0.9997599039615847,2,1,1,0,1,1.0,0.5,0.6666666666666666,0,0,0,0,0,,,,0,0,0,0,0,,,,0.8332132853141256,0.6666666666666666,0.6666666666666666
RAW_1D,BASELINE_CE,baseline,7109,105,2567,"[[2510, 0, 14, 2], [0, 0, 0, 0], [2, 13, 26, 0], [0, 0, 0, 0]]",0.987923646279704,2526,2512,2510,2,16,0.9992038216560509,0.9936658749010293,0.9964271536323938,0,13,0,13,0,0.0,,,41,40,26,14,15,0.65,0.6341463414634146,0.6419753086419753,0,2,0,2,0,0.0,,,0.8192012311371846,,
RAW_1D,BASELINE_CE,baseline,7109,111,2124,"[[2120, 0, 3, 0], [0, 0, 0, 0], [0, 0, 1, 0], [0, 0, 0, 0]]",0.998587570621469,2123,2120,2120,0,3,1.0,0.9985869053226566,0.9992929530992223,0,0,0,0,0,,,,1,4,1,3,0,0.25,1.0,0.4,0,0,0,0,0,,,,0.6996464765496111,,
RAW_1D,BASELINE_CE,baseline,7109,113,1794,"[[1787, 1, 0, 0], [0, 0, 6, 0], [0, 0, 0, 0], [0, 0, 0, 0]]",0.9960981047937569,1788,1787,1787,0,1,1.0,0.9994407158836689,0.9997202797202798,6,1,0,1,6,0.0,0.0,0.0,0,6,0,6,0,0.0,,,0,0,0,0,0,,,,0.4998601398601399,0.0,0.0
RAW_1D,BASELINE_CE,baseline,7109,117,1534,"[[1532, 0, 1, 0], [0, 0, 1, 0], [0, 0, 0, 0], [0, 0, 0, 0]]",0.9986962190352021,1533,1532,1532,0,1,1.0,0.9993476842791911,0.999673735725938,1,0,0,0,1,,0.0,0.0,0,2,0,2,0,0.0,,,0,0,0,0,0,,,,0.499836867862969,0.0,0.0
RAW_1D,BASELINE_CE,baseline,7109,121,1863,"[[1861, 0, 0, 0], [1, 0, 0, 0], [0, 0, 1, 0], [0, 0, 0, 0]]",0.9994632313472893,1861,1862,1861,1,0,0.9994629430719656,1.0,0.9997313994090787,1,0,0,0,1,,0.0,0.0,1,1,1,0,0,1.0,1.0,1.0,0,0,0,0,0,,,,0.6665771331363596,0.0,0.0
RAW_1D,BASELINE_CE,baseline,7109,123,1518,"[[1512, 3, 0, 0], [0, 0, 0, 0], [0, 0, 3, 0], [0, 0, 0, 0]]",0.9980237154150198,1515,1512,1512,0,3,1.0,0.998019801980198,0.9990089197224975,0,3,0,3,0,0.0,,,3,3,3,0,0,1.0,1.0,1.0,0,0,0,0,0,,,,0.9995044598612488,,
RAW_1D,BASELINE_CE,baseline,7109,200,2600,"[[1739, 3, 0, 0], [16, 13, 1, 0], [41, 27, 757, 1], [2, 0, 0, 0]]",0.965,1742,1798,1739,59,3,0.9671857619577308,0.9982778415614236,0.9824858757062147,30,43,13,30,17,0.3023255813953488,0.43333333333333335,0.3561643835616438,826,758,757,1,69,0.9986807387862797,0.9164648910411622,0.9558080808080808,2,1,0,1,2,0.0,0.0,0.0,0.5736145850189849,0.1780821917808219,0.0
RAW_1D,BASELINE_CE,baseline,7109,202,2136,"[[1978, 61, 17, 5], [28, 18, 9, 0], [4, 0, 15, 0], [1, 0, 0, 0]]",0.9414794007490637,2061,2011,1978,33,83,0.9835902536051716,0.9597282872392042,0.9715127701375246,55,79,18,61,37,0.22784810126582278,0.32727272727272727,0.26865671641791045,19,41,15,26,4,0.36585365853658536,0.7894736842105263,0.5,1,5,0,5,1,0.0,0.0,0.0,0.4350423716388587,0.13432835820895522,0.0
RAW_1D,BASELINE_CE,baseline,7109,210,2648,"[[2280, 3, 50, 88], [14, 4, 4, 0], [30, 6, 158, 1], [7, 0, 3, 0]]",0.9222054380664653,2421,2331,2280,51,141,0.9781209781209781,0.9417596034696406,0.9595959595959596,22,13,4,9,18,0.3076923076923077,0.18181818181818182,0.22857142857142856,195,215,158,57,37,0.7348837209302326,0.8102564102564103,0.7707317073170732,10,89,0,89,10,0.0,0.0,0.0,0.48972477387111535,0.11428571428571428,0.0
RAW_1D,BASELINE_CE,baseline,7109,212,2747,"[[2746, 0, 1, 0], [0, 0, 0, 0], [0, 0, 0, 0], [0, 0, 0, 0]]",0.9996359665089188,2747,2746,2746,0,1,1.0,0.9996359665089188,0.9998179501183324,0,0,0,0,0,,,,0,1,0,1,0,0.0,,,0,0,0,0,0,,,,0.9998179501183324,,
RAW_1D,BASELINE_CE,baseline,7109,213,3250,"[[2628, 3, 9, 0], [14, 1, 13, 0], [138, 4, 76, 2], [359, 0, 3, 0]]",0.8323076923076923,2640,3139,2628,511,12,0.8372093023255814,0.9954545454545455,0.9094999134798408,28,8,1,7,27,0.125,0.03571428571428571,0.05555555555555555,220,101,76,25,144,0.7524752475247525,0.34545454545454546,0.4735202492211838,362,2,0,2,362,0.0,0.0,0.0,0.35964392956414504,0.027777777777777776,0.0
RAW_1D,BASELINE_CE,baseline,7109,214,2258,"[[1977, 0, 22, 2], [0, 0, 0, 0], [10, 30, 216, 0], [0, 1, 0, 0]]",0.9712134632418069,2001,1987,1977,10,24,0.9949672873678913,0.9880059970014993,0.9914744232698094,0,31,0,31,0,0.0,,,256,238,216,22,40,0.907563025210084,0.84375,0.8744939271255061,1,2,0,2,1,0.0,0.0,0.0,0.6219894501317719,0.0,0.0
RAW_1D,BASELINE_CE,baseline,7109,219,2154,"[[1822, 66, 179, 15], [5, 0, 2, 0], [6, 2, 56, 0], [0, 1, 0, 0]]",0.871866295264624,2082,1833,1822,11,260,0.993998908892526,0.8751200768491835,0.930779054916986,7,69,0,69,7,0.0,0.0,0.0,64,237,56,181,8,0.23628691983122363,0.875,0.37209302325581395,1,15,0,15,1,0.0,0.0,0.0,0.3257180195432,0.0,0.0
RAW_1D,BASELINE_CE,baseline,7109,221,2427,"[[1885, 146, 0, 0], [0, 0, 0, 0], [0, 0, 396, 0], [0, 0, 0, 0]]",0.9398434281005357,2031,1885,1885,0,146,1.0,0.9281142294436239,0.9627170582226762,0,146,0,146,0,0.0,,,396,396,396,0,0,1.0,1.0,1.0,0,0,0,0,0,,,,0.981358529111338,,
RAW_1D,BASELINE_CE,baseline,7109,222,2483,"[[2079, 57, 115, 23], [120, 41, 48, 0], [0, 0, 0, 0], [0, 0, 0, 0]]",0.8538058799838905,2274,2199,2079,120,195,0.9454297407912687,0.9142480211081794,0.9295774647887324,209,98,41,57,168,0.41836734693877553,0.19617224880382775,0.2671009771986971,0,163,0,163,0,0.0,,,0,23,0,23,0,0.0,,,0.5983392209937147,0.2671009771986971,0.2671009771986971
RAW_1D,BASELINE_CE,baseline,7109,228,2053,"[[1688, 0, 0, 0], [3, 0, 0, 0], [5, 1, 356, 0], [0, 0, 0, 0]]",0.9956161714564052,1688,1696,1688,8,0,0.9952830188679245,1.0,0.9976359338061466,3,1,0,1,3,0.0,0.0,0.0,362,356,356,0,6,1.0,0.9834254143646409,0.9916434540389972,0,0,0,0,0,,,,0.6630931292817146,0.0,0.0
RAW_1D,BASELINE_CE,baseline,7109,231,1571,"[[1544, 24, 0, 0], [1, 0, 0, 0], [0, 1, 1, 0], [0, 0, 0, 0]]",0.9834500318268619,1568,1545,1544,1,24,0.9993527508090615,0.9846938775510204,0.991969161580469,1,25,0,25,1,0.0,0.0,0.0,2,1,1,0,1,1.0,0.5,0.6666666666666666,0,0,0,0,0,,,,0.5528786094157119,0.0,0.0
RAW_1D,BASELINE_CE,baseline,7109,232,1780,"[[397, 0, 1, 0], [297, 3, 1082, 0], [0, 0, 0, 0], [0, 0, 0, 0]]",0.2247191011235955,398,694,397,297,1,0.5720461095100865,0.9974874371859297,0.7271062271062271,1382,3,3,0,1379,1.0,0.002170767004341534,0.004332129963898917,0,1083,0,1083,0,0.0,,,0,0,0,0,0,,,,0.36571917853506297,0.004332129963898917,0.004332129963898917
RAW_1D,BASELINE_CE,baseline,7109,233,3077,"[[2154, 1, 13, 61], [1, 3, 3, 0], [43, 73, 712, 2], [9, 0, 1, 1]]",0.9327266818329542,2229,2207,2154,53,75,0.9759855006796556,0.9663526244952894,0.9711451758340848,7,77,3,74,4,0.03896103896103896,0.42857142857142855,0.07142857142857142,830,729,712,17,118,0.9766803840877915,0.8578313253012049,0.9134060295060936,11,64,1,63,10,0.015625,0.09090909090909091,0.02666666666666667,0.49566161085885413,0.04904761904761905,0.02666666666666667
RAW_1D,BASELINE_CE,baseline,7109,234,2753,"[[2699, 1, 0, 0], [31, 18, 1, 0], [0, 0, 3, 0], [0, 0, 0, 0]]",0.9880130766436614,2700,2730,2699,31,1,0.9886446886446887,0.9996296296296296,0.9941068139963167,50,19,18,1,32,0.9473684210526315,0.36,0.5217391304347826,3,4,3,1,0,0.75,1.0,0.8571428571428571,0,0,0,0,0,,,,0.7909962671913188,0.5217391304347826,0.5217391304347826
RAW_1D,FOCAL_A025_G3,selected_on_DS1,7100,100,2272,"[[2238, 0, 0, 0], [15, 13, 5, 0], [0, 0, 1, 0], [0, 0, 0, 0]]",0.9911971830985915,2238,2253,2238,15,0,0.9933422103861518,1.0,0.9966599866399466,33,13,13,0,20,1.0,0.3939393939393939,0.5652173913043478,1,6,1,5,0,0.16666666666666666,1.0,0.2857142857142857,0,0,0,0,0,,,,0.6158638878861934,0.5652173913043478,0.5652173913043478
RAW_1D,FOCAL_A025_G3,selected_on_DS1,7100,103,2084,"[[2081, 0, 0, 1], [2, 0, 0, 0], [0, 0, 0, 0], [0, 0, 0, 0]]",0.9985604606525912,2082,2083,2081,2,1,0.9990398463754201,0.9995196926032661,0.999279711884754,2,0,0,0,2,,0.0,0.0,0,0,0,0,0,,,,0,1,0,1,0,0.0,,,0.499639855942377,0.0,0.0
RAW_1D,FOCAL_A025_G3,selected_on_DS1,7100,105,2567,"[[2498, 2, 20, 6], [0, 0, 0, 0], [2, 25, 14, 0], [0, 0, 0, 0]]",0.9785742111414102,2526,2500,2498,2,28,0.9992,0.9889152810768013,0.9940310385992838,0,27,0,27,0,0.0,,,41,34,14,20,27,0.4117647058823529,0.34146341463414637,0.37333333333333335,0,6,0,6,0,0.0,,,0.6836821859663086,,
RAW_1D,FOCAL_A025_G3,selected_on_DS1,7100,111,2124,"[[2114, 0, 9, 0], [0, 0, 0, 0], [0, 0, 1, 0], [0, 0, 0, 0]]",0.9957627118644068,2123,2114,2114,0,9,1.0,0.9957607159679699,0.9978758555581779,0,0,0,0,0,,,,1,10,1,9,0,0.1,1.0,0.18181818181818182,0,0,0,0,0,,,,0.5898470186881799,,
RAW_1D,FOCAL_A025_G3,selected_on_DS1,7100,113,1794,"[[1786, 0, 2, 0], [0, 0, 6, 0], [0, 0, 0, 0], [0, 0, 0, 0]]",0.9955406911928651,1788,1786,1786,0,2,1.0,0.9988814317673378,0.9994404029099049,6,0,0,0,6,,0.0,0.0,0,8,0,8,0,0.0,,,0,0,0,0,0,,,,0.49972020145495244,0.0,0.0
RAW_1D,FOCAL_A025_G3,selected_on_DS1,7100,117,1534,"[[1533, 0, 0, 0], [0, 0, 1, 0], [0, 0, 0, 0], [0, 0, 0, 0]]",0.999348109517601,1533,1533,1533,0,0,1.0,1.0,1.0,1,0,0,0,1,,0.0,0.0,0,1,0,1,0,0.0,,,0,0,0,0,0,,,,0.5,0.0,0.0
RAW_1D,FOCAL_A025_G3,selected_on_DS1,7100,121,1863,"[[1859, 0, 1, 1], [0, 1, 0, 0], [0, 0, 1, 0], [0, 0, 0, 0]]",0.9989264626945786,1861,1859,1859,0,2,1.0,0.99892530897367,0.9994623655913979,1,1,1,0,0,1.0,1.0,1.0,1,2,1,1,0,0.5,1.0,0.6666666666666666,0,1,0,1,0,0.0,,,0.8887096774193548,1.0,1.0
RAW_1D,FOCAL_A025_G3,selected_on_DS1,7100,123,1518,"[[1512, 3, 0, 0], [0, 0, 0, 0], [0, 0, 3, 0], [0, 0, 0, 0]]",0.9980237154150198,1515,1512,1512,0,3,1.0,0.998019801980198,0.9990089197224975,0,3,0,3,0,0.0,,,3,3,3,0,0,1.0,1.0,1.0,0,0,0,0,0,,,,0.9995044598612488,,
RAW_1D,FOCAL_A025_G3,selected_on_DS1,7100,200,2600,"[[1733, 6, 0, 3], [8, 21, 1, 0], [35, 66, 725, 0], [2, 0, 0, 0]]",0.9534615384615385,1742,1778,1733,45,9,0.9746906636670416,0.994833524684271,0.9846590909090909,30,93,21,72,9,0.22580645161290322,0.7,0.34146341463414637,826,726,725,1,101,0.9986225895316805,0.8777239709443099,0.9342783505154639,2,3,0,3,2,0.0,0.0,0.0,0.5651002140146753,0.17073170731707318,0.0
RAW_1D,FOCAL_A025_G3,selected_on_DS1,7100,202,2136,"[[1958, 38, 6, 59], [17, 23, 15, 0], [1, 0, 18, 0], [1, 0, 0, 0]]",0.9358614232209738,2061,1977,1958,19,103,0.9903894790085989,0.9500242600679282,0.9697870232788509,55,61,23,38,32,0.3770491803278688,0.41818181818181815,0.39655172413793105,19,39,18,21,1,0.46153846153846156,0.9473684210526315,0.6206896551724138,1,59,0,59,1,0.0,0.0,0.0,0.49675710064729894,0.19827586206896552,0.0
RAW_1D,FOCAL_A025_G3,selected_on_DS1,7100,210,2648,"[[2198, 70, 51, 102], [7, 10, 5, 0], [24, 13, 157, 1], [7, 0, 3, 0]]",0.8931268882175226,2421,2236,2198,38,223,0.983005366726297,0.9078893019413465,0.9439553360532532,22,93,10,83,12,0.10752688172043011,0.45454545454545453,0.17391304347826086,195,216,157,59,38,0.7268518518518519,0.8051282051282052,0.7639902676399026,10,103,0,103,10,0.0,0.0,0.0,0.4704646617928542,0.08695652173913043,0.0
RAW_1D,FOCAL_A025_G3,selected_on_DS1,7100,212,2747,"[[2580, 145, 22, 0], [0, 0, 0, 0], [0, 0, 0, 0], [0, 0, 0, 0]]",0.939206406989443,2747,2580,2580,0,167,1.0,0.939206406989443,0.9686502721982354,0,145,0,145,0,0.0,,,0,22,0,22,0,0.0,,,0,0,0,0,0,,,,0.9686502721982354,,
RAW_1D,FOCAL_A025_G3,selected_on_DS1,7100,213,3250,"[[2605, 10, 25, 0], [20, 1, 7, 0], [140, 1, 65, 14], [356, 2, 4, 0]]",0.8218461538461539,2640,3121,2605,516,35,0.8346683755206664,0.9867424242424242,0.9043568824856796,28,14,1,13,27,0.07142857142857142,0.03571428571428571,0.047619047619047616,220,101,65,36,155,0.6435643564356436,0.29545454545454547,0.40498442367601245,362,14,0,14,362,0.0,0.0,0.0,0.33924008844518494,0.023809523809523808,0.0
RAW_1D,FOCAL_A025_G3,selected_on_DS1,7100,214,2258,"[[1585, 0, 413, 3], [0, 0, 0, 0], [4, 60, 191, 1], [0, 1, 0, 0]]",0.7865367581930912,2001,1589,1585,4,416,0.9974826935179358,0.792103948025987,0.883008356545961,0,61,0,61,0,0.0,,,256,604,191,413,65,0.3162251655629139,0.74609375,0.4441860465116279,1,4,0,4,1,0.0,0.0,0.0,0.4423981343525296,0.0,0.0
RAW_1D,FOCAL_A025_G3,selected_on_DS1,7100,219,2154,"[[1936, 4, 111, 31], [7, 0, 0, 0], [1, 8, 55, 0], [0, 1, 0, 0]]",0.9243268337975858,2082,1944,1936,8,146,0.9958847736625515,0.9298751200768491,0.9617486338797814,7,13,0,13,7,0.0,0.0,0.0,64,166,55,111,9,0.3313253012048193,0.859375,0.4782608695652174,1,31,0,31,1,0.0,0.0,0.0,0.3600023758612497,0.0,0.0
RAW_1D,FOCAL_A025_G3,selected_on_DS1,7100,221,2427,"[[1951, 74, 1, 5], [0, 0, 0, 0], [0, 2, 392, 2], [0, 0, 0, 0]]",0.965389369592089,2031,1951,1951,0,80,1.0,0.9606105366814377,0.9799095931692616,0,76,0,76,0,0.0,,,396,393,392,1,4,0.9974554707379135,0.98989898989899,0.9936628643852978,0,7,0,7,0,0.0,,,0.9867862287772797,,
RAW_1D,FOCAL_A025_G3,selected_on_DS1,7100,222,2483,"[[1900, 126, 196, 52], [67, 100, 39, 3], [0, 0, 0, 0], [0, 0, 0, 0]]",0.8054772452678212,2274,1967,1900,67,374,0.9659379766141332,0.8355321020228672,0.8960150907804763,209,226,100,126,109,0.4424778761061947,0.4784688995215311,0.45977011494252873,0,235,0,235,0,0.0,,,0,55,0,55,0,0.0,,,0.6778926028615024,0.45977011494252873,0.45977011494252873
RAW_1D,FOCAL_A025_G3,selected_on_DS1,7100,228,2053,"[[1687, 0, 1, 0], [1, 2, 0, 0], [71, 10, 281, 0], [0, 0, 0, 0]]",0.9595713589868485,1688,1759,1687,72,1,0.9590676520750426,0.9994075829383886,0.9788221642007543,3,12,2,10,1,0.16666666666666666,0.6666666666666666,0.26666666666666666,362,282,281,1,81,0.9964539007092199,0.7762430939226519,0.8726708074534162,0,0,0,0,0,,,,0.7060532127736124,0.26666666666666666,0.26666666666666666
RAW_1D,FOCAL_A025_G3,selected_on_DS1,7100,231,1571,"[[1567, 0, 1, 0], [1, 0, 0, 0], [0, 1, 1, 0], [0, 0, 0, 0]]",0.9980903882877148,1568,1568,1567,1,1,0.9993622448979592,0.9993622448979592,0.9993622448979592,1,1,0,1,1,0.0,0.0,0.0,2,2,1,1,1,0.5,0.5,0.5,0,0,0,0,0,,,,0.49978741496598644,0.0,0.0
RAW_1D,FOCAL_A025_G3,selected_on_DS1,7100,232,1780,"[[396, 0, 2, 0], [221, 4, 1157, 0], [0, 0, 0, 0], [0, 0, 0, 0]]",0.2247191011235955,398,617,396,221,2,0.6418152350081038,0.9949748743718593,0.780295566502463,1382,4,4,0,1378,1.0,0.002894356005788712,0.005772005772005772,0,1159,0,1159,0,0.0,,,0,0,0,0,0,,,,0.3930337861372344,0.005772005772005772,0.005772005772005772
RAW_1D,FOCAL_A025_G3,selected_on_DS1,7100,233,3077,"[[2197, 0, 16, 16], [2, 4, 0, 1], [222, 27, 575, 6], [9, 0, 0, 2]]",0.9028274293142672,2229,2430,2197,233,32,0.9041152263374486,0.9856437864513234,0.9431208413822709,7,31,4,27,3,0.12903225806451613,0.5714285714285714,0.21052631578947367,830,591,575,16,255,0.9729272419627749,0.6927710843373494,0.8092892329345531,11,25,2,23,9,0.08,0.18181818181818182,0.1111111111111111,0.5185118753043522,0.1608187134502924,0.1111111111111111
RAW_1D,FOCAL_A025_G3,selected_on_DS1,7100,234,2753,"[[2698, 1, 0, 1], [36, 9, 0, 5], [0, 0, 3, 0], [0, 0, 0, 0]]",0.9843806756265892,2700,2734,2698,36,2,0.9868324798829554,0.9992592592592593,0.993006993006993,50,10,9,1,41,0.9,0.18,0.3,3,3,3,0,0,1.0,1.0,1.0,0,6,0,6,0,0.0,,,0.7643356643356644,0.3,0.3
RAW_1D,FOCAL_A025_G3,selected_on_DS1,7101,100,2272,"[[2238, 0, 0, 0], [4, 27, 2, 0], [0, 0, 1, 0], [0, 0, 0, 0]]",0.9973591549295775,2238,2242,2238,4,0,0.9982158786797503,1.0,0.9991071428571429,33,27,27,0,6,1.0,0.8181818181818182,0.9,1,3,1,2,0,0.3333333333333333,1.0,0.5,0,0,0,0,0,,,,0.799702380952381,0.9,0.9
RAW_1D,FOCAL_A025_G3,selected_on_DS1,7101,103,2084,"[[2082, 0, 0, 0], [1, 1, 0, 0], [0, 0, 0, 0], [0, 0, 0, 0]]",0.9995201535508638,2082,2083,2082,1,0,0.99951992318771,1.0,0.9997599039615847,2,1,1,0,1,1.0,0.5,0.6666666666666666,0,0,0,0,0,,,,0,0,0,0,0,,,,0.8332132853141256,0.6666666666666666,0.6666666666666666
RAW_1D,FOCAL_A025_G3,selected_on_DS1,7101,105,2567,"[[2494, 0, 22, 10], [0, 0, 0, 0], [27, 5, 9, 0], [0, 0, 0, 0]]",0.9750681729645501,2526,2521,2494,27,32,0.989289964299881,0.9873317498020586,0.9883098870616208,0,5,0,5,0,0.0,,,41,31,9,22,32,0.2903225806451613,0.21951219512195122,0.25,0,10,0,10,0,0.0,,,0.6191549435308104,,
RAW_1D,FOCAL_A025_G3,selected_on_DS1,7101,111,2124,"[[2117, 1, 5, 0], [0, 0, 0, 0], [0, 0, 1, 0], [0, 0, 0, 0]]",0.9971751412429378,2123,2117,2117,0,6,1.0,0.9971738106453132,0.9985849056603774,0,1,0,1,0,0.0,,,1,6,1,5,0,0.16666666666666666,1.0,0.2857142857142857,0,0,0,0,0,,,,0.6421495956873315,,
RAW_1D,FOCAL_A025_G3,selected_on_DS1,7101,113,1794,"[[1761, 6, 21, 0], [0, 1, 5, 0], [0, 0, 0, 0], [0, 0, 0, 0]]",0.9821627647714605,1788,1761,1761,0,27,1.0,0.9848993288590604,0.9923922231614539,6,7,1,6,5,0.14285714285714285,0.16666666666666666,0.15384615384615385,0,26,0,26,0,0.0,,,0,0,0,0,0,,,,0.5731191885038038,0.15384615384615385,0.15384615384615385
RAW_1D,FOCAL_A025_G3,selected_on_DS1,7101,117,1534,"[[1532, 0, 1, 0], [0, 0, 1, 0], [0, 0, 0, 0], [0, 0, 0, 0]]",0.9986962190352021,1533,1532,1532,0,1,1.0,0.9993476842791911,0.999673735725938,1,0,0,0,1,,0.0,0.0,0,2,0,2,0,0.0,,,0,0,0,0,0,,,,0.499836867862969,0.0,0.0
RAW_1D,FOCAL_A025_G3,selected_on_DS1,7101,121,1863,"[[1853, 0, 1, 7], [0, 1, 0, 0], [0, 0, 1, 0], [0, 0, 0, 0]]",0.9957058507783145,1861,1853,1853,0,8,1.0,0.9957012358946803,0.9978459881529348,1,1,1,0,0,1.0,1.0,1.0,1,2,1,1,0,0.5,1.0,0.6666666666666666,0,7,0,7,0,0.0,,,0.8881708849398672,1.0,1.0
RAW_1D,FOCAL_A025_G3,selected_on_DS1,7101,123,1518,"[[1510, 5, 0, 0], [0, 0, 0, 0], [0, 0, 3, 0], [0, 0, 0, 0]]",0.9967061923583662,1515,1510,1510,0,5,1.0,0.9966996699669967,0.9983471074380166,0,5,0,5,0,0.0,,,3,3,3,0,0,1.0,1.0,1.0,0,0,0,0,0,,,,0.9991735537190083,,
RAW_1D,FOCAL_A025_G3,selected_on_DS1,7101,200,2600,"[[1723, 15, 0, 4], [6, 24, 0, 0], [64, 28, 733, 1], [2, 0, 0, 0]]",0.9538461538461539,1742,1795,1723,72,19,0.9598885793871866,0.9890929965556832,0.9742719819055697,30,67,24,43,6,0.3582089552238806,0.8,0.4948453608247423,826,733,733,0,93,1.0,0.887409200968523,0.9403463758819757,2,5,0,5,2,0.0,0.0,0.0,0.6023659296530719,0.24742268041237114,0.0
RAW_1D,FOCAL_A025_G3,selected_on_DS1,7101,202,2136,"[[2011, 17, 14, 19], [20, 28, 7, 0], [1, 0, 18, 0], [1, 0, 0, 0]]",0.9630149812734082,2061,2033,2011,22,50,0.9891785538612887,0.9757399320718098,0.9824132877381534,55,45,28,17,27,0.6222222222222222,0.509090909090909,0.56,19,39,18,21,1,0.46153846153846156,0.9473684210526315,0.6206896551724138,1,19,0,19,1,0.0,0.0,0.0,0.5407757357276418,0.28,0.0
RAW_1D,FOCAL_A025_G3,selected_on_DS1,7101,210,2648,"[[2123, 6, 67, 225], [6, 7, 9, 0], [36, 11, 147, 1], [8, 0, 2, 0]]",0.8598942598187311,2421,2173,2123,50,298,0.9769903359410953,0.8769103676166873,0.9242490204614715,22,24,7,17,15,0.2916666666666667,0.3181818181818182,0.30434782608695654,195,225,147,78,48,0.6533333333333333,0.7538461538461538,0.7,10,226,0,226,10,0.0,0.0,0.0,0.482149211637107,0.15217391304347827,0.0
RAW_1D,FOCAL_A025_G3,selected_on_DS1,7101,212,2747,"[[2743, 3, 0, 1], [0, 0, 0, 0], [0, 0, 0, 0], [0, 0, 0, 0]]",0.9985438660356752,2747,2743,2743,0,4,1.0,0.9985438660356752,0.9992714025500911,0,3,0,3,0,0.0,,,0,0,0,0,0,,,,0,1,0,1,0,0.0,,,0.9992714025500911,,
RAW_1D,FOCAL_A025_G3,selected_on_DS1,7101,213,3250,"[[2629, 7, 4, 0], [17, 10, 1, 0], [106, 0, 103, 11], [356, 0, 4, 2]]",0.8443076923076923,2640,3108,2629,479,11,0.8458815958815958,0.9958333333333333,0.9147529575504524,28,17,10,7,18,0.5882352941176471,0.35714285714285715,0.4444444444444444,220,112,103,9,117,0.9196428571428571,0.4681818181818182,0.6204819277108434,362,13,2,11,360,0.15384615384615385,0.0055248618784530384,0.010666666666666666,0.49758649909310176,0.22755555555555554,0.010666666666666666
RAW_1D,FOCAL_A025_G3,selected_on_DS1,7101,214,2258,"[[761, 0, 594, 646], [0, 0, 0, 0], [6, 92, 158, 0], [0, 1, 0, 0]]",0.4069973427812223,2001,767,761,6,1240,0.9921773142112125,0.3803098450774613,0.5498554913294798,0,93,0,93,0,0.0,,,256,752,158,594,98,0.21010638297872342,0.6171875,0.3134920634920635,1,646,0,646,1,0.0,0.0,0.0,0.28778251827384776,0.0,0.0
RAW_1D,FOCAL_A025_G3,selected_on_DS1,7101,219,2154,"[[851, 3, 768, 460], [2, 0, 5, 0], [2, 5, 57, 0], [0, 1, 0, 0]]",0.4215413184772516,2082,855,851,4,1231,0.9953216374269006,0.40874159462055715,0.5795028941096357,7,9,0,9,7,0.0,0.0,0.0,64,830,57,773,7,0.06867469879518072,0.890625,0.12751677852348994,1,460,0,460,1,0.0,0.0,0.0,0.17675491815828143,0.0,0.0
RAW_1D,FOCAL_A025_G3,selected_on_DS1,7101,221,2427,"[[1906, 123, 1, 1], [0, 0, 0, 0], [1, 1, 394, 0], [0, 0, 0, 0]]",0.9476720230737536,2031,1907,1906,1,125,0.9994756161510225,0.9384539635647464,0.9680040629761301,0,124,0,124,0,0.0,,,396,395,394,1,2,0.9974683544303797,0.9949494949494949,0.9962073324905183,0,1,0,1,0,0.0,,,0.9821056977333242,,
RAW_1D,FOCAL_A025_G3,selected_on_DS1,7101,222,2483,"[[1825, 95, 225, 129], [46, 98, 61, 4], [0, 0, 0, 0], [0, 0, 0, 0]]",0.7744663713250101,2274,1871,1825,46,449,0.9754142169962586,0.8025505716798593,0.8805790108564535,209,193,98,95,111,0.5077720207253886,0.4688995215311005,0.48756218905472637,0,286,0,286,0,0.0,,,0,133,0,133,0,0.0,,,0.6840705999555899,0.48756218905472637,0.48756218905472637
RAW_1D,FOCAL_A025_G3,selected_on_DS1,7101,228,2053,"[[1687, 1, 0, 0], [1, 2, 0, 0], [5, 2, 355, 0], [0, 0, 0, 0]]",0.9956161714564052,1688,1693,1687,6,1,0.9964559952746603,0.9994075829383886,0.9979296066252588,3,5,2,3,1,0.4,0.6666666666666666,0.5,362,355,355,0,7,1.0,0.9806629834254144,0.9902370990237099,0,0,0,0,0,,,,0.8293889018829895,0.5,0.5
RAW_1D,FOCAL_A025_G3,selected_on_DS1,7101,231,1571,"[[1537, 30, 1, 0], [1, 0, 0, 0], [0, 1, 1, 0], [0, 0, 0, 0]]",0.9789942711648632,1568,1538,1537,1,31,0.9993498049414824,0.9802295918367347,0.9896973599484868,1,31,0,31,1,0.0,0.0,0.0,2,2,1,1,1,0.5,0.5,0.5,0,0,0,0,0,,,,0.49656578664949563,0.0,0.0
RAW_1D,FOCAL_A025_G3,selected_on_DS1,7101,232,1780,"[[397, 0, 1, 0], [327, 22, 1033, 0], [0, 0, 0, 0], [0, 0, 0, 0]]",0.2353932584269663,398,724,397,327,1,0.5483425414364641,0.9974874371859297,0.7076648841354723,1382,22,22,0,1360,1.0,0.015918958031837915,0.03133903133903134,0,1034,0,1034,0,0.0,,,0,0,0,0,0,,,,0.36950195773725186,0.03133903133903134,0.03133903133903134
RAW_1D,FOCAL_A025_G3,selected_on_DS1,7101,233,3077,"[[1849, 0, 302, 78], [5, 0, 2, 0], [242, 240, 335, 13], [5, 0, 3, 3]]",0.7107572310692233,2229,2101,1849,252,380,0.8800571156592099,0.8295199641094662,0.854041570438799,7,240,0,240,7,0.0,0.0,0.0,830,642,335,307,495,0.5218068535825545,0.4036144578313253,0.45516304347826086,11,94,3,91,8,0.031914893617021274,0.2727272727272727,0.05714285714285714,0.34158686776497926,0.02857142857142857,0.0
RAW_1D,FOCAL_A025_G3,selected_on_DS1,7101,234,2753,"[[2694, 1, 0, 5], [45, 3, 0, 2], [0, 0, 3, 0], [0, 0, 0, 0]]",0.9807482746095169,2700,2739,2694,45,6,0.9835706462212487,0.9977777777777778,0.9906232763375621,50,4,3,1,47,0.75,0.06,0.1111111111111111,3,3,3,0,0,1.0,1.0,1.0,0,7,0,7,0,0.0,,,0.7005781291495577,0.1111111111111111,0.1111111111111111
RAW_1D,FOCAL_A025_G3,selected_on_DS1,7102,100,2272,"[[2238, 0, 0, 0], [0, 33, 0, 0], [0, 0, 1, 0], [0, 0, 0, 0]]",1.0,2238,2238,2238,0,0,1.0,1.0,1.0,33,33,33,0,0,1.0,1.0,1.0,1,1,1,0,0,1.0,1.0,1.0,0,0,0,0,0,,,,1.0,1.0,1.0
RAW_1D,FOCAL_A025_G3,selected_on_DS1,7102,103,2084,"[[2082, 0, 0, 0], [1, 1, 0, 0], [0, 0, 0, 0], [0, 0, 0, 0]]",0.9995201535508638,2082,2083,2082,1,0,0.99951992318771,1.0,0.9997599039615847,2,1,1,0,1,1.0,0.5,0.6666666666666666,0,0,0,0,0,,,,0,0,0,0,0,,,,0.8332132853141256,0.6666666666666666,0.6666666666666666
RAW_1D,FOCAL_A025_G3,selected_on_DS1,7102,105,2567,"[[2493, 0, 25, 8], [0, 0, 0, 0], [5, 17, 19, 0], [0, 0, 0, 0]]",0.9785742111414102,2526,2498,2493,5,33,0.9979983987189752,0.9869358669833729,0.9924363057324841,0,17,0,17,0,0.0,,,41,44,19,25,22,0.4318181818181818,0.4634146341463415,0.4470588235294118,0,8,0,8,0,0.0,,,0.7197475646309479,,
RAW_1D,FOCAL_A025_G3,selected_on_DS1,7102,111,2124,"[[2122, 0, 1, 0], [0, 0, 0, 0], [0, 0, 1, 0], [0, 0, 0, 0]]",0.9995291902071564,2123,2122,2122,0,1,1.0,0.9995289684408856,0.9997644287396937,0,0,0,0,0,,,,1,2,1,1,0,0.5,1.0,0.6666666666666666,0,0,0,0,0,,,,0.8332155477031802,,
RAW_1D,FOCAL_A025_G3,selected_on_DS1,7102,113,1794,"[[1787, 0, 1, 0], [0, 0, 6, 0], [0, 0, 0, 0], [0, 0, 0, 0]]",0.9960981047937569,1788,1787,1787,0,1,1.0,0.9994407158836689,0.9997202797202798,6,0,0,0,6,,0.0,0.0,0,7,0,7,0,0.0,,,0,0,0,0,0,,,,0.4998601398601399,0.0,0.0
RAW_1D,FOCAL_A025_G3,selected_on_DS1,7102,117,1534,"[[1533, 0, 0, 0], [0, 1, 0, 0], [0, 0, 0, 0], [0, 0, 0, 0]]",1.0,1533,1533,1533,0,0,1.0,1.0,1.0,1,1,1,0,0,1.0,1.0,1.0,0,0,0,0,0,,,,0,0,0,0,0,,,,1.0,1.0,1.0
RAW_1D,FOCAL_A025_G3,selected_on_DS1,7102,121,1863,"[[1861, 0, 0, 0], [0, 1, 0, 0], [0, 0, 1, 0], [0, 0, 0, 0]]",1.0,1861,1861,1861,0,0,1.0,1.0,1.0,1,1,1,0,0,1.0,1.0,1.0,1,1,1,0,0,1.0,1.0,1.0,0,0,0,0,0,,,,1.0,1.0,1.0
RAW_1D,FOCAL_A025_G3,selected_on_DS1,7102,123,1518,"[[1512, 3, 0, 0], [0, 0, 0, 0], [0, 0, 3, 0], [0, 0, 0, 0]]",0.9980237154150198,1515,1512,1512,0,3,1.0,0.998019801980198,0.9990089197224975,0,3,0,3,0,0.0,,,3,3,3,0,0,1.0,1.0,1.0,0,0,0,0,0,,,,0.9995044598612488,,
RAW_1D,FOCAL_A025_G3,selected_on_DS1,7102,200,2600,"[[1741, 0, 0, 1], [28, 1, 1, 0], [52, 45, 727, 2], [2, 0, 0, 0]]",0.9496153846153846,1742,1823,1741,82,1,0.9550191991223258,0.9994259471871412,0.9767180925666199,30,46,1,45,29,0.021739130434782608,0.03333333333333333,0.02631578947368421,826,728,727,1,99,0.9986263736263736,0.8801452784503632,0.9356499356499357,2,3,0,3,2,0.0,0.0,0.0,0.48467095442256,0.013157894736842105,0.0
RAW_1D,FOCAL_A025_G3,selected_on_DS1,7102,202,2136,"[[1992, 56, 2, 11], [20, 28, 7, 0], [1, 0, 18, 0], [1, 0, 0, 0]]",0.954119850187266,2061,2014,1992,22,69,0.9890764647467726,0.9665211062590975,0.9776687116564418,55,84,28,56,27,0.3333333333333333,0.509090909090909,0.4028776978417266,19,27,18,9,1,0.6666666666666666,0.9473684210526315,0.782608695652174,1,11,0,11,1,0.0,0.0,0.0,0.5407887762875856,0.2014388489208633,0.0
RAW_1D,FOCAL_A025_G3,selected_on_DS1,7102,210,2648,"[[2144, 2, 36, 239], [16, 1, 5, 0], [30, 5, 157, 3], [6, 0, 3, 1]]",0.8697129909365559,2421,2196,2144,52,277,0.97632058287796,0.8855844692275919,0.9287416071041802,22,8,1,7,21,0.125,0.045454545454545456,0.06666666666666667,195,201,157,44,38,0.7810945273631841,0.8051282051282052,0.7929292929292929,10,243,1,242,9,0.00411522633744856,0.1,0.007905138339920948,0.44906067626001517,0.037285902503293805,0.007905138339920948
RAW_1D,FOCAL_A025_G3,selected_on_DS1,7102,212,2747,"[[2746, 0, 1, 0], [0, 0, 0, 0], [0, 0, 0, 0], [0, 0, 0, 0]]",0.9996359665089188,2747,2746,2746,0,1,1.0,0.9996359665089188,0.9998179501183324,0,0,0,0,0,,,,0,1,0,1,0,0.0,,,0,0,0,0,0,,,,0.9998179501183324,,
RAW_1D,FOCAL_A025_G3,selected_on_DS1,7102,213,3250,"[[2637, 0, 3, 0], [23, 0, 5, 0], [117, 0, 97, 6], [357, 0, 5, 0]]",0.8412307692307692,2640,3134,2637,497,3,0.8414167198468411,0.9988636363636364,0.9134049186006234,28,0,0,0,28,,0.0,0.0,220,110,97,13,123,0.8818181818181818,0.4409090909090909,0.5878787878787879,362,6,0,6,362,0.0,0.0,0.0,0.37532092661985283,0.0,0.0
RAW_1D,FOCAL_A025_G3,selected_on_DS1,7102,214,2258,"[[1023, 0, 792, 186], [0, 0, 0, 0], [54, 10, 192, 0], [0, 1, 0, 0]]",0.5380868024800709,2001,1077,1023,54,978,0.9498607242339833,0.5112443778110944,0.6647173489278753,0,11,0,11,0,0.0,,,256,984,192,792,64,0.1951219512195122,0.75,0.3096774193548387,1,186,0,186,1,0.0,0.0,0.0,0.324798256094238,0.0,0.0
RAW_1D,FOCAL_A025_G3,selected_on_DS1,7102,219,2154,"[[1568, 89, 335, 90], [2, 2, 3, 0], [0, 8, 56, 0], [0, 1, 0, 0]]",0.754874651810585,2082,1570,1568,2,514,0.9987261146496815,0.7531219980787704,0.8587075575027382,7,100,2,98,5,0.02,0.2857142857142857,0.037383177570093455,64,394,56,338,8,0.14213197969543148,0.875,0.2445414847161572,1,90,0,90,1,0.0,0.0,0.0,0.2851580549472472,0.018691588785046728,0.0
RAW_1D,FOCAL_A025_G3,selected_on_DS1,7102,221,2427,"[[1839, 191, 0, 1], [0, 0, 0, 0], [0, 1, 395, 0], [0, 0, 0, 0]]",0.9204779563246807,2031,1839,1839,0,192,1.0,0.9054652880354506,0.9503875968992248,0,192,0,192,0,0.0,,,396,395,395,0,1,1.0,0.9974747474747475,0.9987357774968394,0,1,0,1,0,0.0,,,0.974561687198032,,
RAW_1D,FOCAL_A025_G3,selected_on_DS1,7102,222,2483,"[[1858, 178, 170, 68], [15, 118, 75, 1], [0, 0, 0, 0], [0, 0, 0, 0]]",0.7958115183246073,2274,1873,1858,15,416,0.9919914575547251,0.8170624450307827,0.8960694477935858,209,296,118,178,91,0.39864864864864863,0.5645933014354066,0.46732673267326735,0,245,0,245,0,0.0,,,0,69,0,69,0,0.0,,,0.6816980902334265,0.46732673267326735,0.46732673267326735
RAW_1D,FOCAL_A025_G3,selected_on_DS1,7102,228,2053,"[[1688, 0, 0, 0], [1, 1, 1, 0], [1, 2, 359, 0], [0, 0, 0, 0]]",0.997564539698003,1688,1690,1688,2,0,0.9988165680473373,1.0,0.9994079336885732,3,3,1,2,2,0.3333333333333333,0.3333333333333333,0.3333333333333333,362,360,359,1,3,0.9972222222222222,0.9917127071823204,0.9944598337950139,0,0,0,0,0,,,,0.7757337002723069,0.3333333333333333,0.3333333333333333
RAW_1D,FOCAL_A025_G3,selected_on_DS1,7102,231,1571,"[[1552, 16, 0, 0], [1, 0, 0, 0], [0, 1, 1, 0], [0, 0, 0, 0]]",0.988542329726289,1568,1553,1552,1,16,0.9993560849967804,0.9897959183673469,0.9945530278756809,1,17,0,17,1,0.0,0.0,0.0,2,1,1,0,1,1.0,0.5,0.6666666666666666,0,0,0,0,0,,,,0.5537398981807825,0.0,0.0
RAW_1D,FOCAL_A025_G3,selected_on_DS1,7102,232,1780,"[[397, 0, 1, 0], [802, 383, 197, 0], [0, 0, 0, 0], [0, 0, 0, 0]]",0.43820224719101125,398,1199,397,802,1,0.3311092577147623,0.9974874371859297,0.4971822166562304,1382,383,383,0,999,1.0,0.2771345875542692,0.4339943342776204,0,198,0,198,0,0.0,,,0,0,0,0,0,,,,0.4655882754669254,0.4339943342776204,0.4339943342776204
RAW_1D,FOCAL_A025_G3,selected_on_DS1,7102,233,3077,"[[2103, 0, 88, 38], [3, 2, 2, 0], [218, 5, 603, 4], [7, 0, 0, 4]]",0.8813779655508612,2229,2331,2103,228,126,0.9021879021879022,0.9434724091520862,0.9223684210526316,7,7,2,5,5,0.2857142857142857,0.2857142857142857,0.2857142857142857,830,693,603,90,227,0.8701298701298701,0.7265060240963855,0.7918581746552856,11,46,4,42,7,0.08695652173913043,0.36363636363636365,0.14035087719298245,0.5350729396537963,0.21303258145363407,0.14035087719298245
RAW_1D,FOCAL_A025_G3,selected_on_DS1,7102,234,2753,"[[2699, 1, 0, 0], [34, 16, 0, 0], [0, 0, 3, 0], [0, 0, 0, 0]]",0.987286596440247,2700,2733,2699,34,1,0.9875594584705452,0.9996296296296296,0.9935578869869317,50,17,16,1,34,0.9411764705882353,0.32,0.47761194029850745,3,3,3,0,0,1.0,1.0,1.0,0,0,0,0,0,,,,0.823723275761813,0.47761194029850745,0.47761194029850745
RAW_1D,FOCAL_A025_G3,selected_on_DS1,7103,100,2272,"[[2238, 0, 0, 0], [4, 29, 0, 0], [0, 0, 1, 0], [0, 0, 0, 0]]",0.9982394366197183,2238,2242,2238,4,0,0.9982158786797503,1.0,0.9991071428571429,33,29,29,0,4,1.0,0.8787878787878788,0.9354838709677419,1,1,1,0,0,1.0,1.0,1.0,0,0,0,0,0,,,,0.9781970046082948,0.9354838709677419,0.9354838709677419
RAW_1D,FOCAL_A025_G3,selected_on_DS1,7103,103,2084,"[[2082, 0, 0, 0], [1, 1, 0, 0], [0, 0, 0, 0], [0, 0, 0, 0]]",0.9995201535508638,2082,2083,2082,1,0,0.99951992318771,1.0,0.9997599039615847,2,1,1,0,1,1.0,0.5,0.6666666666666666,0,0,0,0,0,,,,0,0,0,0,0,,,,0.8332132853141256,0.6666666666666666,0.6666666666666666
RAW_1D,FOCAL_A025_G3,selected_on_DS1,7103,105,2567,"[[2498, 0, 25, 3], [0, 0, 0, 0], [5, 6, 30, 0], [0, 0, 0, 0]]",0.9848071679002727,2526,2503,2498,5,28,0.9980023971234518,0.9889152810768013,0.9934380592563133,0,6,0,6,0,0.0,,,41,55,30,25,11,0.5454545454545454,0.7317073170731707,0.625,0,3,0,3,0,0.0,,,0.8092190296281567,,
RAW_1D,FOCAL_A025_G3,selected_on_DS1,7103,111,2124,"[[2107, 0, 16, 0], [0, 0, 0, 0], [0, 0, 1, 0], [0, 0, 0, 0]]",0.992467043314501,2123,2107,2107,0,16,1.0,0.9924634950541686,0.9962174940898345,0,0,0,0,0,,,,1,17,1,16,0,0.058823529411764705,1.0,0.1111111111111111,0,0,0,0,0,,,,0.5536643026004728,,
RAW_1D,FOCAL_A025_G3,selected_on_DS1,7103,113,1794,"[[1753, 0, 35, 0], [0, 0, 6, 0], [0, 0, 0, 0], [0, 0, 0, 0]]",0.9771460423634337,1788,1753,1753,0,35,1.0,0.9804250559284117,0.9901157865009884,6,0,0,0,6,,0.0,0.0,0,41,0,41,0,0.0,,,0,0,0,0,0,,,,0.4950578932504942,0.0,0.0
RAW_1D,FOCAL_A025_G3,selected_on_DS1,7103,117,1534,"[[1533, 0, 0, 0], [0, 0, 1, 0], [0, 0, 0, 0], [0, 0, 0, 0]]",0.999348109517601,1533,1533,1533,0,0,1.0,1.0,1.0,1,0,0,0,1,,0.0,0.0,0,1,0,1,0,0.0,,,0,0,0,0,0,,,,0.5,0.0,0.0
RAW_1D,FOCAL_A025_G3,selected_on_DS1,7103,121,1863,"[[1859, 0, 1, 1], [0, 1, 0, 0], [0, 0, 1, 0], [0, 0, 0, 0]]",0.9989264626945786,1861,1859,1859,0,2,1.0,0.99892530897367,0.9994623655913979,1,1,1,0,0,1.0,1.0,1.0,1,2,1,1,0,0.5,1.0,0.6666666666666666,0,1,0,1,0,0.0,,,0.8887096774193548,1.0,1.0
RAW_1D,FOCAL_A025_G3,selected_on_DS1,7103,123,1518,"[[1511, 4, 0, 0], [0, 0, 0, 0], [0, 0, 3, 0], [0, 0, 0, 0]]",0.997364953886693,1515,1511,1511,0,4,1.0,0.9973597359735974,0.998678122934567,0,4,0,4,0,0.0,,,3,3,3,0,0,1.0,1.0,1.0,0,0,0,0,0,,,,0.9993390614672835,,
RAW_1D,FOCAL_A025_G3,selected_on_DS1,7103,200,2600,"[[1722, 17, 1, 2], [6, 20, 4, 0], [49, 277, 499, 1], [1, 1, 0, 0]]",0.8619230769230769,1742,1778,1722,56,20,0.968503937007874,0.9885189437428243,0.9784090909090909,30,315,20,295,10,0.06349206349206349,0.6666666666666666,0.11594202898550725,826,504,499,5,327,0.9900793650793651,0.6041162227602905,0.750375939849624,2,3,0,3,2,0.0,0.0,0.0,0.46118176493605556,0.057971014492753624,0.0
RAW_1D,FOCAL_A025_G3,selected_on_DS1,7103,202,2136,"[[1996, 41, 20, 4], [13, 23, 19, 0], [1, 0, 18, 0], [1, 0, 0, 0]]",0.9536516853932584,2061,2011,1996,15,65,0.9925410243659871,0.9684619116933527,0.9803536345776032,55,64,23,41,32,0.359375,0.41818181818181815,0.3865546218487395,19,57,18,39,1,0.3157894736842105,0.9473684210526315,0.47368421052631576,1,4,0,4,1,0.0,0.0,0.0,0.4601481167381646,0.19327731092436976,0.0
RAW_1D,FOCAL_A025_G3,selected_on_DS1,7103,210,2648,"[[2228, 110, 40, 43], [10, 4, 8, 0], [22, 9, 163, 1], [8, 0, 2, 0]]",0.9044561933534743,2421,2268,2228,40,193,0.982363315696649,0.9202808756712102,0.9503092343783323,22,123,4,119,18,0.032520325203252036,0.18181818181818182,0.05517241379310345,195,213,163,50,32,0.7652582159624414,0.8358974358974359,0.7990196078431373,10,44,0,44,10,0.0,0.0,0.0,0.45112531400364325,0.027586206896551724,0.0
RAW_1D,FOCAL_A025_G3,selected_on_DS1,7103,212,2747,"[[2744, 3, 0, 0], [0, 0, 0, 0], [0, 0, 0, 0], [0, 0, 0, 0]]",0.9989078995267565,2747,2744,2744,0,3,1.0,0.9989078995267565,0.9994536514296121,0,3,0,3,0,0.0,,,0,0,0,0,0,,,,0,0,0,0,0,,,,0.9994536514296121,,
RAW_1D,FOCAL_A025_G3,selected_on_DS1,7103,213,3250,"[[2629, 7, 4, 0], [5, 2, 21, 0], [91, 0, 128, 1], [318, 0, 44, 0]]",0.8489230769230769,2640,3043,2629,414,11,0.8639500492934604,0.9958333333333333,0.9252155551645258,28,9,2,7,26,0.2222222222222222,0.07142857142857142,0.10810810810810811,220,197,128,69,92,0.649746192893401,0.5818181818181818,0.6139088729016786,362,1,0,1,362,0.0,0.0,0.0,0.41180813404357813,0.05405405405405406,0.0
RAW_1D,FOCAL_A025_G3,selected_on_DS1,7103,214,2258,"[[832, 0, 1169, 0], [0, 0, 0, 0], [1, 43, 212, 0], [0, 1, 0, 0]]",0.46235606731620904,2001,833,832,1,1169,0.9987995198079231,0.41579210394802596,0.5871559633027523,0,44,0,44,0,0.0,,,256,1381,212,1169,44,0.15351194786386677,0.828125,0.259010384850336,1,0,0,0,1,,0.0,0.0,0.2820554493843628,0.0,0.0
RAW_1D,FOCAL_A025_G3,selected_on_DS1,7103,219,2154,"[[1356, 28, 642, 56], [4, 0, 3, 0], [1, 6, 57, 0], [0, 1, 0, 0]]",0.6559888579387186,2082,1361,1356,5,726,0.9963262307127112,0.6512968299711815,0.787685158292187,7,35,0,35,7,0.0,0.0,0.0,64,702,57,645,7,0.0811965811965812,0.890625,0.14882506527415143,1,56,0,56,1,0.0,0.0,0.0,0.2341275558915846,0.0,0.0
RAW_1D,FOCAL_A025_G3,selected_on_DS1,7103,221,2427,"[[1758, 273, 0, 0], [0, 0, 0, 0], [0, 0, 396, 0], [0, 0, 0, 0]]",0.8875154511742892,2031,1758,1758,0,273,1.0,0.8655834564254062,0.9279493269992082,0,273,0,273,0,0.0,,,396,396,396,0,0,1.0,1.0,1.0,0,0,0,0,0,,,,0.963974663499604,,
RAW_1D,FOCAL_A025_G3,selected_on_DS1,7103,222,2483,"[[1966, 67, 194, 47], [71, 79, 59, 0], [0, 0, 0, 0], [0, 0, 0, 0]]",0.8236004832863472,2274,2037,1966,71,308,0.9651448208149239,0.8645558487247141,0.9120853630248202,209,146,79,67,130,0.541095890410959,0.37799043062200954,0.4450704225352113,0,253,0,253,0,0.0,,,0,47,0,47,0,0.0,,,0.6785778927800158,0.4450704225352113,0.4450704225352113
RAW_1D,FOCAL_A025_G3,selected_on_DS1,7103,228,2053,"[[1687, 0, 1, 0], [3, 0, 0, 0], [28, 29, 305, 0], [0, 0, 0, 0]]",0.9702873843156357,1688,1718,1687,31,1,0.9819557625145519,0.9994075829383886,0.9906048150322959,3,29,0,29,3,0.0,0.0,0.0,362,306,305,1,57,0.9967320261437909,0.8425414364640884,0.9131736526946108,0,0,0,0,0,,,,0.6345928225756355,0.0,0.0
RAW_1D,FOCAL_A025_G3,selected_on_DS1,7103,231,1571,"[[1564, 4, 0, 0], [1, 0, 0, 0], [0, 1, 1, 0], [0, 0, 0, 0]]",0.9961807765754297,1568,1565,1564,1,4,0.9993610223642172,0.9974489795918368,0.998404085541015,1,5,0,5,1,0.0,0.0,0.0,2,1,1,0,1,1.0,0.5,0.6666666666666666,0,0,0,0,0,,,,0.5550235840692271,0.0,0.0
RAW_1D,FOCAL_A025_G3,selected_on_DS1,7103,232,1780,"[[397, 0, 1, 0], [102, 3, 1277, 0], [0, 0, 0, 0], [0, 0, 0, 0]]",0.2247191011235955,398,499,397,102,1,0.7955911823647295,0.9974874371859297,0.8851727982162765,1382,3,3,0,1379,1.0,0.002170767004341534,0.004332129963898917,0,1278,0,1278,0,0.0,,,0,0,0,0,0,,,,0.4447524640900877,0.004332129963898917,0.004332129963898917
RAW_1D,FOCAL_A025_G3,selected_on_DS1,7103,233,3077,"[[1020, 0, 1145, 64], [1, 1, 5, 0], [171, 65, 592, 2], [6, 0, 3, 2]]",0.5248618784530387,2229,1198,1020,178,1209,0.8514190317195326,0.4576043068640646,0.5952728333819667,7,66,1,65,6,0.015151515151515152,0.14285714285714285,0.0273972602739726,830,1745,592,1153,238,0.33925501432664756,0.7132530120481928,0.45980582524271846,11,68,2,66,9,0.029411764705882353,0.18181818181818182,0.05063291139240506,0.2832772075727657,0.03901508583318883,0.0273972602739726
RAW_1D,FOCAL_A025_G3,selected_on_DS1,7103,234,2753,"[[2697, 1, 0, 2], [35, 15, 0, 0], [0, 0, 3, 0], [0, 0, 0, 0]]",0.9861968761351253,2700,2732,2697,35,3,0.9871888726207906,0.9988888888888889,0.9930044182621502,50,16,15,1,35,0.9375,0.3,0.45454545454545453,3,3,3,0,0,1.0,1.0,1.0,0,2,0,2,0,0.0,,,0.815849957602535,0.45454545454545453,0.45454545454545453
RAW_1D,FOCAL_A025_G3,selected_on_DS1,7104,100,2272,"[[2238, 0, 0, 0], [3, 30, 0, 0], [0, 0, 1, 0], [0, 0, 0, 0]]",0.9986795774647887,2238,2241,2238,3,0,0.998661311914324,1.0,0.999330207635633,33,30,30,0,3,1.0,0.9090909090909091,0.9523809523809523,1,1,1,0,0,1.0,1.0,1.0,0,0,0,0,0,,,,0.9839037200055284,0.9523809523809523,0.9523809523809523
RAW_1D,FOCAL_A025_G3,selected_on_DS1,7104,103,2084,"[[2082, 0, 0, 0], [1, 1, 0, 0], [0, 0, 0, 0], [0, 0, 0, 0]]",0.9995201535508638,2082,2083,2082,1,0,0.99951992318771,1.0,0.9997599039615847,2,1,1,0,1,1.0,0.5,0.6666666666666666,0,0,0,0,0,,,,0,0,0,0,0,,,,0.8332132853141256,0.6666666666666666,0.6666666666666666
RAW_1D,FOCAL_A025_G3,selected_on_DS1,7104,105,2567,"[[2497, 0, 11, 18], [0, 0, 0, 0], [10, 12, 19, 0], [0, 0, 0, 0]]",0.9801324503311258,2526,2507,2497,10,29,0.9960111687275628,0.9885193982581156,0.9922511424597655,0,12,0,12,0,0.0,,,41,30,19,11,22,0.6333333333333333,0.4634146341463415,0.5352112676056338,0,18,0,18,0,0.0,,,0.7637312050326996,,
RAW_1D,FOCAL_A025_G3,selected_on_DS1,7104,111,2124,"[[2110, 0, 13, 0], [0, 0, 0, 0], [0, 0, 1, 0], [0, 0, 0, 0]]",0.993879472693032,2123,2110,2110,0,13,1.0,0.993876589731512,0.9969288920387432,0,0,0,0,0,,,,1,14,1,13,0,0.07142857142857142,1.0,0.13333333333333333,0,0,0,0,0,,,,0.5651311126860383,,
RAW_1D,FOCAL_A025_G3,selected_on_DS1,7104,113,1794,"[[1786, 0, 2, 0], [0, 0, 6, 0], [0, 0, 0, 0], [0, 0, 0, 0]]",0.9955406911928651,1788,1786,1786,0,2,1.0,0.9988814317673378,0.9994404029099049,6,0,0,0,6,,0.0,0.0,0,8,0,8,0,0.0,,,0,0,0,0,0,,,,0.49972020145495244,0.0,0.0
RAW_1D,FOCAL_A025_G3,selected_on_DS1,7104,117,1534,"[[1532, 0, 1, 0], [0, 0, 1, 0], [0, 0, 0, 0], [0, 0, 0, 0]]",0.9986962190352021,1533,1532,1532,0,1,1.0,0.9993476842791911,0.999673735725938,1,0,0,0,1,,0.0,0.0,0,2,0,2,0,0.0,,,0,0,0,0,0,,,,0.499836867862969,0.0,0.0
RAW_1D,FOCAL_A025_G3,selected_on_DS1,7104,121,1863,"[[1861, 0, 0, 0], [1, 0, 0, 0], [0, 0, 1, 0], [0, 0, 0, 0]]",0.9994632313472893,1861,1862,1861,1,0,0.9994629430719656,1.0,0.9997313994090787,1,0,0,0,1,,0.0,0.0,1,1,1,0,0,1.0,1.0,1.0,0,0,0,0,0,,,,0.6665771331363596,0.0,0.0
RAW_1D,FOCAL_A025_G3,selected_on_DS1,7104,123,1518,"[[1512, 3, 0, 0], [0, 0, 0, 0], [0, 0, 3, 0], [0, 0, 0, 0]]",0.9980237154150198,1515,1512,1512,0,3,1.0,0.998019801980198,0.9990089197224975,0,3,0,3,0,0.0,,,3,3,3,0,0,1.0,1.0,1.0,0,0,0,0,0,,,,0.9995044598612488,,
RAW_1D,FOCAL_A025_G3,selected_on_DS1,7104,200,2600,"[[1735, 4, 0, 3], [11, 19, 0, 0], [19, 27, 779, 1], [1, 1, 0, 0]]",0.9742307692307692,1742,1766,1735,31,7,0.9824462061155153,0.9959816303099885,0.9891676168757126,30,51,19,32,11,0.37254901960784315,0.6333333333333333,0.4691358024691358,826,779,779,0,47,1.0,0.9430992736077481,0.9707165109034268,2,4,0,4,2,0.0,0.0,0.0,0.6072549825620688,0.2345679012345679,0.0
RAW_1D,FOCAL_A025_G3,selected_on_DS1,7104,202,2136,"[[2047, 1, 4, 9], [29, 14, 12, 0], [1, 0, 18, 0], [0, 0, 1, 0]]",0.973314606741573,2061,2077,2047,30,14,0.9855560905151661,0.9932071809801067,0.9893668438859352,55,15,14,1,41,0.9333333333333333,0.2545454545454545,0.4,19,35,18,17,1,0.5142857142857142,0.9473684210526315,0.6666666666666666,1,9,0,9,1,0.0,0.0,0.0,0.5140083776381504,0.2,0.0
RAW_1D,FOCAL_A025_G3,selected_on_DS1,7104,210,2648,"[[2353, 0, 14, 54], [12, 6, 4, 0], [34, 25, 136, 0], [9, 0, 1, 0]]",0.9422205438066465,2421,2408,2353,55,68,0.9771594684385382,0.9719124328789757,0.9745288879685235,22,31,6,25,16,0.1935483870967742,0.2727272727272727,0.22641509433962265,195,155,136,19,59,0.8774193548387097,0.6974358974358974,0.7771428571428571,10,54,0,54,10,0.0,0.0,0.0,0.49452170986275085,0.11320754716981132,0.0
RAW_1D,FOCAL_A025_G3,selected_on_DS1,7104,212,2747,"[[2745, 1, 0, 1], [0, 0, 0, 0], [0, 0, 0, 0], [0, 0, 0, 0]]",0.9992719330178377,2747,2745,2745,0,2,1.0,0.9992719330178377,0.9996358339402768,0,1,0,1,0,0.0,,,0,0,0,0,0,,,,0,1,0,1,0,0.0,,,0.9996358339402768,,
RAW_1D,FOCAL_A025_G3,selected_on_DS1,7104,213,3250,"[[2639, 0, 1, 0], [27, 0, 1, 0], [83, 0, 96, 41], [354, 1, 2, 5]]",0.8430769230769231,2640,3103,2639,464,1,0.8504672897196262,0.9996212121212121,0.9190318648789831,28,1,0,1,28,0.0,0.0,0.0,220,100,96,4,124,0.96,0.43636363636363634,0.6,362,46,5,41,357,0.10869565217391304,0.013812154696132596,0.024509803921568627,0.3858854172001379,0.012254901960784314,0.0
RAW_1D,FOCAL_A025_G3,selected_on_DS1,7104,214,2258,"[[1482, 0, 494, 25], [0, 0, 0, 0], [21, 38, 197, 0], [0, 1, 0, 0]]",0.7435783879539415,2001,1503,1482,21,519,0.9860279441117764,0.7406296851574213,0.8458904109589042,0,39,0,39,0,0.0,,,256,691,197,494,59,0.28509406657018815,0.76953125,0.4160506863780359,1,25,0,25,1,0.0,0.0,0.0,0.42064703244564666,0.0,0.0
RAW_1D,FOCAL_A025_G3,selected_on_DS1,7104,219,2154,"[[1991, 62, 21, 8], [7, 0, 0, 0], [0, 7, 57, 0], [0, 1, 0, 0]]",0.9507892293407614,2082,1998,1991,7,91,0.9964964964964965,0.9562920268972143,0.9759803921568627,7,70,0,70,7,0.0,0.0,0.0,64,78,57,21,7,0.7307692307692307,0.890625,0.8028169014084507,1,8,0,8,1,0.0,0.0,0.0,0.44469932339132834,0.0,0.0
RAW_1D,FOCAL_A025_G3,selected_on_DS1,7104,221,2427,"[[1961, 66, 0, 4], [0, 0, 0, 0], [0, 0, 396, 0], [0, 0, 0, 0]]",0.9711578079934075,2031,1961,1961,0,70,1.0,0.965534219596258,0.9824649298597194,0,66,0,66,0,0.0,,,396,396,396,0,0,1.0,1.0,1.0,0,4,0,4,0,0.0,,,0.9912324649298597,,
RAW_1D,FOCAL_A025_G3,selected_on_DS1,7104,222,2483,"[[2136, 39, 72, 27], [83, 93, 32, 1], [0, 0, 0, 0], [0, 0, 0, 0]]",0.8977043898509867,2274,2219,2136,83,138,0.9625957638575935,0.9393139841688655,0.9508123748052526,209,132,93,39,116,0.7045454545454546,0.4449760765550239,0.5454545454545454,0,104,0,104,0,0.0,,,0,28,0,28,0,0.0,,,0.748133460129899,0.5454545454545454,0.5454545454545454
RAW_1D,FOCAL_A025_G3,selected_on_DS1,7104,228,2053,"[[1688, 0, 0, 0], [3, 0, 0, 0], [48, 6, 308, 0], [0, 0, 0, 0]]",0.9722357525572333,1688,1739,1688,51,0,0.9706728004600345,1.0,0.9851181791654509,3,6,0,6,3,0.0,0.0,0.0,362,308,308,0,54,1.0,0.850828729281768,0.9194029850746268,0,0,0,0,0,,,,0.6348403880800259,0.0,0.0
RAW_1D,FOCAL_A025_G3,selected_on_DS1,7104,231,1571,"[[1552, 15, 1, 0], [1, 0, 0, 0], [0, 1, 1, 0], [0, 0, 0, 0]]",0.988542329726289,1568,1553,1552,1,16,0.9993560849967804,0.9897959183673469,0.9945530278756809,1,16,0,16,1,0.0,0.0,0.0,2,2,1,1,1,0.5,0.5,0.5,0,0,0,0,0,,,,0.498184342625227,0.0,0.0
RAW_1D,FOCAL_A025_G3,selected_on_DS1,7104,232,1780,"[[397, 0, 1, 0], [87, 0, 1295, 0], [0, 0, 0, 0], [0, 0, 0, 0]]",0.22303370786516855,398,484,397,87,1,0.8202479338842975,0.9974874371859297,0.9002267573696145,1382,0,0,0,1382,,0.0,0.0,0,1296,0,1296,0,0.0,,,0,0,0,0,0,,,,0.4501133786848073,0.0,0.0
RAW_1D,FOCAL_A025_G3,selected_on_DS1,7104,233,3077,"[[1735, 0, 12, 482], [4, 0, 3, 0], [83, 22, 721, 4], [6, 0, 0, 5]]",0.7998050048748782,2229,1828,1735,93,494,0.9491247264770241,0.7783759533423059,0.855311806753759,7,22,0,22,7,0.0,0.0,0.0,830,736,721,15,109,0.9796195652173914,0.8686746987951808,0.9208173690932312,11,491,5,486,6,0.010183299389002037,0.45454545454545453,0.0199203187250996,0.44901237364302243,0.0099601593625498,0.0
RAW_1D,FOCAL_A025_G3,selected_on_DS1,7104,234,2753,"[[2635, 0, 0, 65], [34, 0, 0, 16], [0, 0, 3, 0], [0, 0, 0, 0]]",0.9582273883036687,2700,2669,2635,34,65,0.9872611464968153,0.975925925925926,0.9815608120692867,50,0,0,0,50,,0.0,0.0,3,3,3,0,0,1.0,1.0,1.0,0,81,0,81,0,0.0,,,0.6605202706897623,0.0,0.0
RAW_1D,FOCAL_A025_G3,selected_on_DS1,7105,100,2272,"[[2238, 0, 0, 0], [6, 20, 7, 0], [0, 0, 1, 0], [0, 0, 0, 0]]",0.9942781690140845,2238,2244,2238,6,0,0.9973262032085561,1.0,0.998661311914324,33,20,20,0,13,1.0,0.6060606060606061,0.7547169811320755,1,8,1,7,0,0.125,1.0,0.2222222222222222,0,0,0,0,0,,,,0.6585335050895406,0.7547169811320755,0.7547169811320755
RAW_1D,FOCAL_A025_G3,selected_on_DS1,7105,103,2084,"[[2082, 0, 0, 0], [1, 1, 0, 0], [0, 0, 0, 0], [0, 0, 0, 0]]",0.9995201535508638,2082,2083,2082,1,0,0.99951992318771,1.0,0.9997599039615847,2,1,1,0,1,1.0,0.5,0.6666666666666666,0,0,0,0,0,,,,0,0,0,0,0,,,,0.8332132853141256,0.6666666666666666,0.6666666666666666
RAW_1D,FOCAL_A025_G3,selected_on_DS1,7105,105,2567,"[[2507, 3, 11, 5], [0, 0, 0, 0], [10, 16, 15, 0], [0, 0, 0, 0]]",0.9824698091156993,2526,2517,2507,10,19,0.9960270162892332,0.9924782264449723,0.9942494546896689,0,19,0,19,0,0.0,,,41,26,15,11,26,0.5769230769230769,0.36585365853658536,0.44776119402985076,0,5,0,5,0,0.0,,,0.7210053243597598,,
RAW_1D,FOCAL_A025_G3,selected_on_DS1,7105,111,2124,"[[2117, 0, 6, 0], [0, 0, 0, 0], [0, 0, 1, 0], [0, 0, 0, 0]]",0.9971751412429378,2123,2117,2117,0,6,1.0,0.9971738106453132,0.9985849056603774,0,0,0,0,0,,,,1,7,1,6,0,0.14285714285714285,1.0,0.25,0,0,0,0,0,,,,0.6242924528301887,,
RAW_1D,FOCAL_A025_G3,selected_on_DS1,7105,113,1794,"[[1775, 1, 12, 0], [0, 1, 5, 0], [0, 0, 0, 0], [0, 0, 0, 0]]",0.9899665551839465,1788,1775,1775,0,13,1.0,0.9927293064876958,0.9963513892786977,6,2,1,1,5,0.5,0.16666666666666666,0.25,0,17,0,17,0,0.0,,,0,0,0,0,0,,,,0.6231756946393489,0.25,0.25
RAW_1D,FOCAL_A025_G3,selected_on_DS1,7105,117,1534,"[[1532, 0, 1, 0], [0, 0, 1, 0], [0, 0, 0, 0], [0, 0, 0, 0]]",0.9986962190352021,1533,1532,1532,0,1,1.0,0.9993476842791911,0.999673735725938,1,0,0,0,1,,0.0,0.0,0,2,0,2,0,0.0,,,0,0,0,0,0,,,,0.499836867862969,0.0,0.0
RAW_1D,FOCAL_A025_G3,selected_on_DS1,7105,121,1863,"[[1859, 2, 0, 0], [1, 0, 0, 0], [0, 0, 1, 0], [0, 0, 0, 0]]",0.998389694041868,1861,1860,1859,1,2,0.9994623655913979,0.99892530897367,0.999193765116904,1,2,0,2,1,0.0,0.0,0.0,1,1,1,0,0,1.0,1.0,1.0,0,0,0,0,0,,,,0.6663979217056347,0.0,0.0
RAW_1D,FOCAL_A025_G3,selected_on_DS1,7105,123,1518,"[[1510, 5, 0, 0], [0, 0, 0, 0], [0, 0, 3, 0], [0, 0, 0, 0]]",0.9967061923583662,1515,1510,1510,0,5,1.0,0.9966996699669967,0.9983471074380166,0,5,0,5,0,0.0,,,3,3,3,0,0,1.0,1.0,1.0,0,0,0,0,0,,,,0.9991735537190083,,
RAW_1D,FOCAL_A025_G3,selected_on_DS1,7105,200,2600,"[[1706, 27, 0, 9], [10, 20, 0, 0], [54, 20, 751, 1], [1, 1, 0, 0]]",0.9526923076923077,1742,1771,1706,65,36,0.9632975719932242,0.9793340987370838,0.9712496441787646,30,68,20,48,10,0.29411764705882354,0.6666666666666666,0.40816326530612246,826,751,751,0,75,1.0,0.9092009685230025,0.9524413443246671,2,10,0,10,2,0.0,0.0,0.0,0.5829635634523885,0.20408163265306123,0.0
RAW_1D,FOCAL_A025_G3,selected_on_DS1,7105,202,2136,"[[1746, 177, 34, 104], [17, 20, 18, 0], [1, 0, 18, 0], [1, 0, 0, 0]]",0.8352059925093633,2061,1765,1746,19,315,0.9892351274787535,0.8471615720524017,0.9127025614218505,55,197,20,177,35,0.10152284263959391,0.36363636363636365,0.15873015873015872,19,70,18,52,1,0.2571428571428571,0.9473684210526315,0.4044943820224719,1,104,0,104,1,0.0,0.0,0.0,0.3689817755436203,0.07936507936507936,0.0
RAW_1D,FOCAL_A025_G3,selected_on_DS1,7105,210,2648,"[[2119, 80, 37, 185], [13, 2, 7, 0], [29, 7, 158, 1], [8, 0, 2, 0]]",0.8606495468277946,2421,2169,2119,50,302,0.9769479022591055,0.8752581577860389,0.9233115468409586,22,89,2,87,20,0.02247191011235955,0.09090909090909091,0.036036036036036036,195,204,158,46,37,0.7745098039215687,0.8102564102564103,0.7919799498746867,10,186,0,186,10,0.0,0.0,0.0,0.4378318831879203,0.018018018018018018,0.0
RAW_1D,FOCAL_A025_G3,selected_on_DS1,7105,212,2747,"[[2747, 0, 0, 0], [0, 0, 0, 0], [0, 0, 0, 0], [0, 0, 0, 0]]",1.0,2747,2747,2747,0,0,1.0,1.0,1.0,0,0,0,0,0,,,,0,0,0,0,0,,,,0,0,0,0,0,,,,1.0,,
RAW_1D,FOCAL_A025_G3,selected_on_DS1,7105,213,3250,"[[2428, 205, 6, 1], [14, 2, 12, 0], [117, 1, 82, 20], [356, 1, 3, 2]]",0.7735384615384615,2640,2915,2428,487,212,0.8329331046312178,0.9196969696969697,0.8741674167416742,28,209,2,207,26,0.009569377990430622,0.07142857142857142,0.016877637130801686,220,103,82,21,138,0.7961165048543689,0.37272727272727274,0.5077399380804953,362,23,2,21,360,0.08695652173913043,0.0055248618784530384,0.01038961038961039,0.35229365058564543,0.013633623760206038,0.01038961038961039
RAW_1D,FOCAL_A025_G3,selected_on_DS1,7105,214,2258,"[[1825, 6, 137, 33], [0, 0, 0, 0], [5, 50, 201, 0], [0, 1, 0, 0]]",0.8972542072630647,2001,1830,1825,5,176,0.9972677595628415,0.9120439780109945,0.9527538501696685,0,57,0,57,0,0.0,,,256,338,201,137,55,0.5946745562130178,0.78515625,0.6767676767676768,1,33,0,33,1,0.0,0.0,0.0,0.5431738423124485,0.0,0.0
RAW_1D,FOCAL_A025_G3,selected_on_DS1,7105,219,2154,"[[1402, 24, 547, 109], [3, 0, 4, 0], [2, 5, 57, 0], [0, 1, 0, 0]]",0.6773444753946146,2082,1407,1402,5,680,0.9964463397299218,0.6733909702209414,0.8036686729721984,7,30,0,30,7,0.0,0.0,0.0,64,608,57,551,7,0.09375,0.890625,0.16964285714285715,1,109,0,109,1,0.0,0.0,0.0,0.24332788252876386,0.0,0.0
RAW_1D,FOCAL_A025_G3,selected_on_DS1,7105,221,2427,"[[1879, 150, 1, 1], [0, 0, 0, 0], [1, 0, 395, 0], [0, 0, 0, 0]]",0.9369592088998764,2031,1880,1879,1,152,0.999468085106383,0.9251600196947316,0.9608795704423421,0,150,0,150,0,0.0,,,396,396,395,1,1,0.9974747474747475,0.9974747474747475,0.9974747474747475,0,1,0,1,0,0.0,,,0.9791771589585447,,
RAW_1D,FOCAL_A025_G3,selected_on_DS1,7105,222,2483,"[[1927, 91, 197, 59], [54, 91, 61, 3], [0, 0, 0, 0], [0, 0, 0, 0]]",0.8127265404752316,2274,1981,1927,54,347,0.9727410398788491,0.8474054529463501,0.9057579318448884,209,182,91,91,118,0.5,0.4354066985645933,0.46547314578005117,0,258,0,258,0,0.0,,,0,62,0,62,0,0.0,,,0.6856155388124698,0.46547314578005117,0.46547314578005117
RAW_1D,FOCAL_A025_G3,selected_on_DS1,7105,228,2053,"[[1687, 0, 1, 0], [3, 0, 0, 0], [40, 180, 141, 1], [0, 0, 0, 0]]",0.8904042864101315,1688,1730,1687,43,1,0.9751445086705203,0.9994075829383886,0.9871269748390872,3,180,0,180,3,0.0,0.0,0.0,362,142,141,1,221,0.9929577464788732,0.38950276243093923,0.5595238095238095,0,1,0,1,0,0.0,,,0.5155502614542989,0.0,0.0
RAW_1D,FOCAL_A025_G3,selected_on_DS1,7105,231,1571,"[[1555, 13, 0, 0], [1, 0, 0, 0], [0, 0, 2, 0], [0, 0, 0, 0]]",0.9910884786760026,1568,1556,1555,1,13,0.9993573264781491,0.9917091836734694,0.9955185659411011,1,13,0,13,1,0.0,0.0,0.0,2,2,2,0,0,1.0,1.0,1.0,0,0,0,0,0,,,,0.6651728553137004,0.0,0.0
RAW_1D,FOCAL_A025_G3,selected_on_DS1,7105,232,1780,"[[395, 0, 3, 0], [303, 12, 1067, 0], [0, 0, 0, 0], [0, 0, 0, 0]]",0.22865168539325842,398,698,395,303,3,0.5659025787965616,0.992462311557789,0.7208029197080292,1382,12,12,0,1370,1.0,0.008683068017366137,0.01721664275466284,0,1070,0,1070,0,0.0,,,0,0,0,0,0,,,,0.36900978123134603,0.01721664275466284,0.01721664275466284
RAW_1D,FOCAL_A025_G3,selected_on_DS1,7105,233,3077,"[[1915, 2, 108, 204], [3, 0, 4, 0], [255, 2, 571, 2], [8, 0, 0, 3]]",0.8089047773805654,2229,2181,1915,266,314,0.8780375974323704,0.8591296545536115,0.8684807256235828,7,4,0,4,7,0.0,0.0,0.0,830,683,571,112,259,0.83601756954612,0.6879518072289157,0.7547918043621943,11,209,3,206,8,0.014354066985645933,0.2727272727272727,0.02727272727272727,0.4126363143146261,0.013636363636363636,0.0
RAW_1D,FOCAL_A025_G3,selected_on_DS1,7105,234,2753,"[[2698, 0, 0, 2], [28, 13, 0, 9], [0, 0, 3, 0], [0, 0, 0, 0]]",0.9858336360334181,2700,2726,2698,28,2,0.9897285399853265,0.9992592592592593,0.9944710652414301,50,13,13,0,37,1.0,0.26,0.4126984126984127,3,3,3,0,0,1.0,1.0,1.0,0,11,0,11,0,0.0,,,0.8023898259799477,0.4126984126984127,0.4126984126984127
RAW_1D,FOCAL_A025_G3,selected_on_DS1,7106,100,2272,"[[2238, 0, 0, 0], [4, 27, 2, 0], [0, 0, 1, 0], [0, 0, 0, 0]]",0.9973591549295775,2238,2242,2238,4,0,0.9982158786797503,1.0,0.9991071428571429,33,27,27,0,6,1.0,0.8181818181818182,0.9,1,3,1,2,0,0.3333333333333333,1.0,0.5,0,0,0,0,0,,,,0.799702380952381,0.9,0.9
RAW_1D,FOCAL_A025_G3,selected_on_DS1,7106,103,2084,"[[2082, 0, 0, 0], [1, 1, 0, 0], [0, 0, 0, 0], [0, 0, 0, 0]]",0.9995201535508638,2082,2083,2082,1,0,0.99951992318771,1.0,0.9997599039615847,2,1,1,0,1,1.0,0.5,0.6666666666666666,0,0,0,0,0,,,,0,0,0,0,0,,,,0.8332132853141256,0.6666666666666666,0.6666666666666666
RAW_1D,FOCAL_A025_G3,selected_on_DS1,7106,105,2567,"[[2490, 0, 28, 8], [0, 0, 0, 0], [0, 24, 17, 0], [0, 0, 0, 0]]",0.9766264121542657,2526,2490,2490,0,36,1.0,0.9857482185273159,0.992822966507177,0,24,0,24,0,0.0,,,41,45,17,28,24,0.37777777777777777,0.4146341463414634,0.3953488372093023,0,8,0,8,0,0.0,,,0.6940859018582397,,
RAW_1D,FOCAL_A025_G3,selected_on_DS1,7106,111,2124,"[[2118, 0, 5, 0], [0, 0, 0, 0], [0, 0, 1, 0], [0, 0, 0, 0]]",0.9976459510357816,2123,2118,2118,0,5,1.0,0.9976448422044277,0.9988210327752889,0,0,0,0,0,,,,1,6,1,5,0,0.16666666666666666,1.0,0.2857142857142857,0,0,0,0,0,,,,0.6422676592447873,,
RAW_1D,FOCAL_A025_G3,selected_on_DS1,7106,113,1794,"[[1785, 2, 1, 0], [0, 2, 4, 0], [0, 0, 0, 0], [0, 0, 0, 0]]",0.9960981047937569,1788,1785,1785,0,3,1.0,0.9983221476510067,0.9991603694374476,6,4,2,2,4,0.5,0.3333333333333333,0.4,0,5,0,5,0,0.0,,,0,0,0,0,0,,,,0.6995801847187237,0.4,0.4
RAW_1D,FOCAL_A025_G3,selected_on_DS1,7106,117,1534,"[[1533, 0, 0, 0], [0, 0, 1, 0], [0, 0, 0, 0], [0, 0, 0, 0]]",0.999348109517601,1533,1533,1533,0,0,1.0,1.0,1.0,1,0,0,0,1,,0.0,0.0,0,1,0,1,0,0.0,,,0,0,0,0,0,,,,0.5,0.0,0.0
RAW_1D,FOCAL_A025_G3,selected_on_DS1,7106,121,1863,"[[1859, 0, 2, 0], [0, 1, 0, 0], [0, 0, 1, 0], [0, 0, 0, 0]]",0.9989264626945786,1861,1859,1859,0,2,1.0,0.99892530897367,0.9994623655913979,1,1,1,0,0,1.0,1.0,1.0,1,3,1,2,0,0.3333333333333333,1.0,0.5,0,0,0,0,0,,,,0.8331541218637993,1.0,1.0
RAW_1D,FOCAL_A025_G3,selected_on_DS1,7106,123,1518,"[[1511, 4, 0, 0], [0, 0, 0, 0], [0, 0, 3, 0], [0, 0, 0, 0]]",0.997364953886693,1515,1511,1511,0,4,1.0,0.9973597359735974,0.998678122934567,0,4,0,4,0,0.0,,,3,3,3,0,0,1.0,1.0,1.0,0,0,0,0,0,,,,0.9993390614672835,,
RAW_1D,FOCAL_A025_G3,selected_on_DS1,7106,200,2600,"[[1705, 35, 1, 1], [4, 26, 0, 0], [37, 30, 755, 4], [2, 0, 0, 0]]",0.9561538461538461,1742,1748,1705,43,37,0.9754004576659039,0.978760045924225,0.9770773638968482,30,91,26,65,4,0.2857142857142857,0.8666666666666667,0.4297520661157025,826,756,755,1,71,0.9986772486772487,0.914043583535109,0.95448798988622,2,5,0,5,2,0.0,0.0,0.0,0.5903293549746926,0.21487603305785125,0.0
RAW_1D,FOCAL_A025_G3,selected_on_DS1,7106,202,2136,"[[1786, 190, 59, 26], [15, 32, 8, 0], [1, 1, 17, 0], [0, 0, 1, 0]]",0.8590823970037453,2061,1802,1786,16,275,0.9911209766925638,0.8665696263949539,0.9246699456381051,55,223,32,191,23,0.14349775784753363,0.5818181818181818,0.2302158273381295,19,85,17,68,2,0.2,0.8947368421052632,0.3269230769230769,1,26,0,26,1,0.0,0.0,0.0,0.3704522124748279,0.11510791366906475,0.0
RAW_1D,FOCAL_A025_G3,selected_on_DS1,7106,210,2648,"[[1695, 130, 385, 211], [5, 13, 4, 0], [21, 48, 125, 1], [7, 0, 3, 0]]",0.6922205438066465,2421,1728,1695,33,726,0.9809027777777778,0.7001239157372986,0.8170643528561099,22,191,13,178,9,0.06806282722513089,0.5909090909090909,0.12206572769953052,195,517,125,392,70,0.24177949709864605,0.6410256410256411,0.351123595505618,10,212,0,212,10,0.0,0.0,0.0,0.3225634190153146,0.06103286384976526,0.0
RAW_1D,FOCAL_A025_G3,selected_on_DS1,7106,212,2747,"[[2737, 1, 9, 0], [0, 0, 0, 0], [0, 0, 0, 0], [0, 0, 0, 0]]",0.9963596650891882,2747,2737,2737,0,10,1.0,0.9963596650891882,0.9981765134938001,0,1,0,1,0,0.0,,,0,9,0,9,0,0.0,,,0,0,0,0,0,,,,0.9981765134938001,,
RAW_1D,FOCAL_A025_G3,selected_on_DS1,7106,213,3250,"[[2633, 5, 2, 0], [10, 10, 8, 0], [98, 2, 99, 21], [355, 0, 5, 2]]",0.8443076923076923,2640,3096,2633,463,7,0.850452196382429,0.9973484848484848,0.9180613668061367,28,17,10,7,18,0.5882352941176471,0.35714285714285715,0.4444444444444444,220,114,99,15,121,0.868421052631579,0.45,0.592814371257485,362,23,2,21,360,0.08695652173913043,0.0055248618784530384,0.01038961038961039,0.4914274482244191,0.2274170274170274,0.01038961038961039
RAW_1D,FOCAL_A025_G3,selected_on_DS1,7106,214,2258,"[[369, 0, 1260, 372], [0, 0, 0, 0], [1, 88, 167, 0], [0, 1, 0, 0]]",0.23737821080602303,2001,370,369,1,1632,0.9972972972972973,0.18440779610194902,0.3112610712779418,0,89,0,89,0,0.0,,,256,1427,167,1260,89,0.11702873160476523,0.65234375,0.1984551396316102,1,372,0,372,1,0.0,0.0,0.0,0.16990540363651732,0.0,0.0
RAW_1D,FOCAL_A025_G3,selected_on_DS1,7106,219,2154,"[[1317, 26, 552, 187], [3, 0, 4, 0], [0, 8, 56, 0], [0, 1, 0, 0]]",0.6374187558031569,2082,1320,1317,3,765,0.9977272727272727,0.6325648414985591,0.7742504409171076,7,35,0,35,7,0.0,0.0,0.0,64,612,56,556,8,0.0915032679738562,0.875,0.16568047337278108,1,187,0,187,1,0.0,0.0,0.0,0.23498272857247215,0.0,0.0
RAW_1D,FOCAL_A025_G3,selected_on_DS1,7106,221,2427,"[[1778, 252, 0, 1], [0, 0, 0, 0], [0, 2, 394, 0], [0, 0, 0, 0]]",0.8949320148331273,2031,1778,1778,0,253,1.0,0.8754308222550468,0.933578367025466,0,254,0,254,0,0.0,,,396,394,394,0,2,1.0,0.9949494949494949,0.9974683544303797,0,1,0,1,0,0.0,,,0.9655233607279229,,
RAW_1D,FOCAL_A025_G3,selected_on_DS1,7106,222,2483,"[[1979, 132, 136, 27], [28, 131, 48, 2], [0, 0, 0, 0], [0, 0, 0, 0]]",0.8497784937575513,2274,2007,1979,28,295,0.9860488290981565,0.8702726473175022,0.9245503387059099,209,263,131,132,78,0.49809885931558934,0.6267942583732058,0.5550847457627118,0,184,0,184,0,0.0,,,0,29,0,29,0,0.0,,,0.7398175422343108,0.5550847457627118,0.5550847457627118
RAW_1D,FOCAL_A025_G3,selected_on_DS1,7106,228,2053,"[[1686, 1, 1, 0], [1, 2, 0, 0], [4, 21, 337, 0], [0, 0, 0, 0]]",0.9863614223088164,1688,1691,1686,5,2,0.997043169722058,0.9988151658767772,0.9979283811778633,3,24,2,22,1,0.08333333333333333,0.6666666666666666,0.14814814814814814,362,338,337,1,25,0.9970414201183432,0.930939226519337,0.9628571428571429,0,0,0,0,0,,,,0.702977890727718,0.14814814814814814,0.14814814814814814
RAW_1D,FOCAL_A025_G3,selected_on_DS1,7106,231,1571,"[[1550, 17, 1, 0], [1, 0, 0, 0], [0, 1, 1, 0], [0, 0, 0, 0]]",0.9872692552514322,1568,1551,1550,1,18,0.9993552546744036,0.9885204081632653,0.9939083039435717,1,18,0,18,1,0.0,0.0,0.0,2,2,1,1,1,0.5,0.5,0.5,0,0,0,0,0,,,,0.4979694346478572,0.0,0.0
RAW_1D,FOCAL_A025_G3,selected_on_DS1,7106,232,1780,"[[396, 0, 2, 0], [248, 17, 1117, 0], [0, 0, 0, 0], [0, 0, 0, 0]]",0.23202247191011235,398,644,396,248,2,0.6149068322981367,0.9949748743718593,0.7600767754318618,1382,17,17,0,1365,1.0,0.012301013024602027,0.024303073624017155,0,1119,0,1119,0,0.0,,,0,0,0,0,0,,,,0.3921899245279395,0.024303073624017155,0.024303073624017155
RAW_1D,FOCAL_A025_G3,selected_on_DS1,7106,233,3077,"[[314, 0, 309, 1606], [1, 2, 4, 0], [131, 246, 451, 2], [7, 0, 0, 4]]",0.25056873578160543,2229,453,314,139,1915,0.6931567328918322,0.14087034544638852,0.23415361670395227,7,248,2,246,5,0.008064516129032258,0.2857142857142857,0.01568627450980392,830,764,451,313,379,0.5903141361256544,0.5433734939759036,0.5658720200752823,11,1612,4,1608,7,0.0024813895781637717,0.36363636363636365,0.004929143561306223,0.20516026371258617,0.010307709035555073,0.004929143561306223
RAW_1D,FOCAL_A025_G3,selected_on_DS1,7106,234,2753,"[[2669, 1, 0, 30], [25, 6, 0, 19], [0, 0, 3, 0], [0, 0, 0, 0]]",0.9727569923719579,2700,2694,2669,25,31,0.9907201187824796,0.9885185185185185,0.989618094178717,50,7,6,1,44,0.8571428571428571,0.12,0.21052631578947367,3,3,3,0,0,1.0,1.0,1.0,0,49,0,49,0,0.0,,,0.7333814699893969,0.21052631578947367,0.21052631578947367
RAW_1D,FOCAL_A025_G3,selected_on_DS1,7107,100,2272,"[[2238, 0, 0, 0], [1, 32, 0, 0], [0, 0, 1, 0], [0, 0, 0, 0]]",0.9995598591549296,2238,2239,2238,1,0,0.9995533720410897,1.0,0.9997766361402725,33,32,32,0,1,1.0,0.9696969696969697,0.9846153846153847,1,1,1,0,0,1.0,1.0,1.0,0,0,0,0,0,,,,0.9947973402518858,0.9846153846153847,0.9846153846153847
RAW_1D,FOCAL_A025_G3,selected_on_DS1,7107,103,2084,"[[2082, 0, 0, 0], [1, 1, 0, 0], [0, 0, 0, 0], [0, 0, 0, 0]]",0.9995201535508638,2082,2083,2082,1,0,0.99951992318771,1.0,0.9997599039615847,2,1,1,0,1,1.0,0.5,0.6666666666666666,0,0,0,0,0,,,,0,0,0,0,0,,,,0.8332132853141256,0.6666666666666666,0.6666666666666666
RAW_1D,FOCAL_A025_G3,selected_on_DS1,7107,105,2567,"[[2500, 0, 26, 0], [0, 0, 0, 0], [6, 7, 28, 0], [0, 0, 0, 0]]",0.9848071679002727,2526,2506,2500,6,26,0.9976057462090981,0.9897070467141726,0.9936406995230525,0,7,0,7,0,0.0,,,41,54,28,26,13,0.5185185185185185,0.6829268292682927,0.5894736842105263,0,0,0,0,0,,,,0.7915571918667894,,
RAW_1D,FOCAL_A025_G3,selected_on_DS1,7107,111,2124,"[[2116, 0, 7, 0], [0, 0, 0, 0], [0, 0, 1, 0], [0, 0, 0, 0]]",0.9967043314500942,2123,2116,2116,0,7,1.0,0.9967027790861988,0.998348667138476,0,0,0,0,0,,,,1,8,1,7,0,0.125,1.0,0.2222222222222222,0,0,0,0,0,,,,0.6102854446803492,,
RAW_1D,FOCAL_A025_G3,selected_on_DS1,7107,113,1794,"[[1786, 0, 2, 0], [0, 0, 6, 0], [0, 0, 0, 0], [0, 0, 0, 0]]",0.9955406911928651,1788,1786,1786,0,2,1.0,0.9988814317673378,0.9994404029099049,6,0,0,0,6,,0.0,0.0,0,8,0,8,0,0.0,,,0,0,0,0,0,,,,0.49972020145495244,0.0,0.0
RAW_1D,FOCAL_A025_G3,selected_on_DS1,7107,117,1534,"[[1533, 0, 0, 0], [0, 0, 1, 0], [0, 0, 0, 0], [0, 0, 0, 0]]",0.999348109517601,1533,1533,1533,0,0,1.0,1.0,1.0,1,0,0,0,1,,0.0,0.0,0,1,0,1,0,0.0,,,0,0,0,0,0,,,,0.5,0.0,0.0
RAW_1D,FOCAL_A025_G3,selected_on_DS1,7107,121,1863,"[[1861, 0, 0, 0], [0, 1, 0, 0], [0, 0, 1, 0], [0, 0, 0, 0]]",1.0,1861,1861,1861,0,0,1.0,1.0,1.0,1,1,1,0,0,1.0,1.0,1.0,1,1,1,0,0,1.0,1.0,1.0,0,0,0,0,0,,,,1.0,1.0,1.0
RAW_1D,FOCAL_A025_G3,selected_on_DS1,7107,123,1518,"[[1512, 2, 1, 0], [0, 0, 0, 0], [0, 0, 3, 0], [0, 0, 0, 0]]",0.9980237154150198,1515,1512,1512,0,3,1.0,0.998019801980198,0.9990089197224975,0,2,0,2,0,0.0,,,3,4,3,1,0,0.75,1.0,0.8571428571428571,0,0,0,0,0,,,,0.9280758884326773,,
RAW_1D,FOCAL_A025_G3,selected_on_DS1,7107,200,2600,"[[1741, 1, 0, 0], [16, 11, 3, 0], [33, 55, 738, 0], [2, 0, 0, 0]]",0.9576923076923077,1742,1792,1741,51,1,0.9715401785714286,0.9994259471871412,0.9852857951329937,30,67,11,56,19,0.16417910447761194,0.36666666666666664,0.2268041237113402,826,741,738,3,88,0.9959514170040485,0.8934624697336562,0.9419272495213784,2,0,0,0,2,,0.0,0.0,0.538504292091428,0.1134020618556701,0.0
RAW_1D,FOCAL_A025_G3,selected_on_DS1,7107,202,2136,"[[1986, 6, 30, 39], [16, 28, 11, 0], [1, 0, 18, 0], [0, 0, 1, 0]]",0.951310861423221,2061,2003,1986,17,75,0.9915127309036446,0.9636098981077147,0.9773622047244095,55,34,28,6,27,0.8235294117647058,0.509090909090909,0.6292134831460674,19,60,18,42,1,0.3,0.9473684210526315,0.45569620253164556,1,39,0,39,1,0.0,0.0,0.0,0.5155679726005307,0.3146067415730337,0.0
RAW_1D,FOCAL_A025_G3,selected_on_DS1,7107,210,2648,"[[2125, 0, 190, 106], [10, 1, 11, 0], [25, 6, 163, 1], [8, 0, 2, 0]]",0.8644259818731118,2421,2168,2125,43,296,0.9801660516605166,0.8777364725320116,0.9261276966659403,22,7,1,6,21,0.14285714285714285,0.045454545454545456,0.06896551724137931,195,366,163,203,32,0.4453551912568306,0.8358974358974359,0.5811051693404634,10,107,0,107,10,0.0,0.0,0.0,0.39404959581194576,0.034482758620689655,0.0
RAW_1D,FOCAL_A025_G3,selected_on_DS1,7107,212,2747,"[[2745, 0, 2, 0], [0, 0, 0, 0], [0, 0, 0, 0], [0, 0, 0, 0]]",0.9992719330178377,2747,2745,2745,0,2,1.0,0.9992719330178377,0.9996358339402768,0,0,0,0,0,,,,0,2,0,2,0,0.0,,,0,0,0,0,0,,,,0.9996358339402768,,
RAW_1D,FOCAL_A025_G3,selected_on_DS1,7107,213,3250,"[[2622, 2, 16, 0], [6, 0, 22, 0], [100, 0, 102, 18], [354, 0, 5, 3]]",0.839076923076923,2640,3082,2622,460,18,0.8507462686567164,0.9931818181818182,0.9164627752534079,28,2,0,2,28,0.0,0.0,0.0,220,145,102,43,118,0.7034482758620689,0.4636363636363636,0.5589041095890411,362,21,3,18,359,0.14285714285714285,0.008287292817679558,0.015665796344647518,0.37275817029677416,0.007832898172323759,0.0
RAW_1D,FOCAL_A025_G3,selected_on_DS1,7107,214,2258,"[[1134, 0, 602, 265], [0, 0, 0, 0], [2, 89, 165, 0], [0, 1, 0, 0]]",0.5752878653675819,2001,1136,1134,2,867,0.9982394366197183,0.5667166416791605,0.7229837424290724,0,90,0,90,0,0.0,,,256,767,165,602,91,0.2151238591916558,0.64453125,0.3225806451612903,1,265,0,265,1,0.0,0.0,0.0,0.3485214625301209,0.0,0.0
RAW_1D,FOCAL_A025_G3,selected_on_DS1,7107,219,2154,"[[1740, 45, 228, 69], [5, 1, 1, 0], [1, 2, 61, 0], [0, 1, 0, 0]]",0.8365831012070566,2082,1746,1740,6,342,0.9965635738831615,0.8357348703170029,0.9090909090909091,7,49,1,48,6,0.02040816326530612,0.14285714285714285,0.03571428571428571,64,290,61,229,3,0.2103448275862069,0.953125,0.3446327683615819,1,69,0,69,1,0.0,0.0,0.0,0.3223594907916942,0.017857142857142856,0.0
RAW_1D,FOCAL_A025_G3,selected_on_DS1,7107,221,2427,"[[1961, 50, 7, 13], [0, 0, 0, 0], [0, 1, 395, 0], [0, 0, 0, 0]]",0.9707457766790276,2031,1961,1961,0,70,1.0,0.965534219596258,0.9824649298597194,0,51,0,51,0,0.0,,,396,402,395,7,1,0.9825870646766169,0.9974747474747475,0.9899749373433584,0,13,0,13,0,0.0,,,0.9862199336015389,,
RAW_1D,FOCAL_A025_G3,selected_on_DS1,7107,222,2483,"[[2046, 59, 154, 15], [65, 79, 64, 1], [0, 0, 0, 0], [0, 0, 0, 0]]",0.85581957309706,2274,2111,2046,65,228,0.9692089057318807,0.899736147757256,0.9331812998859749,209,138,79,59,130,0.572463768115942,0.37799043062200954,0.4553314121037464,0,218,0,218,0,0.0,,,0,16,0,16,0,0.0,,,0.6942563559948607,0.4553314121037464,0.4553314121037464
RAW_1D,FOCAL_A025_G3,selected_on_DS1,7107,228,2053,"[[1688, 0, 0, 0], [2, 0, 1, 0], [42, 5, 315, 0], [0, 0, 0, 0]]",0.9756453969800293,1688,1732,1688,44,0,0.9745958429561201,1.0,0.9871345029239766,3,5,0,5,3,0.0,0.0,0.0,362,316,315,1,47,0.9968354430379747,0.8701657458563536,0.9292035398230089,0,0,0,0,0,,,,0.6387793475823286,0.0,0.0
RAW_1D,FOCAL_A025_G3,selected_on_DS1,7107,231,1571,"[[1555, 2, 11, 0], [1, 0, 0, 0], [0, 0, 2, 0], [0, 0, 0, 0]]",0.9910884786760026,1568,1556,1555,1,13,0.9993573264781491,0.9917091836734694,0.9955185659411011,1,2,0,2,1,0.0,0.0,0.0,2,13,2,11,0,0.15384615384615385,1.0,0.26666666666666666,0,0,0,0,0,,,,0.42072841086925594,0.0,0.0
RAW_1D,FOCAL_A025_G3,selected_on_DS1,7107,232,1780,"[[396, 0, 2, 0], [388, 22, 972, 0], [0, 0, 0, 0], [0, 0, 0, 0]]",0.2348314606741573,398,784,396,388,2,0.5051020408163265,0.9949748743718593,0.6700507614213198,1382,22,22,0,1360,1.0,0.015918958031837915,0.03133903133903134,0,974,0,974,0,0.0,,,0,0,0,0,0,,,,0.3506948963801756,0.03133903133903134,0.03133903133903134
RAW_1D,FOCAL_A025_G3,selected_on_DS1,7107,233,3077,"[[534, 0, 1355, 340], [1, 1, 5, 0], [172, 57, 600, 1], [8, 0, 1, 2]]",0.36951576210594733,2229,715,534,181,1695,0.7468531468531469,0.2395693135935397,0.36277173913043476,7,58,1,57,6,0.017241379310344827,0.14285714285714285,0.03076923076923077,830,1961,600,1361,230,0.3059663437021928,0.7228915662650602,0.4299534217126478,11,343,2,341,9,0.0058309037900874635,0.18181818181818182,0.011299435028248588,0.20869845666014047,0.02103433289873968,0.011299435028248588
RAW_1D,FOCAL_A025_G3,selected_on_DS1,7107,234,2753,"[[2626, 1, 0, 73], [35, 1, 0, 14], [0, 0, 3, 0], [0, 0, 0, 0]]",0.9553214674900109,2700,2661,2626,35,74,0.9868470499812101,0.9725925925925926,0.9796679723932102,50,2,1,1,49,0.5,0.02,0.038461538461538464,3,3,3,0,0,1.0,1.0,1.0,0,87,0,87,0,0.0,,,0.6727098369515829,0.038461538461538464,0.038461538461538464
RAW_1D,FOCAL_A025_G3,selected_on_DS1,7108,100,2272,"[[2237, 1, 0, 0], [1, 32, 0, 0], [0, 0, 1, 0], [0, 0, 0, 0]]",0.9991197183098591,2238,2238,2237,1,1,0.9995531724754245,0.9995531724754245,0.9995531724754245,33,33,32,1,1,0.9696969696969697,0.9696969696969697,0.9696969696969697,1,1,1,0,0,1.0,1.0,1.0,0,0,0,0,0,,,,0.9897500473907982,0.9696969696969697,0.9696969696969697
RAW_1D,FOCAL_A025_G3,selected_on_DS1,7108,103,2084,"[[2082, 0, 0, 0], [1, 1, 0, 0], [0, 0, 0, 0], [0, 0, 0, 0]]",0.9995201535508638,2082,2083,2082,1,0,0.99951992318771,1.0,0.9997599039615847,2,1,1,0,1,1.0,0.5,0.6666666666666666,0,0,0,0,0,,,,0,0,0,0,0,,,,0.8332132853141256,0.6666666666666666,0.6666666666666666
RAW_1D,FOCAL_A025_G3,selected_on_DS1,7108,105,2567,"[[2503, 0, 16, 7], [0, 0, 0, 0], [2, 34, 5, 0], [0, 0, 0, 0]]",0.9770159719516945,2526,2505,2503,2,23,0.9992015968063872,0.9908946951702297,0.9950308089842974,0,34,0,34,0,0.0,,,41,21,5,16,36,0.23809523809523808,0.12195121951219512,0.16129032258064516,0,7,0,7,0,0.0,,,0.5781605657824713,,
RAW_1D,FOCAL_A025_G3,selected_on_DS1,7108,111,2124,"[[2112, 0, 11, 0], [0, 0, 0, 0], [0, 0, 1, 0], [0, 0, 0, 0]]",0.9948210922787194,2123,2112,2112,0,11,1.0,0.9948186528497409,0.9974025974025974,0,0,0,0,0,,,,1,12,1,11,0,0.08333333333333333,1.0,0.15384615384615385,0,0,0,0,0,,,,0.5756243756243756,,
RAW_1D,FOCAL_A025_G3,selected_on_DS1,7108,113,1794,"[[1769, 0, 19, 0], [0, 0, 6, 0], [0, 0, 0, 0], [0, 0, 0, 0]]",0.9860646599777034,1788,1769,1769,0,19,1.0,0.9893736017897091,0.9946584200168681,6,0,0,0,6,,0.0,0.0,0,25,0,25,0,0.0,,,0,0,0,0,0,,,,0.49732921000843405,0.0,0.0
RAW_1D,FOCAL_A025_G3,selected_on_DS1,7108,117,1534,"[[1533, 0, 0, 0], [0, 0, 1, 0], [0, 0, 0, 0], [0, 0, 0, 0]]",0.999348109517601,1533,1533,1533,0,0,1.0,1.0,1.0,1,0,0,0,1,,0.0,0.0,0,1,0,1,0,0.0,,,0,0,0,0,0,,,,0.5,0.0,0.0
RAW_1D,FOCAL_A025_G3,selected_on_DS1,7108,121,1863,"[[1861, 0, 0, 0], [0, 1, 0, 0], [0, 0, 1, 0], [0, 0, 0, 0]]",1.0,1861,1861,1861,0,0,1.0,1.0,1.0,1,1,1,0,0,1.0,1.0,1.0,1,1,1,0,0,1.0,1.0,1.0,0,0,0,0,0,,,,1.0,1.0,1.0
RAW_1D,FOCAL_A025_G3,selected_on_DS1,7108,123,1518,"[[1512, 3, 0, 0], [0, 0, 0, 0], [0, 0, 3, 0], [0, 0, 0, 0]]",0.9980237154150198,1515,1512,1512,0,3,1.0,0.998019801980198,0.9990089197224975,0,3,0,3,0,0.0,,,3,3,3,0,0,1.0,1.0,1.0,0,0,0,0,0,,,,0.9995044598612488,,
RAW_1D,FOCAL_A025_G3,selected_on_DS1,7108,200,2600,"[[1726, 16, 0, 0], [5, 25, 0, 0], [41, 61, 724, 0], [1, 1, 0, 0]]",0.9519230769230769,1742,1773,1726,47,16,0.9734912577552172,0.9908151549942594,0.982076813655761,30,103,25,78,5,0.24271844660194175,0.8333333333333334,0.37593984962406013,826,724,724,0,102,1.0,0.8765133171912833,0.9341935483870968,2,0,0,0,2,,0.0,0.0,0.5730525529167295,0.18796992481203006,0.0
RAW_1D,FOCAL_A025_G3,selected_on_DS1,7108,202,2136,"[[1993, 50, 5, 13], [11, 28, 16, 0], [1, 0, 18, 0], [1, 0, 0, 0]]",0.9545880149812734,2061,2006,1993,13,68,0.9935194416749751,0.9670063076176614,0.9800835997049422,55,78,28,50,27,0.358974358974359,0.509090909090909,0.42105263157894735,19,39,18,21,1,0.46153846153846156,0.9473684210526315,0.6206896551724138,1,13,0,13,1,0.0,0.0,0.0,0.5054564716140758,0.21052631578947367,0.0
RAW_1D,FOCAL_A025_G3,selected_on_DS1,7108,210,2648,"[[2291, 116, 2, 12], [0, 17, 5, 0], [30, 10, 155, 0], [9, 0, 1, 0]]",0.9301359516616314,2421,2330,2291,39,130,0.9832618025751073,0.946303180503924,0.9644285413597138,22,143,17,126,5,0.11888111888111888,0.7727272727272727,0.20606060606060606,195,163,155,8,40,0.950920245398773,0.7948717948717948,0.8659217877094972,10,12,0,12,10,0.0,0.0,0.0,0.5091027337824543,0.10303030303030303,0.0
RAW_1D,FOCAL_A025_G3,selected_on_DS1,7108,212,2747,"[[2699, 0, 48, 0], [0, 0, 0, 0], [0, 0, 0, 0], [0, 0, 0, 0]]",0.9825263924281034,2747,2699,2699,0,48,1.0,0.9825263924281034,0.9911861917003305,0,0,0,0,0,,,,0,48,0,48,0,0.0,,,0,0,0,0,0,,,,0.9911861917003305,,
RAW_1D,FOCAL_A025_G3,selected_on_DS1,7108,213,3250,"[[2443, 66, 131, 0], [10, 6, 12, 0], [123, 1, 74, 22], [344, 10, 6, 2]]",0.7769230769230769,2640,2920,2443,477,197,0.8366438356164384,0.9253787878787879,0.8787769784172662,28,83,6,77,22,0.07228915662650602,0.21428571428571427,0.10810810810810811,220,223,74,149,146,0.33183856502242154,0.33636363636363636,0.3340857787810384,362,24,2,22,360,0.08333333333333333,0.0055248618784530384,0.010362694300518135,0.3328333899017327,0.05923540120431312,0.010362694300518135
RAW_1D,FOCAL_A025_G3,selected_on_DS1,7108,214,2258,"[[1996, 0, 2, 3], [0, 0, 0, 0], [2, 67, 187, 0], [0, 1, 0, 0]]",0.9667847652790079,2001,1998,1996,2,5,0.998998998998999,0.9975012493753124,0.9982495623905977,0,68,0,68,0,0.0,,,256,189,187,2,69,0.9894179894179894,0.73046875,0.8404494382022472,1,3,0,3,1,0.0,0.0,0.0,0.6128996668642817,0.0,0.0
RAW_1D,FOCAL_A025_G3,selected_on_DS1,7108,219,2154,"[[2002, 36, 41, 3], [7, 0, 0, 0], [0, 12, 52, 0], [0, 1, 0, 0]]",0.9535747446610956,2082,2009,2002,7,80,0.9965156794425087,0.9615754082612872,0.9787338059154241,7,49,0,49,7,0.0,0.0,0.0,64,93,52,41,12,0.5591397849462365,0.8125,0.6624203821656051,1,3,0,3,1,0.0,0.0,0.0,0.4102885470202573,0.0,0.0
RAW_1D,FOCAL_A025_G3,selected_on_DS1,7108,221,2427,"[[1947, 84, 0, 0], [0, 0, 0, 0], [3, 1, 390, 2], [0, 0, 0, 0]]",0.9629171817058096,2031,1950,1947,3,84,0.9984615384615385,0.9586410635155096,0.9781461944235117,0,85,0,85,0,0.0,,,396,390,390,0,6,1.0,0.9848484848484849,0.9923664122137404,0,2,0,2,0,0.0,,,0.9852563033186261,,
RAW_1D,FOCAL_A025_G3,selected_on_DS1,7108,222,2483,"[[2027, 96, 130, 21], [80, 112, 17, 0], [0, 0, 0, 0], [0, 0, 0, 0]]",0.8614579138139348,2274,2107,2027,80,247,0.96203132415757,0.8913808267370272,0.9253595069618809,209,208,112,96,97,0.5384615384615384,0.5358851674641149,0.5371702637889688,0,147,0,147,0,0.0,,,0,21,0,21,0,0.0,,,0.7312648853754249,0.5371702637889688,0.5371702637889688
RAW_1D,FOCAL_A025_G3,selected_on_DS1,7108,228,2053,"[[1686, 0, 2, 0], [1, 2, 0, 0], [21, 19, 322, 0], [0, 0, 0, 0]]",0.9790550414028252,1688,1708,1686,22,2,0.9871194379391101,0.9988151658767772,0.9929328621908127,3,21,2,19,1,0.09523809523809523,0.6666666666666666,0.16666666666666666,362,324,322,2,40,0.9938271604938271,0.8895027624309392,0.9387755102040817,0,0,0,0,0,,,,0.6994583463538536,0.16666666666666666,0.16666666666666666
RAW_1D,FOCAL_A025_G3,selected_on_DS1,7108,231,1571,"[[1562, 6, 0, 0], [1, 0, 0, 0], [1, 1, 0, 0], [0, 0, 0, 0]]",0.9942711648631445,1568,1564,1562,2,6,0.9987212276214834,0.9961734693877551,0.9974457215836526,1,7,0,7,1,0.0,0.0,0.0,2,0,0,0,2,,0.0,0.0,0,0,0,0,0,,,,0.3324819071945509,0.0,0.0
RAW_1D,FOCAL_A025_G3,selected_on_DS1,7108,232,1780,"[[397, 0, 1, 0], [614, 9, 759, 0], [0, 0, 0, 0], [0, 0, 0, 0]]",0.22808988764044943,398,1011,397,614,1,0.3926805143422354,0.9974874371859297,0.5635202271114266,1382,9,9,0,1373,1.0,0.006512301013024602,0.012940330697340043,0,760,0,760,0,0.0,,,0,0,0,0,0,,,,0.2882302789043833,0.012940330697340043,0.012940330697340043
RAW_1D,FOCAL_A025_G3,selected_on_DS1,7108,233,3077,"[[2175, 0, 6, 48], [2, 4, 1, 0], [232, 19, 574, 5], [7, 0, 0, 4]]",0.8960025999350016,2229,2416,2175,241,54,0.9002483443708609,0.9757738896366084,0.9364908503767492,7,23,4,19,3,0.17391304347826086,0.5714285714285714,0.26666666666666666,830,581,574,7,256,0.9879518072289156,0.691566265060241,0.813607370659107,11,57,4,53,7,0.07017543859649122,0.36363636363636365,0.11764705882352941,0.5336029866315131,0.19215686274509802,0.11764705882352941
RAW_1D,FOCAL_A025_G3,selected_on_DS1,7108,234,2753,"[[2679, 0, 0, 21], [33, 13, 0, 4], [0, 0, 3, 0], [0, 0, 0, 0]]",0.9789320741009807,2700,2712,2679,33,21,0.9878318584070797,0.9922222222222222,0.9900221729490022,50,13,13,0,37,1.0,0.26,0.4126984126984127,3,3,3,0,0,1.0,1.0,1.0,0,25,0,25,0,0.0,,,0.8009068618824716,0.4126984126984127,0.4126984126984127
RAW_1D,FOCAL_A025_G3,selected_on_DS1,7109,100,2272,"[[2238, 0, 0, 0], [3, 30, 0, 0], [0, 0, 1, 0], [0, 0, 0, 0]]",0.9986795774647887,2238,2241,2238,3,0,0.998661311914324,1.0,0.999330207635633,33,30,30,0,3,1.0,0.9090909090909091,0.9523809523809523,1,1,1,0,0,1.0,1.0,1.0,0,0,0,0,0,,,,0.9839037200055284,0.9523809523809523,0.9523809523809523
RAW_1D,FOCAL_A025_G3,selected_on_DS1,7109,103,2084,"[[2082, 0, 0, 0], [1, 1, 0, 0], [0, 0, 0, 0], [0, 0, 0, 0]]",0.9995201535508638,2082,2083,2082,1,0,0.99951992318771,1.0,0.9997599039615847,2,1,1,0,1,1.0,0.5,0.6666666666666666,0,0,0,0,0,,,,0,0,0,0,0,,,,0.8332132853141256,0.6666666666666666,0.6666666666666666
RAW_1D,FOCAL_A025_G3,selected_on_DS1,7109,105,2567,"[[2504, 0, 10, 12], [0, 0, 0, 0], [2, 32, 7, 0], [0, 0, 0, 0]]",0.9781846513439812,2526,2506,2504,2,22,0.9992019154030327,0.9912905779889153,0.9952305246422893,0,32,0,32,0,0.0,,,41,17,7,10,34,0.4117647058823529,0.17073170731707318,0.2413793103448276,0,12,0,12,0,0.0,,,0.6183049174935584,,
RAW_1D,FOCAL_A025_G3,selected_on_DS1,7109,111,2124,"[[2115, 0, 8, 0], [0, 0, 0, 0], [0, 0, 1, 0], [0, 0, 0, 0]]",0.9962335216572504,2123,2115,2115,0,8,1.0,0.9962317475270843,0.998112317130722,0,0,0,0,0,,,,1,9,1,8,0,0.1111111111111111,1.0,0.2,0,0,0,0,0,,,,0.599056158565361,,
RAW_1D,FOCAL_A025_G3,selected_on_DS1,7109,113,1794,"[[1785, 1, 2, 0], [0, 0, 6, 0], [0, 0, 0, 0], [0, 0, 0, 0]]",0.9949832775919732,1788,1785,1785,0,3,1.0,0.9983221476510067,0.9991603694374476,6,1,0,1,6,0.0,0.0,0.0,0,8,0,8,0,0.0,,,0,0,0,0,0,,,,0.4995801847187238,0.0,0.0
RAW_1D,FOCAL_A025_G3,selected_on_DS1,7109,117,1534,"[[1533, 0, 0, 0], [0, 0, 1, 0], [0, 0, 0, 0], [0, 0, 0, 0]]",0.999348109517601,1533,1533,1533,0,0,1.0,1.0,1.0,1,0,0,0,1,,0.0,0.0,0,1,0,1,0,0.0,,,0,0,0,0,0,,,,0.5,0.0,0.0
RAW_1D,FOCAL_A025_G3,selected_on_DS1,7109,121,1863,"[[1859, 0, 0, 2], [0, 1, 0, 0], [0, 0, 1, 0], [0, 0, 0, 0]]",0.9989264626945786,1861,1859,1859,0,2,1.0,0.99892530897367,0.9994623655913979,1,1,1,0,0,1.0,1.0,1.0,1,1,1,0,0,1.0,1.0,1.0,0,2,0,2,0,0.0,,,0.999820788530466,1.0,1.0
RAW_1D,FOCAL_A025_G3,selected_on_DS1,7109,123,1518,"[[1512, 3, 0, 0], [0, 0, 0, 0], [0, 0, 3, 0], [0, 0, 0, 0]]",0.9980237154150198,1515,1512,1512,0,3,1.0,0.998019801980198,0.9990089197224975,0,3,0,3,0,0.0,,,3,3,3,0,0,1.0,1.0,1.0,0,0,0,0,0,,,,0.9995044598612488,,
RAW_1D,FOCAL_A025_G3,selected_on_DS1,7109,200,2600,"[[1719, 19, 1, 3], [5, 25, 0, 0], [64, 476, 284, 2], [1, 1, 0, 0]]",0.78,1742,1789,1719,70,23,0.9608719955282281,0.986796785304248,0.973661852166525,30,521,25,496,5,0.04798464491362764,0.8333333333333334,0.09074410163339383,826,285,284,1,542,0.9964912280701754,0.34382566585956414,0.5112511251125113,2,5,0,5,2,0.0,0.0,0.0,0.3939142697281075,0.045372050816696916,0.0
RAW_1D,FOCAL_A025_G3,selected_on_DS1,7109,202,2136,"[[2010, 20, 1, 30], [12, 32, 11, 0], [1, 0, 18, 0], [0, 0, 1, 0]]",0.9644194756554307,2061,2023,2010,13,51,0.9935739001482946,0.975254730713246,0.9843290891283056,55,52,32,20,23,0.6153846153846154,0.5818181818181818,0.5981308411214953,19,31,18,13,1,0.5806451612903226,0.9473684210526315,0.72,1,30,0,30,1,0.0,0.0,0.0,0.5756149825624501,0.29906542056074764,0.0
RAW_1D,FOCAL_A025_G3,selected_on_DS1,7109,210,2648,"[[2282, 56, 26, 57], [10, 6, 6, 0], [33, 33, 128, 1], [8, 0, 2, 0]]",0.9123867069486404,2421,2333,2282,51,139,0.9781397342477497,0.9425857083849649,0.9600336558687421,22,95,6,89,16,0.06315789473684211,0.2727272727272727,0.10256410256410256,195,162,128,34,67,0.7901234567901234,0.6564102564102564,0.7170868347338936,10,58,0,58,10,0.0,0.0,0.0,0.4449211482916846,0.05128205128205128,0.0
RAW_1D,FOCAL_A025_G3,selected_on_DS1,7109,212,2747,"[[2747, 0, 0, 0], [0, 0, 0, 0], [0, 0, 0, 0], [0, 0, 0, 0]]",1.0,2747,2747,2747,0,0,1.0,1.0,1.0,0,0,0,0,0,,,,0,0,0,0,0,,,,0,0,0,0,0,,,,1.0,,
RAW_1D,FOCAL_A025_G3,selected_on_DS1,7109,213,3250,"[[2622, 10, 8, 0], [6, 6, 16, 0], [78, 0, 93, 49], [345, 0, 4, 13]]",0.8412307692307692,2640,3051,2622,429,18,0.8593903638151426,0.9931818181818182,0.9214549288350027,28,16,6,10,22,0.375,0.21428571428571427,0.2727272727272727,220,121,93,28,127,0.768595041322314,0.42272727272727273,0.5454545454545454,362,62,13,49,349,0.20967741935483872,0.03591160220994475,0.06132075471698113,0.4502393754334505,0.1670240137221269,0.06132075471698113
RAW_1D,FOCAL_A025_G3,selected_on_DS1,7109,214,2258,"[[1896, 0, 91, 14], [0, 0, 0, 0], [4, 69, 183, 0], [0, 1, 0, 0]]",0.920726306465899,2001,1900,1896,4,105,0.9978947368421053,0.9475262368815592,0.9720584465521661,0,70,0,70,0,0.0,,,256,274,183,91,73,0.6678832116788321,0.71484375,0.690566037735849,1,14,0,14,1,0.0,0.0,0.0,0.5542081614293384,0.0,0.0
RAW_1D,FOCAL_A025_G3,selected_on_DS1,7109,219,2154,"[[1373, 0, 679, 30], [3, 0, 4, 0], [6, 2, 56, 0], [0, 1, 0, 0]]",0.6634168987929434,2082,1382,1373,9,709,0.9934876989869754,0.659462055715658,0.7927251732101617,7,3,0,3,7,0.0,0.0,0.0,64,739,56,683,8,0.07577807848443843,0.875,0.13947696139476962,1,30,0,30,1,0.0,0.0,0.0,0.23305053365123282,0.0,0.0
RAW_1D,FOCAL_A025_G3,selected_on_DS1,7109,221,2427,"[[1915, 114, 0, 2], [0, 0, 0, 0], [0, 1, 395, 0], [0, 0, 0, 0]]",0.9517923362175525,2031,1915,1915,0,116,1.0,0.9428852781880847,0.9706031424227065,0,115,0,115,0,0.0,,,396,395,395,0,1,1.0,0.9974747474747475,0.9987357774968394,0,2,0,2,0,0.0,,,0.984669459959773,,
RAW_1D,FOCAL_A025_G3,selected_on_DS1,7109,222,2483,"[[1993, 66, 147, 68], [92, 69, 46, 2], [0, 0, 0, 0], [0, 0, 0, 0]]",0.8304470398711237,2274,2085,1993,92,281,0.9558752997601918,0.876429199648197,0.9144299151181464,209,135,69,66,140,0.5111111111111111,0.33014354066985646,0.4011627906976744,0,193,0,193,0,0.0,,,0,70,0,70,0,0.0,,,0.6577963529079104,0.4011627906976744,0.4011627906976744
RAW_1D,FOCAL_A025_G3,selected_on_DS1,7109,228,2053,"[[1688, 0, 0, 0], [3, 0, 0, 0], [123, 36, 203, 0], [0, 0, 0, 0]]",0.9210910862152947,1688,1814,1688,126,0,0.9305402425578831,1.0,0.9640205596801827,3,36,0,36,3,0.0,0.0,0.0,362,203,203,0,159,1.0,0.5607734806629834,0.7185840707964601,0,0,0,0,0,,,,0.560868210158881,0.0,0.0
RAW_1D,FOCAL_A025_G3,selected_on_DS1,7109,231,1571,"[[1548, 19, 1, 0], [1, 0, 0, 0], [1, 0, 1, 0], [0, 0, 0, 0]]",0.9859961807765755,1568,1550,1548,2,20,0.9987096774193548,0.9872448979591837,0.9929441949967928,1,19,0,19,1,0.0,0.0,0.0,2,2,1,1,1,0.5,0.5,0.5,0,0,0,0,0,,,,0.49764806499893094,0.0,0.0
RAW_1D,FOCAL_A025_G3,selected_on_DS1,7109,232,1780,"[[390, 0, 8, 0], [318, 7, 1057, 0], [0, 0, 0, 0], [0, 0, 0, 0]]",0.22303370786516855,398,708,390,318,8,0.5508474576271186,0.9798994974874372,0.705244122965642,1382,7,7,0,1375,1.0,0.005065123010130246,0.010079193664506839,0,1065,0,1065,0,0.0,,,0,0,0,0,0,,,,0.3576616583150744,0.010079193664506839,0.010079193664506839
RAW_1D,FOCAL_A025_G3,selected_on_DS1,7109,233,3077,"[[988, 0, 781, 460], [3, 1, 3, 0], [213, 151, 428, 38], [5, 0, 2, 4]]",0.4618134546636334,2229,1209,988,221,1241,0.8172043010752689,0.44324809331538806,0.5747527632344386,7,152,1,151,6,0.006578947368421052,0.14285714285714285,0.012578616352201259,830,1214,428,786,402,0.3525535420098847,0.5156626506024097,0.4187866927592955,11,502,4,498,7,0.00796812749003984,0.36363636363636365,0.015594541910331383,0.2554281535640667,0.01408657913126632,0.012578616352201259
RAW_1D,FOCAL_A025_G3,selected_on_DS1,7109,234,2753,"[[2694, 0, 0, 6], [40, 4, 0, 6], [0, 0, 3, 0], [0, 0, 0, 0]]",0.9811115147112242,2700,2734,2694,40,6,0.9853694220921726,0.9977777777777778,0.9915347810084653,50,4,4,0,46,1.0,0.08,0.14814814814814814,3,3,3,0,0,1.0,1.0,1.0,0,12,0,12,0,0.0,,,0.7132276430522045,0.14814814814814814,0.14814814814814814
STFT_2D,BASELINE_CE,baseline,7100,100,2272,"[[2238, 0, 0, 0], [1, 32, 0, 0], [0, 0, 1, 0], [0, 0, 0, 0]]",0.9995598591549296,2238,2239,2238,1,0,0.9995533720410897,1.0,0.9997766361402725,33,32,32,0,1,1.0,0.9696969696969697,0.9846153846153847,1,1,1,0,0,1.0,1.0,1.0,0,0,0,0,0,,,,0.9947973402518858,0.9846153846153847,0.9846153846153847
STFT_2D,BASELINE_CE,baseline,7100,103,2084,"[[2082, 0, 0, 0], [1, 1, 0, 0], [0, 0, 0, 0], [0, 0, 0, 0]]",0.9995201535508638,2082,2083,2082,1,0,0.99951992318771,1.0,0.9997599039615847,2,1,1,0,1,1.0,0.5,0.6666666666666666,0,0,0,0,0,,,,0,0,0,0,0,,,,0.8332132853141256,0.6666666666666666,0.6666666666666666
STFT_2D,BASELINE_CE,baseline,7100,105,2567,"[[2463, 0, 53, 10], [0, 0, 0, 0], [0, 0, 41, 0], [0, 0, 0, 0]]",0.975457732761979,2526,2463,2463,0,63,1.0,0.9750593824228029,0.9873722188815394,0,0,0,0,0,,,,41,94,41,53,0,0.43617021276595747,1.0,0.6074074074074074,0,10,0,10,0,0.0,,,0.7973898131444734,,
STFT_2D,BASELINE_CE,baseline,7100,111,2124,"[[2102, 0, 21, 0], [0, 0, 0, 0], [0, 0, 1, 0], [0, 0, 0, 0]]",0.9901129943502824,2123,2102,2102,0,21,1.0,0.9901083372585964,0.9950295857988166,0,0,0,0,0,,,,1,22,1,21,0,0.045454545454545456,1.0,0.08695652173913043,0,0,0,0,0,,,,0.5409930537689736,,
STFT_2D,BASELINE_CE,baseline,7100,113,1794,"[[1786, 2, 0, 0], [0, 2, 4, 0], [0, 0, 0, 0], [0, 0, 0, 0]]",0.9966555183946488,1788,1786,1786,0,2,1.0,0.9988814317673378,0.9994404029099049,6,4,2,2,4,0.5,0.3333333333333333,0.4,0,4,0,4,0,0.0,,,0,0,0,0,0,,,,0.6997202014549524,0.4,0.4
STFT_2D,BASELINE_CE,baseline,7100,117,1534,"[[936, 0, 597, 0], [0, 0, 1, 0], [0, 0, 0, 0], [0, 0, 0, 0]]",0.6101694915254238,1533,936,936,0,597,1.0,0.6105675146771037,0.7582017010935601,1,0,0,0,1,,0.0,0.0,0,598,0,598,0,0.0,,,0,0,0,0,0,,,,0.37910085054678005,0.0,0.0
STFT_2D,BASELINE_CE,baseline,7100,121,1863,"[[1840, 0, 1, 20], [0, 1, 0, 0], [0, 0, 1, 0], [0, 0, 0, 0]]",0.9887278582930756,1861,1840,1840,0,21,1.0,0.9887157442235357,0.9943258578762496,1,1,1,0,0,1.0,1.0,1.0,1,2,1,1,0,0.5,1.0,0.6666666666666666,0,20,0,20,0,0.0,,,0.886997508180972,1.0,1.0
STFT_2D,BASELINE_CE,baseline,7100,123,1518,"[[1512, 3, 0, 0], [0, 0, 0, 0], [0, 0, 3, 0], [0, 0, 0, 0]]",0.9980237154150198,1515,1512,1512,0,3,1.0,0.998019801980198,0.9990089197224975,0,3,0,3,0,0.0,,,3,3,3,0,0,1.0,1.0,1.0,0,0,0,0,0,,,,0.9995044598612488,,
STFT_2D,BASELINE_CE,baseline,7100,200,2600,"[[1741, 0, 0, 1], [28, 2, 0, 0], [21, 4, 800, 1], [1, 0, 0, 1]]",0.9784615384615385,1742,1791,1741,50,1,0.9720826353992184,0.9994259471871412,0.9855646759128219,30,6,2,4,28,0.3333333333333333,0.06666666666666667,0.1111111111111111,826,800,800,0,26,1.0,0.9685230024213075,0.984009840098401,2,3,1,2,1,0.3333333333333333,0.5,0.4,0.6201714067805835,0.25555555555555554,0.1111111111111111
STFT_2D,BASELINE_CE,baseline,7100,202,2136,"[[1994, 0, 15, 52], [19, 0, 36, 0], [1, 1, 17, 0], [1, 0, 0, 0]]",0.9414794007490637,2061,2015,1994,21,67,0.9895781637717121,0.9674915089762252,0.9784102060843964,55,1,0,1,55,0.0,0.0,0.0,19,68,17,51,2,0.25,0.8947368421052632,0.39080459770114945,1,52,0,52,1,0.0,0.0,0.0,0.34230370094638646,0.0,0.0
STFT_2D,BASELINE_CE,baseline,7100,210,2648,"[[2331, 3, 2, 85], [8, 0, 14, 0], [17, 6, 172, 0], [8, 1, 0, 1]]",0.945619335347432,2421,2364,2331,33,90,0.9860406091370558,0.9628252788104089,0.974294670846395,22,10,0,10,22,0.0,0.0,0.0,195,188,172,16,23,0.9148936170212766,0.882051282051282,0.8981723237597912,10,86,1,85,9,0.011627906976744186,0.1,0.020833333333333332,0.4733250819848798,0.010416666666666666,0.0
STFT_2D,BASELINE_CE,baseline,7100,212,2747,"[[2021, 0, 725, 1], [0, 0, 0, 0], [0, 0, 0, 0], [0, 0, 0, 0]]",0.7357116854750637,2747,2021,2021,0,726,1.0,0.7357116854750637,0.847734899328859,0,0,0,0,0,,,,0,725,0,725,0,0.0,,,0,1,0,1,0,0.0,,,0.847734899328859,,
STFT_2D,BASELINE_CE,baseline,7100,213,3250,"[[2640, 0, 0, 0], [19, 0, 9, 0], [56, 1, 162, 1], [351, 0, 7, 4]]",0.8633846153846154,2640,3066,2640,426,0,0.8610567514677103,1.0,0.92534174553102,28,1,0,1,28,0.0,0.0,0.0,220,178,162,16,58,0.9101123595505618,0.7363636363636363,0.8140703517587939,362,5,4,1,358,0.8,0.011049723756906077,0.021798365122615803,0.44030261560310746,0.010899182561307902,0.0
STFT_2D,BASELINE_CE,baseline,7100,214,2258,"[[1990, 0, 5, 6], [0, 0, 0, 0], [8, 2, 246, 0], [0, 0, 1, 0]]",0.9902568644818424,2001,1998,1990,8,11,0.995995995995996,0.9945027486256871,0.9952488122030507,0,2,0,2,0,0.0,,,256,252,246,6,10,0.9761904761904762,0.9609375,0.968503937007874,1,6,0,6,1,0.0,0.0,0.0,0.6545842497369749,0.0,0.0
STFT_2D,BASELINE_CE,baseline,7100,219,2154,"[[2075, 6, 1, 0], [7, 0, 0, 0], [2, 7, 55, 0], [0, 1, 0, 0]]",0.9888579387186629,2082,2084,2075,9,7,0.9956813819577736,0.9966378482228626,0.9961593855016803,7,14,0,14,7,0.0,0.0,0.0,64,56,55,1,9,0.9821428571428571,0.859375,0.9166666666666666,1,0,0,0,1,,0.0,0.0,0.4782065130420867,0.0,0.0
STFT_2D,BASELINE_CE,baseline,7100,221,2427,"[[2021, 10, 0, 0], [0, 0, 0, 0], [0, 1, 395, 0], [0, 0, 0, 0]]",0.9954676555418212,2031,2021,2021,0,10,1.0,0.9950763170851797,0.9975320829220138,0,11,0,11,0,0.0,,,396,395,395,0,1,1.0,0.9974747474747475,0.9987357774968394,0,0,0,0,0,,,,0.9981339302094265,,
STFT_2D,BASELINE_CE,baseline,7100,222,2483,"[[1901, 219, 150, 4], [34, 161, 14, 0], [0, 0, 0, 0], [0, 0, 0, 0]]",0.8304470398711237,2274,1935,1901,34,373,0.9824289405684754,0.8359718557607739,0.9033024471370872,209,380,161,219,48,0.4236842105263158,0.7703349282296651,0.5466893039049237,0,164,0,164,0,0.0,,,0,4,0,4,0,0.0,,,0.7249958755210054,0.5466893039049237,0.5466893039049237
STFT_2D,BASELINE_CE,baseline,7100,228,2053,"[[1682, 0, 6, 0], [2, 1, 0, 0], [5, 0, 356, 1], [0, 0, 0, 0]]",0.9931807111544082,1688,1689,1682,7,6,0.9958555358200119,0.9964454976303317,0.996150429375185,3,1,1,0,2,1.0,0.3333333333333333,0.5,362,362,356,6,6,0.9834254143646409,0.9834254143646409,0.9834254143646409,0,1,0,1,0,0.0,,,0.8265252812466087,0.5,0.5
STFT_2D,BASELINE_CE,baseline,7100,231,1571,"[[1568, 0, 0, 0], [1, 0, 0, 0], [0, 0, 2, 0], [0, 0, 0, 0]]",0.9993634627625716,1568,1569,1568,1,0,0.9993626513702996,1.0,0.999681224099458,1,0,0,0,1,,0.0,0.0,2,2,2,0,0,1.0,1.0,1.0,0,0,0,0,0,,,,0.6665604080331526,0.0,0.0
STFT_2D,BASELINE_CE,baseline,7100,232,1780,"[[397, 1, 0, 0], [773, 578, 31, 0], [0, 0, 0, 0], [0, 0, 0, 0]]",0.547752808988764,398,1170,397,773,1,0.33931623931623933,0.9974874371859297,0.5063775510204082,1382,579,578,1,804,0.998272884283247,0.4182344428364689,0.5894951555328913,0,31,0,31,0,0.0,,,0,0,0,0,0,,,,0.5479363532766497,0.5894951555328913,0.5894951555328913
STFT_2D,BASELINE_CE,baseline,7100,233,3077,"[[1072, 0, 96, 1061], [1, 0, 6, 0], [5, 1, 823, 1], [2, 0, 4, 5]]",0.6174845628859279,2229,1080,1072,8,1157,0.9925925925925926,0.480933153880664,0.6479298881837413,7,1,0,1,7,0.0,0.0,0.0,830,929,823,106,7,0.8858988159311088,0.9915662650602409,0.9357589539511085,11,1067,5,1062,6,0.004686035613870665,0.45454545454545453,0.00927643784786642,0.3982413199956791,0.00463821892393321,0.0
STFT_2D,BASELINE_CE,baseline,7100,234,2753,"[[2591, 0, 0, 109], [45, 5, 0, 0], [0, 0, 3, 0], [0, 0, 0, 0]]",0.9440610243370868,2700,2636,2591,45,109,0.9829286798179059,0.9596296296296296,0.9711394302848576,50,5,5,0,45,1.0,0.1,0.18181818181818182,3,3,3,0,0,1.0,1.0,1.0,0,109,0,109,0,0.0,,,0.7176525373676798,0.18181818181818182,0.18181818181818182
STFT_2D,BASELINE_CE,baseline,7101,100,2272,"[[2238, 0, 0, 0], [1, 32, 0, 0], [1, 0, 0, 0], [0, 0, 0, 0]]",0.9991197183098591,2238,2240,2238,2,0,0.9991071428571429,1.0,0.9995533720410897,33,32,32,0,1,1.0,0.9696969696969697,0.9846153846153847,1,0,0,0,1,,0.0,0.0,0,0,0,0,0,,,,0.6613895855521581,0.9846153846153847,0.9846153846153847
STFT_2D,BASELINE_CE,baseline,7101,103,2084,"[[2082, 0, 0, 0], [1, 1, 0, 0], [0, 0, 0, 0], [0, 0, 0, 0]]",0.9995201535508638,2082,2083,2082,1,0,0.99951992318771,1.0,0.9997599039615847,2,1,1,0,1,1.0,0.5,0.6666666666666666,0,0,0,0,0,,,,0,0,0,0,0,,,,0.8332132853141256,0.6666666666666666,0.6666666666666666
STFT_2D,BASELINE_CE,baseline,7101,105,2567,"[[2472, 0, 48, 6], [0, 0, 0, 0], [1, 0, 40, 0], [0, 0, 0, 0]]",0.9785742111414102,2526,2473,2472,1,54,0.9995956328346138,0.9786223277909739,0.988997799559912,0,0,0,0,0,,,,41,88,40,48,1,0.45454545454545453,0.975609756097561,0.6201550387596899,0,6,0,6,0,0.0,,,0.8045764191598009,,
STFT_2D,BASELINE_CE,baseline,7101,111,2124,"[[2118, 0, 5, 0], [0, 0, 0, 0], [0, 0, 1, 0], [0, 0, 0, 0]]",0.9976459510357816,2123,2118,2118,0,5,1.0,0.9976448422044277,0.9988210327752889,0,0,0,0,0,,,,1,6,1,5,0,0.16666666666666666,1.0,0.2857142857142857,0,0,0,0,0,,,,0.6422676592447873,,
STFT_2D,BASELINE_CE,baseline,7101,113,1794,"[[1788, 0, 0, 0], [0, 2, 4, 0], [0, 0, 0, 0], [0, 0, 0, 0]]",0.9977703455964325,1788,1788,1788,0,0,1.0,1.0,1.0,6,2,2,0,4,1.0,0.3333333333333333,0.5,0,4,0,4,0,0.0,,,0,0,0,0,0,,,,0.75,0.5,0.5
STFT_2D,BASELINE_CE,baseline,7101,117,1534,"[[1448, 0, 85, 0], [0, 0, 1, 0], [0, 0, 0, 0], [0, 0, 0, 0]]",0.9439374185136897,1533,1448,1448,0,85,1.0,0.9445531637312459,0.9714860784971486,1,0,0,0,1,,0.0,0.0,0,86,0,86,0,0.0,,,0,0,0,0,0,,,,0.4857430392485743,0.0,0.0
STFT_2D,BASELINE_CE,baseline,7101,121,1863,"[[1856, 1, 2, 2], [0, 0, 1, 0], [0, 0, 1, 0], [0, 0, 0, 0]]",0.9967793880837359,1861,1856,1856,0,5,1.0,0.9973132724341752,0.9986548291633037,1,1,0,1,1,0.0,0.0,0.0,1,4,1,3,0,0.25,1.0,0.4,0,2,0,2,0,0.0,,,0.46621827638776797,0.0,0.0
STFT_2D,BASELINE_CE,baseline,7101,123,1518,"[[1512, 3, 0, 0], [0, 0, 0, 0], [0, 0, 3, 0], [0, 0, 0, 0]]",0.9980237154150198,1515,1512,1512,0,3,1.0,0.998019801980198,0.9990089197224975,0,3,0,3,0,0.0,,,3,3,3,0,0,1.0,1.0,1.0,0,0,0,0,0,,,,0.9995044598612488,,
STFT_2D,BASELINE_CE,baseline,7101,200,2600,"[[1741, 0, 0, 1], [29, 1, 0, 0], [28, 8, 787, 3], [1, 0, 0, 1]]",0.9730769230769231,1742,1799,1741,58,1,0.9677598665925514,0.9994259471871412,0.9833380401016661,30,9,1,8,29,0.1111111111111111,0.03333333333333333,0.05128205128205128,826,787,787,0,39,1.0,0.9527845036319612,0.9758214507129572,2,5,1,4,1,0.2,0.5,0.2857142857142857,0.57403895695274,0.16849816849816848,0.05128205128205128
STFT_2D,BASELINE_CE,baseline,7101,202,2136,"[[2003, 0, 2, 56], [26, 6, 23, 0], [1, 0, 18, 0], [1, 0, 0, 0]]",0.9489700374531835,2061,2031,2003,28,58,0.9862136878385032,0.9718583212032994,0.9789833822091887,55,6,6,0,49,1.0,0.10909090909090909,0.19672131147540983,19,43,18,25,1,0.4186046511627907,0.9473684210526315,0.5806451612903226,1,56,0,56,1,0.0,0.0,0.0,0.4390874637437303,0.09836065573770492,0.0
STFT_2D,BASELINE_CE,baseline,7101,210,2648,"[[2398, 17, 1, 5], [12, 0, 10, 0], [19, 12, 162, 2], [8, 0, 1, 1]]",0.9671450151057401,2421,2437,2398,39,23,0.9839967172753386,0.9904997934737712,0.9872375463153561,22,29,0,29,22,0.0,0.0,0.0,195,174,162,12,33,0.9310344827586207,0.8307692307692308,0.8780487804878049,10,8,1,7,9,0.125,0.1,0.1111111111111111,0.49409935947856803,0.05555555555555555,0.0
STFT_2D,BASELINE_CE,baseline,7101,212,2747,"[[2717, 0, 28, 2], [0, 0, 0, 0], [0, 0, 0, 0], [0, 0, 0, 0]]",0.9890789952675646,2747,2717,2717,0,30,1.0,0.9890789952675646,0.9945095168374817,0,0,0,0,0,,,,0,28,0,28,0,0.0,,,0,2,0,2,0,0.0,,,0.9945095168374817,,
STFT_2D,BASELINE_CE,baseline,7101,213,3250,"[[2640, 0, 0, 0], [24, 0, 4, 0], [46, 0, 167, 7], [344, 0, 13, 5]]",0.8652307692307692,2640,3054,2640,414,0,0.8644400785854617,1.0,0.9272918861959958,28,0,0,0,28,,0.0,0.0,220,184,167,17,53,0.907608695652174,0.759090909090909,0.8267326732673267,362,12,5,7,357,0.4166666666666667,0.013812154696132596,0.026737967914438502,0.4451906318444403,0.013368983957219251,0.0
STFT_2D,BASELINE_CE,baseline,7101,214,2258,"[[1979, 0, 12, 10], [0, 0, 0, 0], [4, 0, 252, 0], [1, 0, 0, 0]]",0.9880425155004429,2001,1984,1979,5,22,0.9974798387096774,0.9890054972513743,0.9932245922208282,0,0,0,0,0,,,,256,264,252,12,4,0.9545454545454546,0.984375,0.9692307692307692,1,10,0,10,1,0.0,0.0,0.0,0.6541517871505325,0.0,0.0
STFT_2D,BASELINE_CE,baseline,7101,219,2154,"[[2076, 6, 0, 0], [7, 0, 0, 0], [7, 5, 52, 0], [1, 0, 0, 0]]",0.9879294336118849,2082,2091,2076,15,6,0.9928263988522238,0.9971181556195965,0.9949676491732566,7,11,0,11,7,0.0,0.0,0.0,64,52,52,0,12,1.0,0.8125,0.896551724137931,1,0,0,0,1,,0.0,0.0,0.4728798433277969,0.0,0.0
STFT_2D,BASELINE_CE,baseline,7101,221,2427,"[[2020, 11, 0, 0], [0, 0, 0, 0], [1, 0, 395, 0], [0, 0, 0, 0]]",0.9950556242274413,2031,2021,2020,1,11,0.9995051954477981,0.9945839487936977,0.9970384995064165,0,11,0,11,0,0.0,,,396,395,395,0,1,1.0,0.9974747474747475,0.9987357774968394,0,0,0,0,0,,,,0.9978871385016279,,
STFT_2D,BASELINE_CE,baseline,7101,222,2483,"[[1992, 176, 106, 0], [56, 144, 9, 0], [0, 0, 0, 0], [0, 0, 0, 0]]",0.860249697946033,2274,2048,1992,56,282,0.97265625,0.8759894459102903,0.9217954650624711,209,320,144,176,65,0.45,0.6889952153110048,0.5444234404536862,0,115,0,115,0,0.0,,,0,0,0,0,0,,,,0.7331094527580786,0.5444234404536862,0.5444234404536862
STFT_2D,BASELINE_CE,baseline,7101,228,2053,"[[1685, 0, 3, 0], [2, 1, 0, 0], [14, 0, 348, 0], [0, 0, 0, 0]]",0.990745250852411,1688,1701,1685,16,3,0.9905937683715461,0.9982227488151659,0.9943936264384774,3,1,1,0,2,1.0,0.3333333333333333,0.5,362,351,348,3,14,0.9914529914529915,0.9613259668508287,0.9761570827489481,0,0,0,0,0,,,,0.8235169030624752,0.5,0.5
STFT_2D,BASELINE_CE,baseline,7101,231,1571,"[[1565, 3, 0, 0], [1, 0, 0, 0], [0, 0, 2, 0], [0, 0, 0, 0]]",0.9974538510502864,1568,1566,1565,1,3,0.9993614303959132,0.9980867346938775,0.9987236758136566,1,3,0,3,1,0.0,0.0,0.0,2,2,2,0,0,1.0,1.0,1.0,0,0,0,0,0,,,,0.6662412252712189,0.0,0.0
STFT_2D,BASELINE_CE,baseline,7101,232,1780,"[[397, 1, 0, 0], [716, 642, 24, 0], [0, 0, 0, 0], [0, 0, 0, 0]]",0.5837078651685393,398,1113,397,716,1,0.35669362084456424,0.9974874371859297,0.5254798146922568,1382,643,642,1,740,0.9984447900466563,0.4645441389290883,0.6340740740740741,0,24,0,24,0,0.0,,,0,0,0,0,0,,,,0.5797769443831655,0.6340740740740741,0.6340740740740741
STFT_2D,BASELINE_CE,baseline,7101,233,3077,"[[1035, 0, 247, 947], [3, 0, 4, 0], [3, 6, 820, 1], [1, 0, 6, 4]]",0.6041598960025999,2229,1042,1035,7,1194,0.9932821497120922,0.46433378196500674,0.6328339957199633,7,6,0,6,7,0.0,0.0,0.0,830,1077,820,257,10,0.7613741875580315,0.9879518072289156,0.8599895123230205,11,952,4,948,7,0.004201680672268907,0.36363636363636365,0.008307372793354102,0.37528272020908443,0.004153686396677051,0.0
STFT_2D,BASELINE_CE,baseline,7101,234,2753,"[[2696, 0, 0, 4], [47, 2, 0, 1], [0, 0, 3, 0], [0, 0, 0, 0]]",0.9811115147112242,2700,2743,2696,47,4,0.982865475756471,0.9985185185185185,0.990630167187213,50,2,2,0,48,1.0,0.04,0.07692307692307693,3,3,3,0,0,1.0,1.0,1.0,0,5,0,5,0,0.0,,,0.68918441470343,0.07692307692307693,0.07692307692307693
STFT_2D,BASELINE_CE,baseline,7102,100,2272,"[[2238, 0, 0, 0], [0, 33, 0, 0], [1, 0, 0, 0], [0, 0, 0, 0]]",0.9995598591549296,2238,2239,2238,1,0,0.9995533720410897,1.0,0.9997766361402725,33,33,33,0,0,1.0,1.0,1.0,1,0,0,0,1,,0.0,0.0,0,0,0,0,0,,,,0.6665922120467574,1.0,1.0
STFT_2D,BASELINE_CE,baseline,7102,103,2084,"[[2082, 0, 0, 0], [2, 0, 0, 0], [0, 0, 0, 0], [0, 0, 0, 0]]",0.9990403071017274,2082,2084,2082,2,0,0.9990403071017274,1.0,0.99951992318771,2,0,0,0,2,,0.0,0.0,0,0,0,0,0,,,,0,0,0,0,0,,,,0.499759961593855,0.0,0.0
STFT_2D,BASELINE_CE,baseline,7102,105,2567,"[[2481, 0, 45, 0], [0, 0, 0, 0], [24, 0, 17, 0], [0, 0, 0, 0]]",0.9731203739774056,2526,2505,2481,24,45,0.9904191616766467,0.982185273159145,0.9862850327966607,0,0,0,0,0,,,,41,62,17,45,24,0.27419354838709675,0.4146341463414634,0.3300970873786408,0,0,0,0,0,,,,0.6581910600876507,,
STFT_2D,BASELINE_CE,baseline,7102,111,2124,"[[2105, 0, 18, 0], [0, 0, 0, 0], [0, 0, 1, 0], [0, 0, 0, 0]]",0.9915254237288136,2123,2105,2105,0,18,1.0,0.9915214319359397,0.9957426679280984,0,0,0,0,0,,,,1,19,1,18,0,0.05263157894736842,1.0,0.1,0,0,0,0,0,,,,0.5478713339640492,,
STFT_2D,BASELINE_CE,baseline,7102,113,1794,"[[1788, 0, 0, 0], [0, 2, 4, 0], [0, 0, 0, 0], [0, 0, 0, 0]]",0.9977703455964325,1788,1788,1788,0,0,1.0,1.0,1.0,6,2,2,0,4,1.0,0.3333333333333333,0.5,0,4,0,4,0,0.0,,,0,0,0,0,0,,,,0.75,0.5,0.5
STFT_2D,BASELINE_CE,baseline,7102,117,1534,"[[1287, 0, 246, 0], [0, 0, 1, 0], [0, 0, 0, 0], [0, 0, 0, 0]]",0.8389830508474576,1533,1287,1287,0,246,1.0,0.8395303326810176,0.9127659574468086,1,0,0,0,1,,0.0,0.0,0,247,0,247,0,0.0,,,0,0,0,0,0,,,,0.4563829787234043,0.0,0.0
STFT_2D,BASELINE_CE,baseline,7102,121,1863,"[[1858, 0, 3, 0], [1, 0, 0, 0], [0, 0, 1, 0], [0, 0, 0, 0]]",0.9978529253891573,1861,1859,1858,1,3,0.9994620763851533,0.9983879634605051,0.9989247311827957,1,0,0,0,1,,0.0,0.0,1,4,1,3,0,0.25,1.0,0.4,0,0,0,0,0,,,,0.46630824372759855,0.0,0.0
STFT_2D,BASELINE_CE,baseline,7102,123,1518,"[[1512, 3, 0, 0], [0, 0, 0, 0], [0, 0, 3, 0], [0, 0, 0, 0]]",0.9980237154150198,1515,1512,1512,0,3,1.0,0.998019801980198,0.9990089197224975,0,3,0,3,0,0.0,,,3,3,3,0,0,1.0,1.0,1.0,0,0,0,0,0,,,,0.9995044598612488,,
STFT_2D,BASELINE_CE,baseline,7102,200,2600,"[[1742, 0, 0, 0], [29, 1, 0, 0], [49, 1, 776, 0], [2, 0, 0, 0]]",0.9688461538461538,1742,1822,1742,80,0,0.9560922063666301,1.0,0.9775533108866442,30,2,1,1,29,0.5,0.03333333333333333,0.0625,826,776,776,0,50,1.0,0.9394673123486683,0.968789013732834,2,0,0,0,2,,0.0,0.0,0.5022105811548696,0.03125,0.0
STFT_2D,BASELINE_CE,baseline,7102,202,2136,"[[1927, 0, 2, 132], [47, 1, 7, 0], [1, 0, 18, 0], [1, 0, 0, 0]]",0.9110486891385767,2061,1976,1927,49,134,0.9752024291497976,0.9349830179524503,0.9546693088927422,55,1,1,0,54,1.0,0.01818181818181818,0.03571428571428571,19,27,18,9,1,0.6666666666666666,0.9473684210526315,0.782608695652174,1,132,0,132,1,0.0,0.0,0.0,0.4432480725648005,0.017857142857142856,0.0
STFT_2D,BASELINE_CE,baseline,7102,210,2648,"[[2349, 0, 1, 71], [15, 0, 7, 0], [29, 4, 161, 1], [9, 0, 1, 0]]",0.9478851963746223,2421,2402,2349,53,72,0.9779350541215653,0.9702602230483272,0.9740825212523325,22,4,0,4,22,0.0,0.0,0.0,195,170,161,9,34,0.9470588235294117,0.8256410256410256,0.8821917808219178,10,72,0,72,10,0.0,0.0,0.0,0.4640685755185626,0.0,0.0
STFT_2D,BASELINE_CE,baseline,7102,212,2747,"[[2741, 0, 6, 0], [0, 0, 0, 0], [0, 0, 0, 0], [0, 0, 0, 0]]",0.9978157990535129,2747,2741,2741,0,6,1.0,0.9978157990535129,0.9989067055393586,0,0,0,0,0,,,,0,6,0,6,0,0.0,,,0,0,0,0,0,,,,0.9989067055393586,,
STFT_2D,BASELINE_CE,baseline,7102,213,3250,"[[2640, 0, 0, 0], [26, 0, 2, 0], [46, 0, 171, 3], [352, 0, 6, 4]]",0.8661538461538462,2640,3064,2640,424,0,0.8616187989556136,1.0,0.9256661991584852,28,0,0,0,28,,0.0,0.0,220,179,171,8,49,0.9553072625698324,0.7772727272727272,0.8571428571428571,362,7,4,3,358,0.5714285714285714,0.011049723756906077,0.02168021680216802,0.45112231827587757,0.01084010840108401,0.0
STFT_2D,BASELINE_CE,baseline,7102,214,2258,"[[1995, 0, 4, 2], [0, 0, 0, 0], [45, 1, 210, 0], [1, 0, 0, 0]]",0.9765279007971657,2001,2041,1995,46,6,0.9774620284174425,0.9970014992503748,0.9871350816427511,0,1,0,1,0,0.0,,,256,214,210,4,46,0.9813084112149533,0.8203125,0.8936170212765957,1,2,0,2,1,0.0,0.0,0.0,0.6269173676397822,0.0,0.0
STFT_2D,BASELINE_CE,baseline,7102,219,2154,"[[2075, 6, 1, 0], [7, 0, 0, 0], [8, 5, 51, 0], [1, 0, 0, 0]]",0.9870009285051068,2082,2091,2075,16,7,0.9923481587757054,0.9966378482228626,0.9944883776659478,7,11,0,11,7,0.0,0.0,0.0,64,52,51,1,13,0.9807692307692307,0.796875,0.8793103448275862,1,0,0,0,1,,0.0,0.0,0.4684496806233835,0.0,0.0
STFT_2D,BASELINE_CE,baseline,7102,221,2427,"[[2028, 3, 0, 0], [0, 0, 0, 0], [2, 0, 393, 1], [0, 0, 0, 0]]",0.9975278121137207,2031,2030,2028,2,3,0.9990147783251232,0.9985228951255539,0.9987687761635066,0,3,0,3,0,0.0,,,396,393,393,0,3,1.0,0.9924242424242424,0.9961977186311787,0,1,0,1,0,0.0,,,0.9974832473973426,,
STFT_2D,BASELINE_CE,baseline,7102,222,2483,"[[2026, 151, 97, 0], [84, 124, 1, 0], [0, 0, 0, 0], [0, 0, 0, 0]]",0.8658880386629078,2274,2110,2026,84,248,0.9601895734597157,0.8909410729991205,0.9242700729927007,209,275,124,151,85,0.4509090909090909,0.5933014354066986,0.512396694214876,0,98,0,98,0,0.0,,,0,0,0,0,0,,,,0.7183333836037884,0.512396694214876,0.512396694214876
STFT_2D,BASELINE_CE,baseline,7102,228,2053,"[[1683, 0, 5, 0], [3, 0, 0, 0], [34, 0, 328, 0], [0, 0, 0, 0]]",0.9795421334632245,1688,1720,1683,37,5,0.9784883720930233,0.9970379146919431,0.9876760563380281,3,0,0,0,3,,0.0,0.0,362,333,328,5,34,0.984984984984985,0.9060773480662984,0.943884892086331,0,0,0,0,0,,,,0.6438536494747864,0.0,0.0
STFT_2D,BASELINE_CE,baseline,7102,231,1571,"[[1565, 2, 1, 0], [1, 0, 0, 0], [0, 0, 2, 0], [0, 0, 0, 0]]",0.9974538510502864,1568,1566,1565,1,3,0.9993614303959132,0.9980867346938775,0.9987236758136566,1,2,0,2,1,0.0,0.0,0.0,2,3,2,1,0,0.6666666666666666,1.0,0.8,0,0,0,0,0,,,,0.5995745586045522,0.0,0.0
STFT_2D,BASELINE_CE,baseline,7102,232,1780,"[[397, 1, 0, 0], [824, 466, 92, 0], [0, 0, 0, 0], [0, 0, 0, 0]]",0.4848314606741573,398,1221,397,824,1,0.32514332514332517,0.9974874371859297,0.490426189005559,1382,467,466,1,916,0.9978586723768736,0.33719247467438496,0.5040562466197945,0,92,0,92,0,0.0,,,0,0,0,0,0,,,,0.4972412178126768,0.5040562466197945,0.5040562466197945
STFT_2D,BASELINE_CE,baseline,7102,233,3077,"[[1054, 0, 107, 1068], [2, 0, 5, 0], [5, 22, 802, 1], [1, 0, 5, 5]]",0.6048098797530062,2229,1062,1054,8,1175,0.992467043314501,0.4728577837595334,0.6405347918565786,7,22,0,22,7,0.0,0.0,0.0,830,919,802,117,28,0.8726877040261154,0.9662650602409638,0.917095483133219,11,1074,5,1069,6,0.004655493482309125,0.45454545454545453,0.009216589861751152,0.3917117162128872,0.004608294930875576,0.0
STFT_2D,BASELINE_CE,baseline,7102,234,2753,"[[2700, 0, 0, 0], [37, 1, 0, 12], [0, 0, 3, 0], [0, 0, 0, 0]]",0.9822012350163458,2700,2737,2700,37,0,0.9864815491413957,1.0,0.9931947765311753,50,1,1,0,49,1.0,0.02,0.0392156862745098,3,3,3,0,0,1.0,1.0,1.0,0,12,0,12,0,0.0,,,0.6774701542685616,0.0392156862745098,0.0392156862745098
STFT_2D,BASELINE_CE,baseline,7103,100,2272,"[[2238, 0, 0, 0], [1, 32, 0, 0], [1, 0, 0, 0], [0, 0, 0, 0]]",0.9991197183098591,2238,2240,2238,2,0,0.9991071428571429,1.0,0.9995533720410897,33,32,32,0,1,1.0,0.9696969696969697,0.9846153846153847,1,0,0,0,1,,0.0,0.0,0,0,0,0,0,,,,0.6613895855521581,0.9846153846153847,0.9846153846153847
STFT_2D,BASELINE_CE,baseline,7103,103,2084,"[[2082, 0, 0, 0], [2, 0, 0, 0], [0, 0, 0, 0], [0, 0, 0, 0]]",0.9990403071017274,2082,2084,2082,2,0,0.9990403071017274,1.0,0.99951992318771,2,0,0,0,2,,0.0,0.0,0,0,0,0,0,,,,0,0,0,0,0,,,,0.499759961593855,0.0,0.0
STFT_2D,BASELINE_CE,baseline,7103,105,2567,"[[2470, 1, 48, 7], [0, 0, 0, 0], [11, 0, 30, 0], [0, 0, 0, 0]]",0.9738994935722634,2526,2481,2470,11,56,0.9955663039097138,0.9778305621536025,0.9866187337727182,0,1,0,1,0,0.0,,,41,78,30,48,11,0.38461538461538464,0.7317073170731707,0.5042016806722689,0,7,0,7,0,0.0,,,0.7454102072224935,,
STFT_2D,BASELINE_CE,baseline,7103,111,2124,"[[2121, 0, 2, 0], [0, 0, 0, 0], [0, 0, 1, 0], [0, 0, 0, 0]]",0.9990583804143126,2123,2121,2121,0,2,1.0,0.999057936881771,0.9995287464655985,0,0,0,0,0,,,,1,3,1,2,0,0.3333333333333333,1.0,0.5,0,0,0,0,0,,,,0.7497643732327992,,
STFT_2D,BASELINE_CE,baseline,7103,113,1794,"[[1788, 0, 0, 0], [0, 3, 3, 0], [0, 0, 0, 0], [0, 0, 0, 0]]",0.9983277591973244,1788,1788,1788,0,0,1.0,1.0,1.0,6,3,3,0,3,1.0,0.5,0.6666666666666666,0,3,0,3,0,0.0,,,0,0,0,0,0,,,,0.8333333333333333,0.6666666666666666,0.6666666666666666
STFT_2D,BASELINE_CE,baseline,7103,117,1534,"[[1438, 0, 95, 0], [1, 0, 0, 0], [0, 0, 0, 0], [0, 0, 0, 0]]",0.9374185136897001,1533,1439,1438,1,95,0.9993050729673384,0.9380300065231572,0.9676985195154778,1,0,0,0,1,,0.0,0.0,0,95,0,95,0,0.0,,,0,0,0,0,0,,,,0.4838492597577389,0.0,0.0
STFT_2D,BASELINE_CE,baseline,7103,121,1863,"[[1859, 0, 1, 1], [0, 0, 1, 0], [0, 0, 1, 0], [0, 0, 0, 0]]",0.998389694041868,1861,1859,1859,0,2,1.0,0.99892530897367,0.9994623655913979,1,0,0,0,1,,0.0,0.0,1,3,1,2,0,0.3333333333333333,1.0,0.5,0,1,0,1,0,0.0,,,0.49982078853046596,0.0,0.0
STFT_2D,BASELINE_CE,baseline,7103,123,1518,"[[1512, 3, 0, 0], [0, 0, 0, 0], [0, 0, 3, 0], [0, 0, 0, 0]]",0.9980237154150198,1515,1512,1512,0,3,1.0,0.998019801980198,0.9990089197224975,0,3,0,3,0,0.0,,,3,3,3,0,0,1.0,1.0,1.0,0,0,0,0,0,,,,0.9995044598612488,,
STFT_2D,BASELINE_CE,baseline,7103,200,2600,"[[1742, 0, 0, 0], [28, 2, 0, 0], [33, 5, 787, 1], [2, 0, 0, 0]]",0.9734615384615385,1742,1805,1742,63,0,0.9650969529085872,1.0,0.9822385114180998,30,7,2,5,28,0.2857142857142857,0.06666666666666667,0.10810810810810811,826,787,787,0,39,1.0,0.9527845036319612,0.9758214507129572,2,1,0,1,2,0.0,0.0,0.0,0.5165420175597912,0.05405405405405406,0.0
STFT_2D,BASELINE_CE,baseline,7103,202,2136,"[[2023, 0, 5, 33], [42, 0, 13, 0], [2, 0, 17, 0], [0, 0, 1, 0]]",0.9550561797752809,2061,2067,2023,44,38,0.9787131107885825,0.9815623483745755,0.9801356589147286,55,0,0,0,55,,0.0,0.0,19,36,17,19,2,0.4722222222222222,0.8947368421052632,0.6181818181818182,1,33,0,33,1,0.0,0.0,0.0,0.39957936927413673,0.0,0.0
STFT_2D,BASELINE_CE,baseline,7103,210,2648,"[[2397, 1, 0, 23], [16, 0, 6, 0], [26, 0, 169, 0], [10, 0, 0, 0]]",0.9690332326283988,2421,2449,2397,52,24,0.9787668436096366,0.990086741016109,0.9843942505133471,22,1,0,1,22,0.0,0.0,0.0,195,175,169,6,26,0.9657142857142857,0.8666666666666667,0.9135135135135135,10,23,0,23,10,0.0,0.0,0.0,0.4744769410067151,0.0,0.0
STFT_2D,BASELINE_CE,baseline,7103,212,2747,"[[2745, 0, 2, 0], [0, 0, 0, 0], [0, 0, 0, 0], [0, 0, 0, 0]]",0.9992719330178377,2747,2745,2745,0,2,1.0,0.9992719330178377,0.9996358339402768,0,0,0,0,0,,,,0,2,0,2,0,0.0,,,0,0,0,0,0,,,,0.9996358339402768,,
STFT_2D,BASELINE_CE,baseline,7103,213,3250,"[[2640, 0, 0, 0], [27, 0, 1, 0], [35, 1, 181, 3], [344, 0, 15, 3]]",0.8689230769230769,2640,3046,2640,406,0,0.8667104399212081,1.0,0.9285965529370384,28,1,0,1,28,0.0,0.0,0.0,220,197,181,16,39,0.9187817258883249,0.8227272727272728,0.86810551558753,362,6,3,3,359,0.5,0.008287292817679558,0.016304347826086956,0.45325160408766385,0.008152173913043478,0.0
STFT_2D,BASELINE_CE,baseline,7103,214,2258,"[[1996, 0, 5, 0], [0, 0, 0, 0], [65, 1, 190, 0], [1, 0, 0, 0]]",0.9681133746678476,2001,2062,1996,66,5,0.967992240543162,0.9975012493753124,0.9825252276642875,0,1,0,1,0,0.0,,,256,195,190,5,66,0.9743589743589743,0.7421875,0.8425720620842572,1,0,0,0,1,,0.0,0.0,0.6083657632495149,0.0,0.0
STFT_2D,BASELINE_CE,baseline,7103,219,2154,"[[2072, 10, 0, 0], [7, 0, 0, 0], [7, 5, 52, 0], [1, 0, 0, 0]]",0.9860724233983287,2082,2087,2072,15,10,0.9928126497364638,0.9951969260326609,0.9940033581194531,7,15,0,15,7,0.0,0.0,0.0,64,52,52,0,12,1.0,0.8125,0.896551724137931,1,0,0,0,1,,0.0,0.0,0.472638770564346,0.0,0.0
STFT_2D,BASELINE_CE,baseline,7103,221,2427,"[[2016, 15, 0, 0], [0, 0, 0, 0], [1, 0, 394, 1], [0, 0, 0, 0]]",0.9929954676555418,2031,2017,2016,1,15,0.9995042141794744,0.9926144756277696,0.9960474308300395,0,15,0,15,0,0.0,,,396,394,394,0,2,1.0,0.9949494949494949,0.9974683544303797,0,1,0,1,0,0.0,,,0.9967578926302096,,
STFT_2D,BASELINE_CE,baseline,7103,222,2483,"[[2070, 149, 55, 0], [72, 117, 20, 0], [0, 0, 0, 0], [0, 0, 0, 0]]",0.8807893677003624,2274,2142,2070,72,204,0.9663865546218487,0.9102902374670184,0.9375,209,266,117,149,92,0.4398496240601504,0.5598086124401914,0.4926315789473684,0,75,0,75,0,0.0,,,0,0,0,0,0,,,,0.7150657894736843,0.4926315789473684,0.4926315789473684
STFT_2D,BASELINE_CE,baseline,7103,228,2053,"[[1687, 0, 1, 0], [2, 1, 0, 0], [3, 0, 359, 0], [0, 0, 0, 0]]",0.9970774476376035,1688,1692,1687,5,1,0.9970449172576832,0.9994075829383886,0.9982248520710059,3,1,1,0,2,1.0,0.3333333333333333,0.5,362,360,359,1,3,0.9972222222222222,0.9917127071823204,0.9944598337950139,0,0,0,0,0,,,,0.8308948952886732,0.5,0.5
STFT_2D,BASELINE_CE,baseline,7103,231,1571,"[[1568, 0, 0, 0], [1, 0, 0, 0], [0, 0, 2, 0], [0, 0, 0, 0]]",0.9993634627625716,1568,1569,1568,1,0,0.9993626513702996,1.0,0.999681224099458,1,0,0,0,1,,0.0,0.0,2,2,2,0,0,1.0,1.0,1.0,0,0,0,0,0,,,,0.6665604080331526,0.0,0.0
STFT_2D,BASELINE_CE,baseline,7103,232,1780,"[[398, 0, 0, 0], [1266, 90, 26, 0], [0, 0, 0, 0], [0, 0, 0, 0]]",0.27415730337078653,398,1664,398,1266,0,0.23918269230769232,1.0,0.3860329776915616,1382,90,90,0,1292,1.0,0.06512301013024602,0.12228260869565218,0,26,0,26,0,0.0,,,0,0,0,0,0,,,,0.2541577931936069,0.12228260869565218,0.12228260869565218
STFT_2D,BASELINE_CE,baseline,7103,233,3077,"[[1025, 0, 4, 1200], [5, 0, 1, 1], [4, 1, 824, 1], [1, 0, 6, 4]]",0.6022099447513812,2229,1035,1025,10,1204,0.9903381642512077,0.4598474652310453,0.6280637254901961,7,1,0,1,7,0.0,0.0,0.0,830,835,824,11,6,0.9868263473053892,0.9927710843373494,0.9897897897897898,11,1206,4,1202,7,0.003316749585406302,0.36363636363636365,0.00657354149548069,0.40610676419386665,0.003286770747740345,0.0
STFT_2D,BASELINE_CE,baseline,7103,234,2753,"[[2700, 0, 0, 0], [42, 8, 0, 0], [0, 0, 3, 0], [0, 0, 0, 0]]",0.9847439157282964,2700,2742,2700,42,0,0.9846827133479212,1.0,0.9922822491730982,50,8,8,0,42,1.0,0.16,0.27586206896551724,3,3,3,0,0,1.0,1.0,1.0,0,0,0,0,0,,,,0.7560481060462051,0.27586206896551724,0.27586206896551724
STFT_2D,BASELINE_CE,baseline,7104,100,2272,"[[2238, 0, 0, 0], [0, 33, 0, 0], [1, 0, 0, 0], [0, 0, 0, 0]]",0.9995598591549296,2238,2239,2238,1,0,0.9995533720410897,1.0,0.9997766361402725,33,33,33,0,0,1.0,1.0,1.0,1,0,0,0,1,,0.0,0.0,0,0,0,0,0,,,,0.6665922120467574,1.0,1.0
STFT_2D,BASELINE_CE,baseline,7104,103,2084,"[[2082, 0, 0, 0], [1, 1, 0, 0], [0, 0, 0, 0], [0, 0, 0, 0]]",0.9995201535508638,2082,2083,2082,1,0,0.99951992318771,1.0,0.9997599039615847,2,1,1,0,1,1.0,0.5,0.6666666666666666,0,0,0,0,0,,,,0,0,0,0,0,,,,0.8332132853141256,0.6666666666666666,0.6666666666666666
STFT_2D,BASELINE_CE,baseline,7104,105,2567,"[[2470, 0, 44, 12], [0, 0, 0, 0], [2, 1, 38, 0], [0, 0, 0, 0]]",0.9770159719516945,2526,2472,2470,2,56,0.9991909385113269,0.9778305621536025,0.9883953581432573,0,1,0,1,0,0.0,,,41,82,38,44,3,0.4634146341463415,0.926829268292683,0.6178861788617886,0,12,0,12,0,0.0,,,0.8031407685025229,,
STFT_2D,BASELINE_CE,baseline,7104,111,2124,"[[2123, 0, 0, 0], [0, 0, 0, 0], [0, 0, 1, 0], [0, 0, 0, 0]]",1.0,2123,2123,2123,0,0,1.0,1.0,1.0,0,0,0,0,0,,,,1,1,1,0,0,1.0,1.0,1.0,0,0,0,0,0,,,,1.0,,
STFT_2D,BASELINE_CE,baseline,7104,113,1794,"[[1780, 8, 0, 0], [0, 2, 4, 0], [0, 0, 0, 0], [0, 0, 0, 0]]",0.9933110367892977,1788,1780,1780,0,8,1.0,0.9955257270693513,0.9977578475336323,6,10,2,8,4,0.2,0.3333333333333333,0.25,0,4,0,4,0,0.0,,,0,0,0,0,0,,,,0.6238789237668161,0.25,0.25
STFT_2D,BASELINE_CE,baseline,7104,117,1534,"[[1501, 0, 32, 0], [1, 0, 0, 0], [0, 0, 0, 0], [0, 0, 0, 0]]",0.9784876140808344,1533,1502,1501,1,32,0.9993342210386151,0.9791258969341161,0.9891268533772652,1,0,0,0,1,,0.0,0.0,0,32,0,32,0,0.0,,,0,0,0,0,0,,,,0.4945634266886326,0.0,0.0
STFT_2D,BASELINE_CE,baseline,7104,121,1863,"[[1858, 0, 2, 1], [0, 1, 0, 0], [0, 0, 1, 0], [0, 0, 0, 0]]",0.998389694041868,1861,1858,1858,0,3,1.0,0.9983879634605051,0.9991933315407368,1,1,1,0,0,1.0,1.0,1.0,1,3,1,2,0,0.3333333333333333,1.0,0.5,0,1,0,1,0,0.0,,,0.8330644438469123,1.0,1.0
STFT_2D,BASELINE_CE,baseline,7104,123,1518,"[[1512, 3, 0, 0], [0, 0, 0, 0], [0, 0, 3, 0], [0, 0, 0, 0]]",0.9980237154150198,1515,1512,1512,0,3,1.0,0.998019801980198,0.9990089197224975,0,3,0,3,0,0.0,,,3,3,3,0,0,1.0,1.0,1.0,0,0,0,0,0,,,,0.9995044598612488,,
STFT_2D,BASELINE_CE,baseline,7104,200,2600,"[[1741, 0, 0, 1], [29, 1, 0, 0], [44, 27, 753, 2], [2, 0, 0, 0]]",0.9596153846153846,1742,1816,1741,75,1,0.9587004405286343,0.9994259471871412,0.9786396852164138,30,28,1,27,29,0.03571428571428571,0.03333333333333333,0.034482758620689655,826,753,753,0,73,1.0,0.9116222760290557,0.9537682077264091,2,3,0,3,2,0.0,0.0,0.0,0.4917226628908781,0.017241379310344827,0.0
STFT_2D,BASELINE_CE,baseline,7104,202,2136,"[[1887, 1, 6, 167], [42, 2, 11, 0], [2, 0, 17, 0], [0, 0, 1, 0]]",0.8923220973782772,2061,1931,1887,44,174,0.9772138788192646,0.9155749636098981,0.9453907815631263,55,3,2,1,53,0.6666666666666666,0.03636363636363636,0.06896551724137931,19,35,17,18,2,0.4857142857142857,0.8947368421052632,0.6296296296296297,1,167,0,167,1,0.0,0.0,0.0,0.4109964821085338,0.034482758620689655,0.0
STFT_2D,BASELINE_CE,baseline,7104,210,2648,"[[1781, 0, 5, 635], [19, 1, 2, 0], [35, 5, 154, 1], [10, 0, 0, 0]]",0.7311178247734139,2421,1845,1781,64,640,0.9653116531165311,0.7356464270962412,0.8349742147210502,22,6,1,5,21,0.16666666666666666,0.045454545454545456,0.07142857142857142,195,161,154,7,41,0.9565217391304348,0.7897435897435897,0.8651685393258427,10,636,0,636,10,0.0,0.0,0.0,0.44289283136886604,0.03571428571428571,0.0
STFT_2D,BASELINE_CE,baseline,7104,212,2747,"[[2746, 0, 1, 0], [0, 0, 0, 0], [0, 0, 0, 0], [0, 0, 0, 0]]",0.9996359665089188,2747,2746,2746,0,1,1.0,0.9996359665089188,0.9998179501183324,0,0,0,0,0,,,,0,1,0,1,0,0.0,,,0,0,0,0,0,,,,0.9998179501183324,,
STFT_2D,BASELINE_CE,baseline,7104,213,3250,"[[2640, 0, 0, 0], [28, 0, 0, 0], [86, 0, 134, 0], [351, 0, 8, 3]]",0.8544615384615385,2640,3105,2640,465,0,0.8502415458937198,1.0,0.9190600522193212,28,0,0,0,28,,0.0,0.0,220,142,134,8,86,0.9436619718309859,0.6090909090909091,0.7403314917127072,362,3,3,0,359,1.0,0.008287292817679558,0.01643835616438356,0.41895747502410297,0.00821917808219178,0.0
STFT_2D,BASELINE_CE,baseline,7104,214,2258,"[[1982, 0, 10, 9], [0, 0, 0, 0], [79, 2, 175, 0], [0, 1, 0, 0]]",0.9552701505757307,2001,2061,1982,79,19,0.9616690926734595,0.9905047476261869,0.9758739537173806,0,3,0,3,0,0.0,,,256,185,175,10,81,0.9459459459459459,0.68359375,0.7936507936507936,1,9,0,9,1,0.0,0.0,0.0,0.589841582456058,0.0,0.0
STFT_2D,BASELINE_CE,baseline,7104,219,2154,"[[2049, 33, 0, 0], [6, 1, 0, 0], [5, 7, 52, 0], [1, 0, 0, 0]]",0.9758588672237697,2082,2061,2049,12,33,0.9941775836972343,0.984149855907781,0.9891383055756698,7,41,1,40,6,0.024390243902439025,0.14285714285714285,0.041666666666666664,64,52,52,0,12,1.0,0.8125,0.896551724137931,1,0,0,0,1,,0.0,0.0,0.4818391740950669,0.020833333333333332,0.0
STFT_2D,BASELINE_CE,baseline,7104,221,2427,"[[1997, 34, 0, 0], [0, 0, 0, 0], [0, 1, 394, 1], [0, 0, 0, 0]]",0.9851668726823238,2031,1997,1997,0,34,1.0,0.983259478089611,0.9915590863952334,0,35,0,35,0,0.0,,,396,394,394,0,2,1.0,0.9949494949494949,0.9974683544303797,0,1,0,1,0,0.0,,,0.9945137204128065,,
STFT_2D,BASELINE_CE,baseline,7104,222,2483,"[[1892, 351, 31, 0], [36, 173, 0, 0], [0, 0, 0, 0], [0, 0, 0, 0]]",0.8316552557390253,2274,1928,1892,36,382,0.9813278008298755,0.832014072119613,0.900523560209424,209,524,173,351,36,0.3301526717557252,0.8277511961722488,0.47203274215552526,0,31,0,31,0,0.0,,,0,0,0,0,0,,,,0.6862781511824747,0.47203274215552526,0.47203274215552526
STFT_2D,BASELINE_CE,baseline,7104,228,2053,"[[1687, 0, 1, 0], [2, 1, 0, 0], [10, 2, 350, 0], [0, 0, 0, 0]]",0.9926936190940088,1688,1699,1687,12,1,0.9929370217775162,0.9994075829383886,0.9961617950989076,3,3,1,2,2,0.3333333333333333,0.3333333333333333,0.3333333333333333,362,351,350,1,12,0.9971509971509972,0.9668508287292817,0.9817671809256662,0,0,0,0,0,,,,0.770420769785969,0.3333333333333333,0.3333333333333333
STFT_2D,BASELINE_CE,baseline,7104,231,1571,"[[1557, 11, 0, 0], [1, 0, 0, 0], [0, 0, 2, 0], [0, 0, 0, 0]]",0.9923615531508593,1568,1558,1557,1,11,0.9993581514762516,0.9929846938775511,0.9961612284069098,1,11,0,11,1,0.0,0.0,0.0,2,2,2,0,0,1.0,1.0,1.0,0,0,0,0,0,,,,0.6653870761356365,0.0,0.0
STFT_2D,BASELINE_CE,baseline,7104,232,1780,"[[397, 1, 0, 0], [804, 576, 2, 0], [0, 0, 0, 0], [0, 0, 0, 0]]",0.5466292134831461,398,1201,397,804,1,0.3305578684429642,0.9974874371859297,0.4965603502188868,1382,577,576,1,806,0.9982668977469671,0.41678726483357453,0.5880551301684533,0,2,0,2,0,0.0,,,0,0,0,0,0,,,,0.54230774019367,0.5880551301684533,0.5880551301684533
STFT_2D,BASELINE_CE,baseline,7104,233,3077,"[[676, 0, 42, 1511], [1, 0, 5, 1], [4, 13, 812, 1], [2, 0, 5, 4]]",0.4848878778030549,2229,683,676,7,1553,0.9897510980966325,0.3032750112157918,0.4642857142857143,7,13,0,13,7,0.0,0.0,0.0,830,864,812,52,18,0.9398148148148148,0.9783132530120482,0.9586776859504132,11,1517,4,1513,7,0.0026367831245880024,0.36363636363636365,0.005235602094240838,0.3570497505825921,0.002617801047120419,0.0
STFT_2D,BASELINE_CE,baseline,7104,234,2753,"[[2700, 0, 0, 0], [43, 7, 0, 0], [0, 0, 3, 0], [0, 0, 0, 0]]",0.9843806756265892,2700,2743,2700,43,0,0.984323733138899,1.0,0.9920999448833364,50,7,7,0,43,1.0,0.14,0.24561403508771928,3,3,3,0,0,1.0,1.0,1.0,0,0,0,0,0,,,,0.7459046599903519,0.24561403508771928,0.24561403508771928
STFT_2D,BASELINE_CE,baseline,7105,100,2272,"[[2238, 0, 0, 0], [3, 29, 1, 0], [1, 0, 0, 0], [0, 0, 0, 0]]",0.9977992957746479,2238,2242,2238,4,0,0.9982158786797503,1.0,0.9991071428571429,33,29,29,0,4,1.0,0.8787878787878788,0.9354838709677419,1,1,0,1,1,0.0,0.0,0.0,0,0,0,0,0,,,,0.6448636712749616,0.9354838709677419,0.9354838709677419
STFT_2D,BASELINE_CE,baseline,7105,103,2084,"[[2082, 0, 0, 0], [2, 0, 0, 0], [0, 0, 0, 0], [0, 0, 0, 0]]",0.9990403071017274,2082,2084,2082,2,0,0.9990403071017274,1.0,0.99951992318771,2,0,0,0,2,,0.0,0.0,0,0,0,0,0,,,,0,0,0,0,0,,,,0.499759961593855,0.0,0.0
STFT_2D,BASELINE_CE,baseline,7105,105,2567,"[[2456, 0, 66, 4], [0, 0, 0, 0], [1, 0, 40, 0], [0, 0, 0, 0]]",0.9723412543825477,2526,2457,2456,1,70,0.9995929995929996,0.9722882026920031,0.9857515552879791,0,0,0,0,0,,,,41,106,40,66,1,0.37735849056603776,0.975609756097561,0.54421768707483,0,4,0,4,0,0.0,,,0.7649846211814045,,
STFT_2D,BASELINE_CE,baseline,7105,111,2124,"[[2120, 0, 3, 0], [0, 0, 0, 0], [0, 0, 1, 0], [0, 0, 0, 0]]",0.998587570621469,2123,2120,2120,0,3,1.0,0.9985869053226566,0.9992929530992223,0,0,0,0,0,,,,1,4,1,3,0,0.25,1.0,0.4,0,0,0,0,0,,,,0.6996464765496111,,
STFT_2D,BASELINE_CE,baseline,7105,113,1794,"[[1788, 0, 0, 0], [0, 2, 4, 0], [0, 0, 0, 0], [0, 0, 0, 0]]",0.9977703455964325,1788,1788,1788,0,0,1.0,1.0,1.0,6,2,2,0,4,1.0,0.3333333333333333,0.5,0,4,0,4,0,0.0,,,0,0,0,0,0,,,,0.75,0.5,0.5
STFT_2D,BASELINE_CE,baseline,7105,117,1534,"[[1475, 0, 58, 0], [0, 0, 1, 0], [0, 0, 0, 0], [0, 0, 0, 0]]",0.9615384615384616,1533,1475,1475,0,58,1.0,0.9621656881930855,0.980718085106383,1,0,0,0,1,,0.0,0.0,0,59,0,59,0,0.0,,,0,0,0,0,0,,,,0.4903590425531915,0.0,0.0
STFT_2D,BASELINE_CE,baseline,7105,121,1863,"[[1851, 0, 10, 0], [1, 0, 0, 0], [0, 0, 1, 0], [0, 0, 0, 0]]",0.9940955448201825,1861,1852,1851,1,10,0.9994600431965442,0.9946265448683503,0.9970374360355507,1,0,0,0,1,,0.0,0.0,1,11,1,10,0,0.09090909090909091,1.0,0.16666666666666666,0,0,0,0,0,,,,0.38790136756740584,0.0,0.0
STFT_2D,BASELINE_CE,baseline,7105,123,1518,"[[1513, 2, 0, 0], [0, 0, 0, 0], [0, 0, 3, 0], [0, 0, 0, 0]]",0.9986824769433466,1515,1513,1513,0,2,1.0,0.9986798679867986,0.9993394980184941,0,2,0,2,0,0.0,,,3,3,3,0,0,1.0,1.0,1.0,0,0,0,0,0,,,,0.999669749009247,,
STFT_2D,BASELINE_CE,baseline,7105,200,2600,"[[1740, 1, 0, 1], [27, 3, 0, 0], [49, 5, 772, 0], [1, 0, 0, 1]]",0.9676923076923077,1742,1817,1740,77,2,0.9576224545954871,0.9988518943742825,0.9778027535824669,30,9,3,6,27,0.3333333333333333,0.1,0.15384615384615385,826,772,772,0,54,1.0,0.9346246973365617,0.9662077596996246,2,2,1,1,1,0.5,0.5,0.5,0.6494641667820613,0.3269230769230769,0.15384615384615385
STFT_2D,BASELINE_CE,baseline,7105,202,2136,"[[1981, 1, 8, 71], [36, 0, 19, 0], [2, 0, 17, 0], [1, 0, 0, 0]]",0.9353932584269663,2061,2020,1981,39,80,0.9806930693069307,0.9611838913148957,0.9708404802744426,55,1,0,1,55,0.0,0.0,0.0,19,44,17,27,2,0.38636363636363635,0.8947368421052632,0.5396825396825397,1,71,0,71,1,0.0,0.0,0.0,0.3776307549892456,0.0,0.0
STFT_2D,BASELINE_CE,baseline,7105,210,2648,"[[2394, 1, 6, 20], [15, 0, 7, 0], [28, 9, 158, 0], [8, 0, 1, 1]]",0.9641238670694864,2421,2445,2394,51,27,0.9791411042944785,0.9888475836431226,0.9839704069050554,22,10,0,10,22,0.0,0.0,0.0,195,172,158,14,37,0.9186046511627907,0.8102564102564103,0.8610354223433242,10,21,1,20,9,0.047619047619047616,0.1,0.06451612903225806,0.47738048957015944,0.03225806451612903,0.0
STFT_2D,BASELINE_CE,baseline,7105,212,2747,"[[2736, 0, 11, 0], [0, 0, 0, 0], [0, 0, 0, 0], [0, 0, 0, 0]]",0.995995631598107,2747,2736,2736,0,11,1.0,0.995995631598107,0.9979937990151377,0,0,0,0,0,,,,0,11,0,11,0,0.0,,,0,0,0,0,0,,,,0.9979937990151377,,
STFT_2D,BASELINE_CE,baseline,7105,213,3250,"[[2640, 0, 0, 0], [26, 0, 2, 0], [21, 11, 185, 3], [332, 0, 26, 4]]",0.8704615384615385,2640,3019,2640,379,0,0.8744617422987744,1.0,0.9330270365789008,28,11,0,11,28,0.0,0.0,0.0,220,213,185,28,35,0.8685446009389671,0.8409090909090909,0.8545034642032333,362,7,4,3,358,0.5714285714285714,0.011049723756906077,0.02168021680216802,0.45230267939607555,0.01084010840108401,0.0
STFT_2D,BASELINE_CE,baseline,7105,214,2258,"[[1995, 0, 5, 1], [0, 0, 0, 0], [40, 1, 215, 0], [0, 0, 1, 0]]",0.978742249778565,2001,2035,1995,40,6,0.9803439803439803,0.9970014992503748,0.9886025768087215,0,1,0,1,0,0.0,,,256,221,215,6,41,0.9728506787330317,0.83984375,0.9014675052410901,1,1,0,1,1,0.0,0.0,0.0,0.6300233606832705,0.0,0.0
STFT_2D,BASELINE_CE,baseline,7105,219,2154,"[[2077, 5, 0, 0], [7, 0, 0, 0], [7, 4, 53, 0], [1, 0, 0, 0]]",0.9888579387186629,2082,2092,2077,15,5,0.9928298279158699,0.9975984630163305,0.9952084331576425,7,9,0,9,7,0.0,0.0,0.0,64,53,53,0,11,1.0,0.828125,0.905982905982906,1,0,0,0,1,,0.0,0.0,0.4752978347851371,0.0,0.0
STFT_2D,BASELINE_CE,baseline,7105,221,2427,"[[2022, 9, 0, 0], [0, 0, 0, 0], [1, 0, 395, 0], [0, 0, 0, 0]]",0.9958796868562011,2031,2023,2022,1,9,0.9995056846267919,0.9955686853766618,0.9975333004440059,0,9,0,9,0,0.0,,,396,395,395,0,1,1.0,0.9974747474747475,0.9987357774968394,0,0,0,0,0,,,,0.9981345389704226,,
STFT_2D,BASELINE_CE,baseline,7105,222,2483,"[[1942, 269, 63, 0], [37, 163, 9, 0], [0, 0, 0, 0], [0, 0, 0, 0]]",0.8477648006443818,2274,1979,1942,37,332,0.9813036887316827,0.8540017590149517,0.9132377145544321,209,432,163,269,46,0.3773148148148148,0.7799043062200957,0.5085803432137286,0,72,0,72,0,0.0,,,0,0,0,0,0,,,,0.7109090288840804,0.5085803432137286,0.5085803432137286
STFT_2D,BASELINE_CE,baseline,7105,228,2053,"[[1685, 0, 3, 0], [2, 1, 0, 0], [19, 0, 343, 0], [0, 0, 0, 0]]",0.988309790550414,1688,1706,1685,21,3,0.9876905041031653,0.9982227488151659,0.9929286977018268,3,1,1,0,2,1.0,0.3333333333333333,0.5,362,346,343,3,19,0.9913294797687862,0.9475138121546961,0.9689265536723164,0,0,0,0,0,,,,0.8206184171247144,0.5,0.5
STFT_2D,BASELINE_CE,baseline,7105,231,1571,"[[1568, 0, 0, 0], [1, 0, 0, 0], [0, 0, 2, 0], [0, 0, 0, 0]]",0.9993634627625716,1568,1569,1568,1,0,0.9993626513702996,1.0,0.999681224099458,1,0,0,0,1,,0.0,0.0,2,2,2,0,0,1.0,1.0,1.0,0,0,0,0,0,,,,0.6665604080331526,0.0,0.0
STFT_2D,BASELINE_CE,baseline,7105,232,1780,"[[397, 1, 0, 0], [1216, 140, 26, 0], [0, 0, 0, 0], [0, 0, 0, 0]]",0.30168539325842697,398,1613,397,1216,1,0.24612523248605084,0.9974874371859297,0.3948284435604177,1382,141,140,1,1242,0.9929078014184397,0.10130246020260492,0.18384766907419567,0,26,0,26,0,0.0,,,0,0,0,0,0,,,,0.2893380563173067,0.18384766907419567,0.18384766907419567
STFT_2D,BASELINE_CE,baseline,7105,233,3077,"[[1171, 0, 439, 619], [1, 0, 6, 0], [8, 3, 818, 1], [2, 0, 5, 4]]",0.647708807279818,2229,1182,1171,11,1058,0.9906937394247038,0.525347689546882,0.6866021694517737,7,3,0,3,7,0.0,0.0,0.0,830,1268,818,450,12,0.6451104100946372,0.9855421686746988,0.7797902764537655,11,624,4,620,7,0.00641025641025641,0.36363636363636365,0.012598425196850394,0.36974771777559734,0.006299212598425197,0.0
STFT_2D,BASELINE_CE,baseline,7105,234,2753,"[[2700, 0, 0, 0], [35, 12, 0, 3], [0, 0, 3, 0], [0, 0, 0, 0]]",0.9861968761351253,2700,2735,2700,35,0,0.9872029250457038,1.0,0.9935602575896965,50,12,12,0,38,1.0,0.24,0.3870967741935484,3,3,3,0,0,1.0,1.0,1.0,0,3,0,3,0,0.0,,,0.7935523439277482,0.3870967741935484,0.3870967741935484
STFT_2D,BASELINE_CE,baseline,7106,100,2272,"[[2238, 0, 0, 0], [0, 33, 0, 0], [0, 0, 1, 0], [0, 0, 0, 0]]",1.0,2238,2238,2238,0,0,1.0,1.0,1.0,33,33,33,0,0,1.0,1.0,1.0,1,1,1,0,0,1.0,1.0,1.0,0,0,0,0,0,,,,1.0,1.0,1.0
STFT_2D,BASELINE_CE,baseline,7106,103,2084,"[[2082, 0, 0, 0], [1, 1, 0, 0], [0, 0, 0, 0], [0, 0, 0, 0]]",0.9995201535508638,2082,2083,2082,1,0,0.99951992318771,1.0,0.9997599039615847,2,1,1,0,1,1.0,0.5,0.6666666666666666,0,0,0,0,0,,,,0,0,0,0,0,,,,0.8332132853141256,0.6666666666666666,0.6666666666666666
STFT_2D,BASELINE_CE,baseline,7106,105,2567,"[[2446, 1, 77, 2], [0, 0, 0, 0], [1, 0, 40, 0], [0, 0, 0, 0]]",0.9684456564082586,2526,2447,2446,1,80,0.9995913363302003,0.9683293745051464,0.9837120450432335,0,1,0,1,0,0.0,,,41,117,40,77,1,0.3418803418803419,0.975609756097561,0.5063291139240507,0,2,0,2,0,0.0,,,0.7450205794836421,,
STFT_2D,BASELINE_CE,baseline,7106,111,2124,"[[2093, 0, 30, 0], [0, 0, 0, 0], [0, 0, 1, 0], [0, 0, 0, 0]]",0.9858757062146892,2123,2093,2093,0,30,1.0,0.9858690532265661,0.9928842504743833,0,0,0,0,0,,,,1,31,1,30,0,0.03225806451612903,1.0,0.0625,0,0,0,0,0,,,,0.5276921252371917,,
STFT_2D,BASELINE_CE,baseline,7106,113,1794,"[[1783, 5, 0, 0], [0, 4, 2, 0], [0, 0, 0, 0], [0, 0, 0, 0]]",0.9960981047937569,1788,1783,1783,0,5,1.0,0.9972035794183445,0.9985998319798376,6,9,4,5,2,0.4444444444444444,0.6666666666666666,0.5333333333333333,0,2,0,2,0,0.0,,,0,0,0,0,0,,,,0.7659665826565855,0.5333333333333333,0.5333333333333333
STFT_2D,BASELINE_CE,baseline,7106,117,1534,"[[570, 0, 963, 0], [0, 0, 1, 0], [0, 0, 0, 0], [0, 0, 0, 0]]",0.37157757496740546,1533,570,570,0,963,1.0,0.37181996086105673,0.5420827389443652,1,0,0,0,1,,0.0,0.0,0,964,0,964,0,0.0,,,0,0,0,0,0,,,,0.2710413694721826,0.0,0.0
STFT_2D,BASELINE_CE,baseline,7106,121,1863,"[[1856, 0, 3, 2], [1, 0, 0, 0], [0, 0, 1, 0], [0, 0, 0, 0]]",0.9967793880837359,1861,1857,1856,1,5,0.9994614970382337,0.9973132724341752,0.9983862291554599,1,0,0,0,1,,0.0,0.0,1,4,1,3,0,0.25,1.0,0.4,0,2,0,2,0,0.0,,,0.46612874305181995,0.0,0.0
STFT_2D,BASELINE_CE,baseline,7106,123,1518,"[[1512, 3, 0, 0], [0, 0, 0, 0], [0, 0, 3, 0], [0, 0, 0, 0]]",0.9980237154150198,1515,1512,1512,0,3,1.0,0.998019801980198,0.9990089197224975,0,3,0,3,0,0.0,,,3,3,3,0,0,1.0,1.0,1.0,0,0,0,0,0,,,,0.9995044598612488,,
STFT_2D,BASELINE_CE,baseline,7106,200,2600,"[[1740, 0, 0, 2], [30, 0, 0, 0], [34, 9, 782, 1], [2, 0, 0, 0]]",0.97,1742,1806,1740,66,2,0.9634551495016611,0.9988518943742825,0.9808342728297632,30,9,0,9,30,0.0,0.0,0.0,826,782,782,0,44,1.0,0.9467312348668281,0.972636815920398,2,3,0,3,2,0.0,0.0,0.0,0.4883677721875403,0.0,0.0
STFT_2D,BASELINE_CE,baseline,7106,202,2136,"[[2026, 0, 8, 27], [27, 4, 24, 0], [0, 1, 18, 0], [1, 0, 0, 0]]",0.9588014981273408,2061,2054,2026,28,35,0.9863680623174295,0.9830179524502669,0.9846901579586878,55,5,4,1,51,0.8,0.07272727272727272,0.13333333333333333,19,50,18,32,1,0.36,0.9473684210526315,0.5217391304347826,1,27,0,27,1,0.0,0.0,0.0,0.4099406554317009,0.06666666666666667,0.0
STFT_2D,BASELINE_CE,baseline,7106,210,2648,"[[2413, 0, 3, 5], [11, 0, 11, 0], [11, 11, 172, 1], [8, 0, 1, 1]]",0.9765861027190332,2421,2443,2413,30,8,0.9877200163733115,0.996695580338703,0.9921875,22,11,0,11,22,0.0,0.0,0.0,195,187,172,15,23,0.9197860962566845,0.882051282051282,0.900523560209424,10,7,1,6,9,0.14285714285714285,0.1,0.11764705882352941,0.5025895297582383,0.058823529411764705,0.0
STFT_2D,BASELINE_CE,baseline,7106,212,2747,"[[2683, 0, 60, 4], [0, 0, 0, 0], [0, 0, 0, 0], [0, 0, 0, 0]]",0.9767018565708045,2747,2683,2683,0,64,1.0,0.9767018565708045,0.9882136279926336,0,0,0,0,0,,,,0,60,0,60,0,0.0,,,0,4,0,4,0,0.0,,,0.9882136279926336,,
STFT_2D,BASELINE_CE,baseline,7106,213,3250,"[[2640, 0, 0, 0], [22, 0, 6, 0], [34, 0, 182, 4], [340, 0, 15, 7]]",0.8704615384615385,2640,3036,2640,396,0,0.8695652173913043,1.0,0.9302325581395349,28,0,0,0,28,,0.0,0.0,220,203,182,21,38,0.896551724137931,0.8272727272727273,0.8605200945626478,362,11,7,4,355,0.6363636363636364,0.019337016574585635,0.03753351206434316,0.45707154119163146,0.01876675603217158,0.0
STFT_2D,BASELINE_CE,baseline,7106,214,2258,"[[1985, 0, 11, 5], [0, 0, 0, 0], [3, 1, 252, 0], [0, 0, 1, 0]]",0.9906997342781222,2001,1988,1985,3,16,0.9984909456740443,0.9920039980009995,0.9952369014790674,0,1,0,1,0,0.0,,,256,264,252,12,4,0.9545454545454546,0.984375,0.9692307692307692,1,5,0,5,1,0.0,0.0,0.0,0.6548225569032788,0.0,0.0
STFT_2D,BASELINE_CE,baseline,7106,219,2154,"[[2079, 3, 0, 0], [7, 0, 0, 0], [10, 2, 52, 0], [1, 0, 0, 0]]",0.989322191272052,2082,2097,2079,18,3,0.9914163090128756,0.9985590778097982,0.9949748743718593,7,5,0,5,7,0.0,0.0,0.0,64,52,52,0,12,1.0,0.8125,0.896551724137931,1,0,0,0,1,,0.0,0.0,0.4728816496274476,0.0,0.0
STFT_2D,BASELINE_CE,baseline,7106,221,2427,"[[2009, 22, 0, 0], [0, 0, 0, 0], [1, 0, 395, 0], [0, 0, 0, 0]]",0.9905232797692625,2031,2010,2009,1,22,0.9995024875621891,0.9891678975873953,0.9943083395199208,0,22,0,22,0,0.0,,,396,395,395,0,1,1.0,0.9974747474747475,0.9987357774968394,0,0,0,0,0,,,,0.99652205850838,,
STFT_2D,BASELINE_CE,baseline,7106,222,2483,"[[1887, 254, 128, 5], [40, 166, 3, 0], [0, 0, 0, 0], [0, 0, 0, 0]]",0.8268223922674185,2274,1927,1887,40,387,0.9792423456149455,0.8298153034300791,0.8983575339204951,209,420,166,254,43,0.3952380952380952,0.7942583732057417,0.5278219395866455,0,131,0,131,0,0.0,,,0,5,0,5,0,0.0,,,0.7130897367535702,0.5278219395866455,0.5278219395866455
STFT_2D,BASELINE_CE,baseline,7106,228,2053,"[[1682, 0, 6, 0], [1, 2, 0, 0], [17, 0, 345, 0], [0, 0, 0, 0]]",0.988309790550414,1688,1700,1682,18,6,0.9894117647058823,0.9964454976303317,0.9929161747343566,3,2,2,0,1,1.0,0.6666666666666666,0.8,362,351,345,6,17,0.9829059829059829,0.9530386740331491,0.967741935483871,0,0,0,0,0,,,,0.9202193700727426,0.8,0.8
STFT_2D,BASELINE_CE,baseline,7106,231,1571,"[[1566, 0, 2, 0], [1, 0, 0, 0], [0, 0, 2, 0], [0, 0, 0, 0]]",0.9980903882877148,1568,1567,1566,1,2,0.9993618379068283,0.9987244897959183,0.999043062200957,1,0,0,0,1,,0.0,0.0,2,4,2,2,0,0.5,1.0,0.6666666666666666,0,0,0,0,0,,,,0.5552365762892079,0.0,0.0
STFT_2D,BASELINE_CE,baseline,7106,232,1780,"[[397, 1, 0, 0], [534, 814, 34, 0], [0, 0, 0, 0], [0, 0, 0, 0]]",0.6803370786516854,398,931,397,534,1,0.4264232008592911,0.9974874371859297,0.5974416854778029,1382,815,814,1,568,0.9987730061349693,0.5890014471780028,0.7410104688211198,0,34,0,34,0,0.0,,,0,0,0,0,0,,,,0.6692260771494614,0.7410104688211198,0.7410104688211198
STFT_2D,BASELINE_CE,baseline,7106,233,3077,"[[865, 0, 53, 1311], [2, 0, 5, 0], [2, 5, 822, 1], [1, 0, 6, 4]]",0.5495612609684758,2229,870,865,5,1364,0.9942528735632183,0.38806639748766264,0.558244595030655,7,5,0,5,7,0.0,0.0,0.0,830,886,822,64,8,0.927765237020316,0.9903614457831326,0.958041958041958,11,1316,4,1312,7,0.00303951367781155,0.36363636363636365,0.006028636021100226,0.3805787972734283,0.003014318010550113,0.0
STFT_2D,BASELINE_CE,baseline,7106,234,2753,"[[2699, 0, 0, 1], [46, 4, 0, 0], [0, 0, 3, 0], [0, 0, 0, 0]]",0.9829277152197603,2700,2745,2699,46,1,0.9832422586520947,0.9996296296296296,0.9913682277318641,50,4,4,0,46,1.0,0.08,0.14814814814814814,3,3,3,0,0,1.0,1.0,1.0,0,1,0,1,0,0.0,,,0.7131721252933373,0.14814814814814814,0.14814814814814814
STFT_2D,BASELINE_CE,baseline,7107,100,2272,"[[2238, 0, 0, 0], [12, 21, 0, 0], [1, 0, 0, 0], [0, 0, 0, 0]]",0.9942781690140845,2238,2251,2238,13,0,0.9942247889826744,1.0,0.9971040320784139,33,21,21,0,12,1.0,0.6363636363636364,0.7777777777777778,1,0,0,0,1,,0.0,0.0,0,0,0,0,0,,,,0.5916272699520638,0.7777777777777778,0.7777777777777778
STFT_2D,BASELINE_CE,baseline,7107,103,2084,"[[2082, 0, 0, 0], [2, 0, 0, 0], [0, 0, 0, 0], [0, 0, 0, 0]]",0.9990403071017274,2082,2084,2082,2,0,0.9990403071017274,1.0,0.99951992318771,2,0,0,0,2,,0.0,0.0,0,0,0,0,0,,,,0,0,0,0,0,,,,0.499759961593855,0.0,0.0
STFT_2D,BASELINE_CE,baseline,7107,105,2567,"[[2464, 0, 58, 4], [0, 0, 0, 0], [1, 1, 39, 0], [0, 0, 0, 0]]",0.9750681729645501,2526,2465,2464,1,62,0.9995943204868154,0.9754552652414885,0.9873772791023843,0,1,0,1,0,0.0,,,41,97,39,58,2,0.4020618556701031,0.9512195121951219,0.5652173913043478,0,4,0,4,0,0.0,,,0.776297335203366,,
STFT_2D,BASELINE_CE,baseline,7107,111,2124,"[[2099, 0, 24, 0], [0, 0, 0, 0], [0, 0, 1, 0], [0, 0, 0, 0]]",0.9887005649717514,2123,2099,2099,0,24,1.0,0.988695242581253,0.9943154902889626,0,0,0,0,0,,,,1,25,1,24,0,0.04,1.0,0.07692307692307693,0,0,0,0,0,,,,0.5356192836060197,,
STFT_2D,BASELINE_CE,baseline,7107,113,1794,"[[1788, 0, 0, 0], [0, 2, 4, 0], [0, 0, 0, 0], [0, 0, 0, 0]]",0.9977703455964325,1788,1788,1788,0,0,1.0,1.0,1.0,6,2,2,0,4,1.0,0.3333333333333333,0.5,0,4,0,4,0,0.0,,,0,0,0,0,0,,,,0.75,0.5,0.5
STFT_2D,BASELINE_CE,baseline,7107,117,1534,"[[1477, 0, 56, 0], [0, 0, 1, 0], [0, 0, 0, 0], [0, 0, 0, 0]]",0.9628422425032594,1533,1477,1477,0,56,1.0,0.9634703196347032,0.9813953488372092,1,0,0,0,1,,0.0,0.0,0,57,0,57,0,0.0,,,0,0,0,0,0,,,,0.4906976744186046,0.0,0.0
STFT_2D,BASELINE_CE,baseline,7107,121,1863,"[[1853, 0, 4, 4], [0, 0, 1, 0], [0, 0, 1, 0], [0, 0, 0, 0]]",0.9951690821256038,1861,1853,1853,0,8,1.0,0.9957012358946803,0.9978459881529348,1,0,0,0,1,,0.0,0.0,1,6,1,5,0,0.16666666666666666,1.0,0.2857142857142857,0,4,0,4,0,0.0,,,0.42785342462240683,0.0,0.0
STFT_2D,BASELINE_CE,baseline,7107,123,1518,"[[1512, 3, 0, 0], [0, 0, 0, 0], [0, 0, 3, 0], [0, 0, 0, 0]]",0.9980237154150198,1515,1512,1512,0,3,1.0,0.998019801980198,0.9990089197224975,0,3,0,3,0,0.0,,,3,3,3,0,0,1.0,1.0,1.0,0,0,0,0,0,,,,0.9995044598612488,,
STFT_2D,BASELINE_CE,baseline,7107,200,2600,"[[1740, 0, 0, 2], [30, 0, 0, 0], [35, 8, 780, 3], [1, 0, 0, 1]]",0.9696153846153847,1742,1806,1740,66,2,0.9634551495016611,0.9988518943742825,0.9808342728297632,30,8,0,8,30,0.0,0.0,0.0,826,780,780,0,46,1.0,0.9443099273607748,0.9713574097135741,2,6,1,5,1,0.16666666666666666,0.5,0.25,0.5505479206358344,0.125,0.0
STFT_2D,BASELINE_CE,baseline,7107,202,2136,"[[1999, 0, 1, 61], [34, 0, 21, 0], [1, 0, 18, 0], [0, 0, 1, 0]]",0.9442883895131086,2061,2034,1999,35,62,0.9827925270403146,0.9699175157690442,0.9763125763125763,55,0,0,0,55,,0.0,0.0,19,41,18,23,1,0.43902439024390244,0.9473684210526315,0.6,1,61,0,61,1,0.0,0.0,0.0,0.39407814407814407,0.0,0.0
STFT_2D,BASELINE_CE,baseline,7107,210,2648,"[[2413, 0, 1, 7], [12, 0, 10, 0], [30, 9, 156, 0], [9, 0, 1, 0]]",0.970166163141994,2421,2464,2413,51,8,0.979301948051948,0.996695580338703,0.9879222108495395,22,9,0,9,22,0.0,0.0,0.0,195,168,156,12,39,0.9285714285714286,0.8,0.859504132231405,10,7,0,7,10,0.0,0.0,0.0,0.46185658577023614,0.0,0.0
STFT_2D,BASELINE_CE,baseline,7107,212,2747,"[[2656, 0, 89, 2], [0, 0, 0, 0], [0, 0, 0, 0], [0, 0, 0, 0]]",0.9668729523116126,2747,2656,2656,0,91,1.0,0.9668729523116126,0.983157505089765,0,0,0,0,0,,,,0,89,0,89,0,0.0,,,0,2,0,2,0,0.0,,,0.983157505089765,,
STFT_2D,BASELINE_CE,baseline,7107,213,3250,"[[2640, 0, 0, 0], [26, 0, 2, 0], [105, 8, 107, 0], [351, 0, 11, 0]]",0.8452307692307692,2640,3122,2640,482,0,0.8456117873158232,1.0,0.9163484901076016,28,8,0,8,28,0.0,0.0,0.0,220,120,107,13,113,0.8916666666666667,0.4863636363636364,0.6294117647058823,362,0,0,0,362,,0.0,0.0,0.386440063703371,0.0,0.0
STFT_2D,BASELINE_CE,baseline,7107,214,2258,"[[1991, 0, 8, 2], [0, 0, 0, 0], [13, 1, 242, 0], [1, 0, 0, 0]]",0.9889282550930026,2001,2005,1991,14,10,0.9930174563591022,0.9950024987506247,0.9940089865202196,0,1,0,1,0,0.0,,,256,250,242,8,14,0.968,0.9453125,0.9565217391304348,1,2,0,2,1,0.0,0.0,0.0,0.6501769085502181,0.0,0.0
STFT_2D,BASELINE_CE,baseline,7107,219,2154,"[[2078, 4, 0, 0], [7, 0, 0, 0], [7, 5, 52, 0], [1, 0, 0, 0]]",0.9888579387186629,2082,2093,2078,15,4,0.9928332537028189,0.9980787704130644,0.9954491017964072,7,9,0,9,7,0.0,0.0,0.0,64,52,52,0,12,1.0,0.8125,0.896551724137931,1,0,0,0,1,,0.0,0.0,0.47300020648358454,0.0,0.0
STFT_2D,BASELINE_CE,baseline,7107,221,2427,"[[2031, 0, 0, 0], [0, 0, 0, 0], [0, 0, 395, 1], [0, 0, 0, 0]]",0.99958796868562,2031,2031,2031,0,0,1.0,1.0,1.0,0,0,0,0,0,,,,396,395,395,0,1,1.0,0.9974747474747475,0.9987357774968394,0,1,0,1,0,0.0,,,0.9993678887484196,,
STFT_2D,BASELINE_CE,baseline,7107,222,2483,"[[2002, 148, 123, 1], [56, 134, 19, 0], [0, 0, 0, 0], [0, 0, 0, 0]]",0.860249697946033,2274,2058,2002,56,272,0.9727891156462585,0.8803869832893579,0.9242843951985226,209,282,134,148,75,0.475177304964539,0.6411483253588517,0.5458248472505092,0,142,0,142,0,0.0,,,0,1,0,1,0,0.0,,,0.7350546212245159,0.5458248472505092,0.5458248472505092
STFT_2D,BASELINE_CE,baseline,7107,228,2053,"[[1686, 0, 2, 0], [1, 1, 1, 0], [9, 0, 353, 0], [0, 0, 0, 0]]",0.9936678032148076,1688,1696,1686,10,2,0.9941037735849056,0.9988151658767772,0.9964539007092199,3,1,1,0,2,1.0,0.3333333333333333,0.5,362,356,353,3,9,0.9915730337078652,0.9751381215469613,0.9832869080779945,0,0,0,0,0,,,,0.8265802695957382,0.5,0.5
STFT_2D,BASELINE_CE,baseline,7107,231,1571,"[[1568, 0, 0, 0], [1, 0, 0, 0], [0, 0, 2, 0], [0, 0, 0, 0]]",0.9993634627625716,1568,1569,1568,1,0,0.9993626513702996,1.0,0.999681224099458,1,0,0,0,1,,0.0,0.0,2,2,2,0,0,1.0,1.0,1.0,0,0,0,0,0,,,,0.6665604080331526,0.0,0.0
STFT_2D,BASELINE_CE,baseline,7107,232,1780,"[[397, 1, 0, 0], [718, 588, 76, 0], [0, 0, 0, 0], [0, 0, 0, 0]]",0.5533707865168539,398,1115,397,718,1,0.3560538116591928,0.9974874371859297,0.5247851949768672,1382,589,588,1,794,0.99830220713073,0.42547033285094066,0.5966514459665144,0,76,0,76,0,0.0,,,0,0,0,0,0,,,,0.5607183204716908,0.5966514459665144,0.5966514459665144
STFT_2D,BASELINE_CE,baseline,7107,233,3077,"[[947, 0, 13, 1269], [5, 0, 2, 0], [13, 15, 801, 1], [2, 0, 5, 4]]",0.5693857653558662,2229,967,947,20,1282,0.9793174767321613,0.42485419470614627,0.5926157697121401,7,15,0,15,7,0.0,0.0,0.0,830,821,801,20,29,0.9756394640682094,0.9650602409638555,0.970321017565112,11,1274,4,1270,7,0.0031397174254317113,0.36363636363636365,0.0062256809338521405,0.39229061705277607,0.0031128404669260703,0.0
STFT_2D,BASELINE_CE,baseline,7107,234,2753,"[[2699, 0, 0, 1], [50, 0, 0, 0], [0, 0, 3, 0], [0, 0, 0, 0]]",0.9814747548129313,2700,2749,2699,50,1,0.981811567842852,0.9996296296296296,0.9906404844925675,50,0,0,0,50,,0.0,0.0,3,3,3,0,0,1.0,1.0,1.0,0,1,0,1,0,0.0,,,0.6635468281641891,0.0,0.0
STFT_2D,BASELINE_CE,baseline,7108,100,2272,"[[2238, 0, 0, 0], [1, 32, 0, 0], [1, 0, 0, 0], [0, 0, 0, 0]]",0.9991197183098591,2238,2240,2238,2,0,0.9991071428571429,1.0,0.9995533720410897,33,32,32,0,1,1.0,0.9696969696969697,0.9846153846153847,1,0,0,0,1,,0.0,0.0,0,0,0,0,0,,,,0.6613895855521581,0.9846153846153847,0.9846153846153847
STFT_2D,BASELINE_CE,baseline,7108,103,2084,"[[2082, 0, 0, 0], [2, 0, 0, 0], [0, 0, 0, 0], [0, 0, 0, 0]]",0.9990403071017274,2082,2084,2082,2,0,0.9990403071017274,1.0,0.99951992318771,2,0,0,0,2,,0.0,0.0,0,0,0,0,0,,,,0,0,0,0,0,,,,0.499759961593855,0.0,0.0
STFT_2D,BASELINE_CE,baseline,7108,105,2567,"[[2466, 0, 53, 7], [0, 0, 0, 0], [6, 0, 35, 0], [0, 0, 0, 0]]",0.9742890533696923,2526,2472,2466,6,60,0.9975728155339806,0.9762470308788599,0.9867947178871549,0,0,0,0,0,,,,41,88,35,53,6,0.3977272727272727,0.8536585365853658,0.5426356589147286,0,7,0,7,0,0.0,,,0.7647151884009418,,
STFT_2D,BASELINE_CE,baseline,7108,111,2124,"[[2118, 0, 5, 0], [0, 0, 0, 0], [0, 0, 1, 0], [0, 0, 0, 0]]",0.9976459510357816,2123,2118,2118,0,5,1.0,0.9976448422044277,0.9988210327752889,0,0,0,0,0,,,,1,6,1,5,0,0.16666666666666666,1.0,0.2857142857142857,0,0,0,0,0,,,,0.6422676592447873,,
STFT_2D,BASELINE_CE,baseline,7108,113,1794,"[[1788, 0, 0, 0], [0, 5, 1, 0], [0, 0, 0, 0], [0, 0, 0, 0]]",0.9994425863991081,1788,1788,1788,0,0,1.0,1.0,1.0,6,5,5,0,1,1.0,0.8333333333333334,0.9090909090909091,0,1,0,1,0,0.0,,,0,0,0,0,0,,,,0.9545454545454546,0.9090909090909091,0.9090909090909091
STFT_2D,BASELINE_CE,baseline,7108,117,1534,"[[1241, 0, 292, 0], [0, 0, 1, 0], [0, 0, 0, 0], [0, 0, 0, 0]]",0.8089960886571056,1533,1241,1241,0,292,1.0,0.8095238095238095,0.8947368421052632,1,0,0,0,1,,0.0,0.0,0,293,0,293,0,0.0,,,0,0,0,0,0,,,,0.4473684210526316,0.0,0.0
STFT_2D,BASELINE_CE,baseline,7108,121,1863,"[[1857, 0, 2, 2], [1, 0, 0, 0], [0, 0, 1, 0], [0, 0, 0, 0]]",0.9973161567364466,1861,1858,1857,1,4,0.9994617868675996,0.9978506179473401,0.9986555525678946,1,0,0,0,1,,0.0,0.0,1,3,1,2,0,0.3333333333333333,1.0,0.5,0,2,0,2,0,0.0,,,0.4995518508559649,0.0,0.0
STFT_2D,BASELINE_CE,baseline,7108,123,1518,"[[1512, 3, 0, 0], [0, 0, 0, 0], [0, 0, 3, 0], [0, 0, 0, 0]]",0.9980237154150198,1515,1512,1512,0,3,1.0,0.998019801980198,0.9990089197224975,0,3,0,3,0,0.0,,,3,3,3,0,0,1.0,1.0,1.0,0,0,0,0,0,,,,0.9995044598612488,,
STFT_2D,BASELINE_CE,baseline,7108,200,2600,"[[1741, 0, 0, 1], [29, 1, 0, 0], [43, 6, 774, 3], [2, 0, 0, 0]]",0.9676923076923077,1742,1815,1741,74,1,0.9592286501377411,0.9994259471871412,0.9789148158560584,30,7,1,6,29,0.14285714285714285,0.03333333333333333,0.05405405405405406,826,774,774,0,52,1.0,0.937046004842615,0.9675,2,4,0,4,2,0.0,0.0,0.0,0.5001172174775281,0.02702702702702703,0.0
STFT_2D,BASELINE_CE,baseline,7108,202,2136,"[[1994, 1, 2, 64], [38, 0, 17, 0], [1, 0, 18, 0], [1, 0, 0, 0]]",0.9419475655430711,2061,2034,1994,40,67,0.9803343166175025,0.9674915089762252,0.9738705738705739,55,1,0,1,55,0.0,0.0,0.0,19,37,18,19,1,0.4864864864864865,0.9473684210526315,0.6428571428571429,1,64,0,64,1,0.0,0.0,0.0,0.4041819291819292,0.0,0.0
STFT_2D,BASELINE_CE,baseline,7108,210,2648,"[[2392, 1, 0, 28], [21, 1, 0, 0], [37, 3, 155, 0], [10, 0, 0, 0]]",0.9622356495468278,2421,2460,2392,68,29,0.9723577235772358,0.9880214787277984,0.9801270231509936,22,5,1,4,21,0.2,0.045454545454545456,0.07407407407407407,195,155,155,0,40,1.0,0.7948717948717948,0.8857142857142857,10,28,0,28,10,0.0,0.0,0.0,0.48497884573483835,0.037037037037037035,0.0
STFT_2D,BASELINE_CE,baseline,7108,212,2747,"[[2743, 0, 4, 0], [0, 0, 0, 0], [0, 0, 0, 0], [0, 0, 0, 0]]",0.9985438660356752,2747,2743,2743,0,4,1.0,0.9985438660356752,0.9992714025500911,0,0,0,0,0,,,,0,4,0,4,0,0.0,,,0,0,0,0,0,,,,0.9992714025500911,,
STFT_2D,BASELINE_CE,baseline,7108,213,3250,"[[2640, 0, 0, 0], [27, 0, 1, 0], [51, 3, 166, 0], [349, 0, 11, 2]]",0.864,2640,3067,2640,427,0,0.8607760026084121,1.0,0.9251796039950937,28,3,0,3,28,0.0,0.0,0.0,220,178,166,12,54,0.9325842696629213,0.7545454545454545,0.8341708542713567,362,2,2,0,360,1.0,0.0055248618784530384,0.01098901098901099,0.44258486731386537,0.005494505494505495,0.0
STFT_2D,BASELINE_CE,baseline,7108,214,2258,"[[1996, 0, 4, 1], [0, 0, 0, 0], [65, 5, 186, 0], [0, 0, 1, 0]]",0.9663418954827281,2001,2061,1996,65,5,0.9684619116933527,0.9975012493753124,0.982767109798129,0,5,0,5,0,0.0,,,256,191,186,5,70,0.9738219895287958,0.7265625,0.8322147651006712,1,1,0,1,1,0.0,0.0,0.0,0.6049939582996,0.0,0.0
STFT_2D,BASELINE_CE,baseline,7108,219,2154,"[[2067, 15, 0, 0], [7, 0, 0, 0], [8, 6, 49, 1], [1, 0, 0, 0]]",0.9823584029712163,2082,2083,2067,16,15,0.9923187710033605,0.9927953890489913,0.9925570228091236,7,21,0,21,7,0.0,0.0,0.0,64,49,49,0,15,1.0,0.765625,0.8672566371681416,1,1,0,1,1,0.0,0.0,0.0,0.4649534149943163,0.0,0.0
STFT_2D,BASELINE_CE,baseline,7108,221,2427,"[[2026, 5, 0, 0], [0, 0, 0, 0], [2, 0, 393, 1], [0, 0, 0, 0]]",0.9967037494849609,2031,2028,2026,2,5,0.9990138067061144,0.9975381585425899,0.9982754372998276,0,5,0,5,0,0.0,,,396,393,393,0,3,1.0,0.9924242424242424,0.9961977186311787,0,1,0,1,0,0.0,,,0.9972365779655031,,
STFT_2D,BASELINE_CE,baseline,7108,222,2483,"[[1974, 262, 38, 0], [60, 139, 10, 0], [0, 0, 0, 0], [0, 0, 0, 0]]",0.8509867096254531,2274,2034,1974,60,300,0.9705014749262537,0.8680738786279684,0.9164345403899722,209,401,139,262,70,0.34663341645885287,0.6650717703349283,0.4557377049180328,0,48,0,48,0,0.0,,,0,0,0,0,0,,,,0.6860861226540025,0.4557377049180328,0.4557377049180328
STFT_2D,BASELINE_CE,baseline,7108,228,2053,"[[1685, 0, 3, 0], [1, 2, 0, 0], [4, 0, 358, 0], [0, 0, 0, 0]]",0.9961032635168047,1688,1690,1685,5,3,0.9970414201183432,0.9982227488151659,0.9976317347542925,3,2,2,0,1,1.0,0.6666666666666666,0.8,362,361,358,3,4,0.9916897506925207,0.988950276243094,0.9903181189488244,0,0,0,0,0,,,,0.9293166179010389,0.8,0.8
STFT_2D,BASELINE_CE,baseline,7108,231,1571,"[[1567, 0, 1, 0], [1, 0, 0, 0], [0, 0, 2, 0], [0, 0, 0, 0]]",0.9987269255251432,1568,1568,1567,1,1,0.9993622448979592,0.9993622448979592,0.9993622448979592,1,0,0,0,1,,0.0,0.0,2,3,2,1,0,0.6666666666666666,1.0,0.8,0,0,0,0,0,,,,0.5997874149659864,0.0,0.0
STFT_2D,BASELINE_CE,baseline,7108,232,1780,"[[398, 0, 0, 0], [1140, 207, 35, 0], [0, 0, 0, 0], [0, 0, 0, 0]]",0.3398876404494382,398,1538,398,1140,0,0.258777633289987,1.0,0.41115702479338845,1382,207,207,0,1175,1.0,0.14978292329956586,0.2605412208936438,0,35,0,35,0,0.0,,,0,0,0,0,0,,,,0.3358491228435161,0.2605412208936438,0.2605412208936438
STFT_2D,BASELINE_CE,baseline,7108,233,3077,"[[1204, 0, 141, 884], [3, 0, 4, 0], [2, 5, 822, 1], [1, 0, 5, 5]]",0.6600584985375365,2229,1210,1204,6,1025,0.9950413223140496,0.5401525347689546,0.7002035475428904,7,5,0,5,7,0.0,0.0,0.0,830,972,822,150,8,0.845679012345679,0.9903614457831326,0.9123196448390677,11,890,5,885,6,0.0056179775280898875,0.45454545454545453,0.011098779134295227,0.4059054928790633,0.005549389567147614,0.0
STFT_2D,BASELINE_CE,baseline,7108,234,2753,"[[2700, 0, 0, 0], [35, 15, 0, 0], [0, 0, 3, 0], [0, 0, 0, 0]]",0.987286596440247,2700,2735,2700,35,0,0.9872029250457038,1.0,0.9935602575896965,50,15,15,0,35,1.0,0.3,0.46153846153846156,3,3,3,0,0,1.0,1.0,1.0,0,0,0,0,0,,,,0.8183662397093859,0.46153846153846156,0.46153846153846156
STFT_2D,BASELINE_CE,baseline,7109,100,2272,"[[2238, 0, 0, 0], [1, 32, 0, 0], [1, 0, 0, 0], [0, 0, 0, 0]]",0.9991197183098591,2238,2240,2238,2,0,0.9991071428571429,1.0,0.9995533720410897,33,32,32,0,1,1.0,0.9696969696969697,0.9846153846153847,1,0,0,0,1,,0.0,0.0,0,0,0,0,0,,,,0.6613895855521581,0.9846153846153847,0.9846153846153847
STFT_2D,BASELINE_CE,baseline,7109,103,2084,"[[2082, 0, 0, 0], [1, 1, 0, 0], [0, 0, 0, 0], [0, 0, 0, 0]]",0.9995201535508638,2082,2083,2082,1,0,0.99951992318771,1.0,0.9997599039615847,2,1,1,0,1,1.0,0.5,0.6666666666666666,0,0,0,0,0,,,,0,0,0,0,0,,,,0.8332132853141256,0.6666666666666666,0.6666666666666666
STFT_2D,BASELINE_CE,baseline,7109,105,2567,"[[2444, 0, 68, 14], [0, 0, 0, 0], [2, 0, 39, 0], [0, 0, 0, 0]]",0.9672769770159719,2526,2446,2444,2,82,0.9991823385118561,0.9675376088677752,0.9831053901850362,0,0,0,0,0,,,,41,107,39,68,2,0.3644859813084112,0.9512195121951219,0.527027027027027,0,14,0,14,0,0.0,,,0.7550662086060316,,
STFT_2D,BASELINE_CE,baseline,7109,111,2124,"[[2114, 0, 9, 0], [0, 0, 0, 0], [0, 0, 1, 0], [0, 0, 0, 0]]",0.9957627118644068,2123,2114,2114,0,9,1.0,0.9957607159679699,0.9978758555581779,0,0,0,0,0,,,,1,10,1,9,0,0.1,1.0,0.18181818181818182,0,0,0,0,0,,,,0.5898470186881799,,
STFT_2D,BASELINE_CE,baseline,7109,113,1794,"[[1781, 7, 0, 0], [0, 1, 5, 0], [0, 0, 0, 0], [0, 0, 0, 0]]",0.9933110367892977,1788,1781,1781,0,7,1.0,0.9960850111856824,0.9980386662930792,6,8,1,7,5,0.125,0.16666666666666666,0.14285714285714285,0,5,0,5,0,0.0,,,0,0,0,0,0,,,,0.5704479045751111,0.14285714285714285,0.14285714285714285
STFT_2D,BASELINE_CE,baseline,7109,117,1534,"[[1092, 0, 441, 0], [0, 0, 1, 0], [0, 0, 0, 0], [0, 0, 0, 0]]",0.711864406779661,1533,1092,1092,0,441,1.0,0.7123287671232876,0.832,1,0,0,0,1,,0.0,0.0,0,442,0,442,0,0.0,,,0,0,0,0,0,,,,0.416,0.0,0.0
STFT_2D,BASELINE_CE,baseline,7109,121,1863,"[[1854, 0, 4, 3], [0, 0, 1, 0], [0, 0, 1, 0], [0, 0, 0, 0]]",0.9957058507783145,1861,1854,1854,0,7,1.0,0.9962385814078453,0.9981157469717362,1,0,0,0,1,,0.0,0.0,1,6,1,5,0,0.16666666666666666,1.0,0.2857142857142857,0,3,0,3,0,0.0,,,0.42794334422867397,0.0,0.0
STFT_2D,BASELINE_CE,baseline,7109,123,1518,"[[1512, 3, 0, 0], [0, 0, 0, 0], [0, 0, 3, 0], [0, 0, 0, 0]]",0.9980237154150198,1515,1512,1512,0,3,1.0,0.998019801980198,0.9990089197224975,0,3,0,3,0,0.0,,,3,3,3,0,0,1.0,1.0,1.0,0,0,0,0,0,,,,0.9995044598612488,,
STFT_2D,BASELINE_CE,baseline,7109,200,2600,"[[1739, 0, 1, 2], [29, 1, 0, 0], [21, 2, 801, 2], [1, 0, 0, 1]]",0.9776923076923076,1742,1790,1739,51,3,0.9715083798882681,0.9982778415614236,0.9847112117780294,30,3,1,2,29,0.3333333333333333,0.03333333333333333,0.06060606060606061,826,802,801,1,25,0.9987531172069826,0.9697336561743342,0.984029484029484,2,5,1,4,1,0.2,0.5,0.2857142857142857,0.5787652605319649,0.17316017316017315,0.06060606060606061
STFT_2D,BASELINE_CE,baseline,7109,202,2136,"[[2005, 0, 8, 48], [19, 1, 35, 0], [0, 0, 19, 0], [1, 0, 0, 0]]",0.9480337078651685,2061,2025,2005,20,56,0.9901234567901235,0.972828723920427,0.9813999021047479,55,1,1,0,54,1.0,0.01818181818181818,0.03571428571428571,19,62,19,43,0,0.3064516129032258,1.0,0.4691358024691358,1,48,0,48,1,0.0,0.0,0.0,0.3715624975720424,0.017857142857142856,0.0
STFT_2D,BASELINE_CE,baseline,7109,210,2648,"[[2387, 1, 6, 27], [9, 1, 12, 0], [18, 1, 175, 1], [8, 0, 1, 1]]",0.9682779456193353,2421,2422,2387,35,34,0.9855491329479769,0.9859562164394878,0.9857526326657031,22,3,1,2,21,0.3333333333333333,0.045454545454545456,0.08,195,194,175,19,20,0.9020618556701031,0.8974358974358975,0.8997429305912596,10,29,1,28,9,0.034482758620689655,0.1,0.05128205128205128,0.5041944036347535,0.06564102564102564,0.05128205128205128
STFT_2D,BASELINE_CE,baseline,7109,212,2747,"[[1591, 0, 322, 834], [0, 0, 0, 0], [0, 0, 0, 0], [0, 0, 0, 0]]",0.5791772843101566,2747,1591,1591,0,1156,1.0,0.5791772843101566,0.7335177501152604,0,0,0,0,0,,,,0,322,0,322,0,0.0,,,0,834,0,834,0,0.0,,,0.7335177501152604,,
STFT_2D,BASELINE_CE,baseline,7109,213,3250,"[[2640, 0, 0, 0], [23, 0, 5, 0], [72, 0, 147, 1], [347, 0, 13, 2]]",0.8581538461538462,2640,3082,2640,442,0,0.8565866320571057,1.0,0.9227542817196784,28,0,0,0,28,,0.0,0.0,220,165,147,18,73,0.8909090909090909,0.6681818181818182,0.7636363636363637,362,3,2,1,360,0.6666666666666666,0.0055248618784530384,0.010958904109589041,0.4243373873664078,0.005479452054794521,0.0
STFT_2D,BASELINE_CE,baseline,7109,214,2258,"[[1884, 0, 115, 2], [0, 0, 0, 0], [8, 1, 247, 0], [1, 0, 0, 0]]",0.9437555358724535,2001,1893,1884,9,117,0.9952456418383518,0.9415292353823088,0.9676425269645609,0,1,0,1,0,0.0,,,256,362,247,115,9,0.6823204419889503,0.96484375,0.7993527508090615,1,2,0,2,1,0.0,0.0,0.0,0.5889984259245408,0.0,0.0
STFT_2D,BASELINE_CE,baseline,7109,219,2154,"[[2077, 4, 1, 0], [7, 0, 0, 0], [5, 6, 53, 0], [1, 0, 0, 0]]",0.9888579387186629,2082,2090,2077,13,5,0.9937799043062201,0.9975984630163305,0.9956855225311602,7,10,0,10,7,0.0,0.0,0.0,64,54,53,1,11,0.9814814814814815,0.828125,0.8983050847457628,1,0,0,0,1,,0.0,0.0,0.47349765181923076,0.0,0.0
STFT_2D,BASELINE_CE,baseline,7109,221,2427,"[[2026, 5, 0, 0], [0, 0, 0, 0], [1, 0, 395, 0], [0, 0, 0, 0]]",0.9975278121137207,2031,2027,2026,1,5,0.9995066600888012,0.9975381585425899,0.9985214391325776,0,5,0,5,0,0.0,,,396,395,395,0,1,1.0,0.9974747474747475,0.9987357774968394,0,0,0,0,0,,,,0.9986286083147085,,
STFT_2D,BASELINE_CE,baseline,7109,222,2483,"[[1907, 183, 174, 10], [51, 158, 0, 0], [0, 0, 0, 0], [0, 0, 0, 0]]",0.8316552557390253,2274,1958,1907,51,367,0.973953013278856,0.8386103781882146,0.9012287334593573,209,341,158,183,51,0.4633431085043988,0.7559808612440191,0.5745454545454546,0,174,0,174,0,0.0,,,0,10,0,10,0,0.0,,,0.7378870940024059,0.5745454545454546,0.5745454545454546
STFT_2D,BASELINE_CE,baseline,7109,228,2053,"[[1680, 0, 5, 3], [2, 1, 0, 0], [5, 0, 357, 0], [0, 0, 0, 0]]",0.9926936190940088,1688,1687,1680,7,8,0.995850622406639,0.995260663507109,0.9955555555555555,3,1,1,0,2,1.0,0.3333333333333333,0.5,362,362,357,5,5,0.9861878453038674,0.9861878453038674,0.9861878453038674,0,3,0,3,0,0.0,,,0.8272478002864743,0.5,0.5
STFT_2D,BASELINE_CE,baseline,7109,231,1571,"[[1568, 0, 0, 0], [1, 0, 0, 0], [0, 0, 2, 0], [0, 0, 0, 0]]",0.9993634627625716,1568,1569,1568,1,0,0.9993626513702996,1.0,0.999681224099458,1,0,0,0,1,,0.0,0.0,2,2,2,0,0,1.0,1.0,1.0,0,0,0,0,0,,,,0.6665604080331526,0.0,0.0
STFT_2D,BASELINE_CE,baseline,7109,232,1780,"[[397, 1, 0, 0], [886, 404, 91, 1], [0, 0, 0, 0], [0, 0, 0, 0]]",0.45,398,1283,397,886,1,0.3094310210444271,0.9974874371859297,0.4723378941106484,1382,405,404,1,978,0.9975308641975309,0.29232995658465993,0.4521544487968663,0,91,0,91,0,0.0,,,0,1,0,1,0,0.0,,,0.46224617145375735,0.4521544487968663,0.4521544487968663
STFT_2D,BASELINE_CE,baseline,7109,233,3077,"[[910, 0, 101, 1218], [2, 0, 5, 0], [2, 0, 827, 1], [1, 0, 6, 4]]",0.5658108547286318,2229,915,910,5,1319,0.994535519125683,0.408254822790489,0.5788804071246819,7,0,0,0,7,,0.0,0.0,830,939,827,112,3,0.8807241746538871,0.9963855421686747,0.9349915206331261,11,1223,4,1219,7,0.003270645952575634,0.36363636363636365,0.006482982171799027,0.38008872748240174,0.0032414910858995136,0.0
STFT_2D,BASELINE_CE,baseline,7109,234,2753,"[[2697, 0, 0, 3], [49, 1, 0, 0], [0, 0, 3, 0], [0, 0, 0, 0]]",0.9811115147112242,2700,2746,2697,49,3,0.9821558630735615,0.9988888888888889,0.9904517076753581,50,1,1,0,49,1.0,0.02,0.0392156862745098,3,3,3,0,0,1.0,1.0,1.0,0,3,0,3,0,0.0,,,0.6765557979832894,0.0392156862745098,0.0392156862745098
STFT_2D,WGAN_GP_X5,selected_on_DS1,7100,100,2272,"[[2238, 0, 0, 0], [1, 32, 0, 0], [1, 0, 0, 0], [0, 0, 0, 0]]",0.9991197183098591,2238,2240,2238,2,0,0.9991071428571429,1.0,0.9995533720410897,33,32,32,0,1,1.0,0.9696969696969697,0.9846153846153847,1,0,0,0,1,,0.0,0.0,0,0,0,0,0,,,,0.6613895855521581,0.9846153846153847,0.9846153846153847
STFT_2D,WGAN_GP_X5,selected_on_DS1,7100,103,2084,"[[2082, 0, 0, 0], [1, 1, 0, 0], [0, 0, 0, 0], [0, 0, 0, 0]]",0.9995201535508638,2082,2083,2082,1,0,0.99951992318771,1.0,0.9997599039615847,2,1,1,0,1,1.0,0.5,0.6666666666666666,0,0,0,0,0,,,,0,0,0,0,0,,,,0.8332132853141256,0.6666666666666666,0.6666666666666666
STFT_2D,WGAN_GP_X5,selected_on_DS1,7100,105,2567,"[[2479, 0, 43, 4], [0, 0, 0, 0], [2, 1, 38, 0], [0, 0, 0, 0]]",0.9805220101285548,2526,2481,2479,2,47,0.9991938734381298,0.9813935075217736,0.9902137008188536,0,1,0,1,0,0.0,,,41,81,38,43,3,0.4691358024691358,0.926829268292683,0.6229508196721312,0,4,0,4,0,0.0,,,0.8065822602454924,,
STFT_2D,WGAN_GP_X5,selected_on_DS1,7100,111,2124,"[[2122, 0, 1, 0], [0, 0, 0, 0], [0, 0, 1, 0], [0, 0, 0, 0]]",0.9995291902071564,2123,2122,2122,0,1,1.0,0.9995289684408856,0.9997644287396937,0,0,0,0,0,,,,1,2,1,1,0,0.5,1.0,0.6666666666666666,0,0,0,0,0,,,,0.8332155477031802,,
STFT_2D,WGAN_GP_X5,selected_on_DS1,7100,113,1794,"[[1788, 0, 0, 0], [0, 2, 4, 0], [0, 0, 0, 0], [0, 0, 0, 0]]",0.9977703455964325,1788,1788,1788,0,0,1.0,1.0,1.0,6,2,2,0,4,1.0,0.3333333333333333,0.5,0,4,0,4,0,0.0,,,0,0,0,0,0,,,,0.75,0.5,0.5
STFT_2D,WGAN_GP_X5,selected_on_DS1,7100,117,1534,"[[1520, 0, 13, 0], [0, 0, 1, 0], [0, 0, 0, 0], [0, 0, 0, 0]]",0.9908735332464146,1533,1520,1520,0,13,1.0,0.9915198956294846,0.9957418932197838,1,0,0,0,1,,0.0,0.0,0,14,0,14,0,0.0,,,0,0,0,0,0,,,,0.4978709466098919,0.0,0.0
STFT_2D,WGAN_GP_X5,selected_on_DS1,7100,121,1863,"[[1858, 0, 3, 0], [1, 0, 0, 0], [0, 0, 1, 0], [0, 0, 0, 0]]",0.9978529253891573,1861,1859,1858,1,3,0.9994620763851533,0.9983879634605051,0.9989247311827957,1,0,0,0,1,,0.0,0.0,1,4,1,3,0,0.25,1.0,0.4,0,0,0,0,0,,,,0.46630824372759855,0.0,0.0
STFT_2D,WGAN_GP_X5,selected_on_DS1,7100,123,1518,"[[1512, 3, 0, 0], [0, 0, 0, 0], [0, 0, 3, 0], [0, 0, 0, 0]]",0.9980237154150198,1515,1512,1512,0,3,1.0,0.998019801980198,0.9990089197224975,0,3,0,3,0,0.0,,,3,3,3,0,0,1.0,1.0,1.0,0,0,0,0,0,,,,0.9995044598612488,,
STFT_2D,WGAN_GP_X5,selected_on_DS1,7100,200,2600,"[[1739, 1, 0, 2], [27, 3, 0, 0], [39, 6, 780, 1], [2, 0, 0, 0]]",0.97,1742,1807,1739,68,3,0.9623685666851135,0.9982778415614236,0.9799943646097492,30,10,3,7,27,0.3,0.1,0.15,826,780,780,0,46,1.0,0.9443099273607748,0.9713574097135741,2,3,0,3,2,0.0,0.0,0.0,0.5253379435808309,0.075,0.0
STFT_2D,WGAN_GP_X5,selected_on_DS1,7100,202,2136,"[[1999, 1, 5, 56], [33, 4, 18, 0], [1, 0, 18, 0], [0, 0, 1, 0]]",0.9461610486891385,2061,2033,1999,34,62,0.9832759468765372,0.9699175157690442,0.9765510503175379,55,5,4,1,51,0.8,0.07272727272727272,0.13333333333333333,19,42,18,24,1,0.42857142857142855,0.9473684210526315,0.5901639344262295,1,56,0,56,1,0.0,0.0,0.0,0.42501207951927517,0.06666666666666667,0.0
STFT_2D,WGAN_GP_X5,selected_on_DS1,7100,210,2648,"[[2416, 0, 1, 4], [13, 0, 9, 0], [28, 6, 161, 0], [9, 0, 1, 0]]",0.9731873111782477,2421,2466,2416,50,5,0.9797242497972425,0.9979347377116894,0.9887456517290771,22,6,0,6,22,0.0,0.0,0.0,195,172,161,11,34,0.936046511627907,0.8256410256410256,0.8773841961852861,10,4,0,4,10,0.0,0.0,0.0,0.4665324619785908,0.0,0.0
STFT_2D,WGAN_GP_X5,selected_on_DS1,7100,212,2747,"[[2746, 0, 1, 0], [0, 0, 0, 0], [0, 0, 0, 0], [0, 0, 0, 0]]",0.9996359665089188,2747,2746,2746,0,1,1.0,0.9996359665089188,0.9998179501183324,0,0,0,0,0,,,,0,1,0,1,0,0.0,,,0,0,0,0,0,,,,0.9998179501183324,,
STFT_2D,WGAN_GP_X5,selected_on_DS1,7100,213,3250,"[[2640, 0, 0, 0], [26, 0, 2, 0], [43, 1, 168, 8], [347, 0, 6, 9]]",0.8667692307692307,2640,3056,2640,416,0,0.8638743455497382,1.0,0.9269662921348315,28,1,0,1,28,0.0,0.0,0.0,220,176,168,8,52,0.9545454545454546,0.7636363636363637,0.8484848484848485,362,17,9,8,353,0.5294117647058824,0.024861878453038673,0.047493403693931395,0.45573613607840285,0.023746701846965697,0.0
STFT_2D,WGAN_GP_X5,selected_on_DS1,7100,214,2258,"[[1994, 0, 3, 4], [0, 0, 0, 0], [65, 1, 190, 0], [0, 1, 0, 0]]",0.9672276350752879,2001,2059,1994,65,7,0.968431277319087,0.9965017491254373,0.9822660098522168,0,2,0,2,0,0.0,,,256,193,190,3,66,0.9844559585492227,0.7421875,0.8463251670378619,1,4,0,4,1,0.0,0.0,0.0,0.6095303922966929,0.0,0.0
STFT_2D,WGAN_GP_X5,selected_on_DS1,7100,219,2154,"[[2080, 2, 0, 0], [7, 0, 0, 0], [5, 7, 52, 0], [1, 0, 0, 0]]",0.989786443825441,2082,2093,2080,13,2,0.9937888198757764,0.9990393852065321,0.9964071856287425,7,9,0,9,7,0.0,0.0,0.0,64,52,52,0,12,1.0,0.8125,0.896551724137931,1,0,0,0,1,,0.0,0.0,0.4732397274416684,0.0,0.0
STFT_2D,WGAN_GP_X5,selected_on_DS1,7100,221,2427,"[[1996, 35, 0, 0], [0, 0, 0, 0], [0, 0, 396, 0], [0, 0, 0, 0]]",0.9855789039967038,2031,1996,1996,0,35,1.0,0.982767109798129,0.9913086665011175,0,35,0,35,0,0.0,,,396,396,396,0,0,1.0,1.0,1.0,0,0,0,0,0,,,,0.9956543332505587,,
STFT_2D,WGAN_GP_X5,selected_on_DS1,7100,222,2483,"[[2044, 172, 57, 1], [82, 122, 5, 0], [0, 0, 0, 0], [0, 0, 0, 0]]",0.8723318566250503,2274,2126,2044,82,230,0.9614299153339605,0.8988566402814424,0.9290909090909091,209,294,122,172,87,0.41496598639455784,0.583732057416268,0.4850894632206759,0,62,0,62,0,0.0,,,0,1,0,1,0,0.0,,,0.7070901861557926,0.4850894632206759,0.4850894632206759
STFT_2D,WGAN_GP_X5,selected_on_DS1,7100,228,2053,"[[1686, 0, 2, 0], [2, 1, 0, 0], [20, 0, 342, 0], [0, 0, 0, 0]]",0.988309790550414,1688,1708,1686,22,2,0.9871194379391101,0.9988151658767772,0.9929328621908127,3,1,1,0,2,1.0,0.3333333333333333,0.5,362,344,342,2,20,0.9941860465116279,0.9447513812154696,0.9688385269121813,0,0,0,0,0,,,,0.8205904630343314,0.5,0.5
STFT_2D,WGAN_GP_X5,selected_on_DS1,7100,231,1571,"[[1568, 0, 0, 0], [1, 0, 0, 0], [0, 0, 2, 0], [0, 0, 0, 0]]",0.9993634627625716,1568,1569,1568,1,0,0.9993626513702996,1.0,0.999681224099458,1,0,0,0,1,,0.0,0.0,2,2,2,0,0,1.0,1.0,1.0,0,0,0,0,0,,,,0.6665604080331526,0.0,0.0
STFT_2D,WGAN_GP_X5,selected_on_DS1,7100,232,1780,"[[397, 1, 0, 0], [873, 494, 14, 1], [0, 0, 0, 0], [0, 0, 0, 0]]",0.500561797752809,398,1270,397,873,1,0.3125984251968504,0.9974874371859297,0.47601918465227816,1382,495,494,1,888,0.997979797979798,0.35745296671490595,0.5263718700053277,0,14,0,14,0,0.0,,,0,1,0,1,0,0.0,,,0.5011955273288029,0.5263718700053277,0.5263718700053277
STFT_2D,WGAN_GP_X5,selected_on_DS1,7100,233,3077,"[[1219, 0, 485, 525], [2, 0, 5, 0], [4, 16, 809, 1], [1, 0, 6, 4]]",0.6603834904127397,2229,1226,1219,7,1010,0.9942903752039152,0.5468820098698968,0.705643994211288,7,16,0,16,7,0.0,0.0,0.0,830,1305,809,496,21,0.6199233716475095,0.9746987951807229,0.7578454332552693,11,530,4,526,7,0.007547169811320755,0.36363636363636365,0.014787430683918669,0.369569214537619,0.0073937153419593345,0.0
STFT_2D,WGAN_GP_X5,selected_on_DS1,7100,234,2753,"[[2700, 0, 0, 0], [49, 1, 0, 0], [0, 0, 3, 0], [0, 0, 0, 0]]",0.9822012350163458,2700,2749,2700,49,0,0.9821753364859949,1.0,0.9910075243163883,50,1,1,0,49,1.0,0.02,0.0392156862745098,3,3,3,0,0,1.0,1.0,1.0,0,0,0,0,0,,,,0.6767410701969659,0.0392156862745098,0.0392156862745098
STFT_2D,WGAN_GP_X5,selected_on_DS1,7101,100,2272,"[[2238, 0, 0, 0], [4, 29, 0, 0], [1, 0, 0, 0], [0, 0, 0, 0]]",0.9977992957746479,2238,2243,2238,5,0,0.9977708426214891,1.0,0.9988841776389199,33,29,29,0,4,1.0,0.8787878787878788,0.9354838709677419,1,0,0,0,1,,0.0,0.0,0,0,0,0,0,,,,0.644789349535554,0.9354838709677419,0.9354838709677419
STFT_2D,WGAN_GP_X5,selected_on_DS1,7101,103,2084,"[[2082, 0, 0, 0], [2, 0, 0, 0], [0, 0, 0, 0], [0, 0, 0, 0]]",0.9990403071017274,2082,2084,2082,2,0,0.9990403071017274,1.0,0.99951992318771,2,0,0,0,2,,0.0,0.0,0,0,0,0,0,,,,0,0,0,0,0,,,,0.499759961593855,0.0,0.0
STFT_2D,WGAN_GP_X5,selected_on_DS1,7101,105,2567,"[[2461, 0, 64, 1], [0, 0, 0, 0], [16, 1, 24, 0], [0, 0, 0, 0]]",0.9680560966108298,2526,2477,2461,16,65,0.9935405732741219,0.9742676167854315,0.9838097141714971,0,1,0,1,0,0.0,,,41,88,24,64,17,0.2727272727272727,0.5853658536585366,0.37209302325581395,0,1,0,1,0,0.0,,,0.6779513687136556,,
STFT_2D,WGAN_GP_X5,selected_on_DS1,7101,111,2124,"[[2112, 0, 11, 0], [0, 0, 0, 0], [0, 0, 1, 0], [0, 0, 0, 0]]",0.9948210922787194,2123,2112,2112,0,11,1.0,0.9948186528497409,0.9974025974025974,0,0,0,0,0,,,,1,12,1,11,0,0.08333333333333333,1.0,0.15384615384615385,0,0,0,0,0,,,,0.5756243756243756,,
STFT_2D,WGAN_GP_X5,selected_on_DS1,7101,113,1794,"[[1786, 2, 0, 0], [0, 3, 3, 0], [0, 0, 0, 0], [0, 0, 0, 0]]",0.9972129319955407,1788,1786,1786,0,2,1.0,0.9988814317673378,0.9994404029099049,6,5,3,2,3,0.6,0.5,0.5454545454545454,0,3,0,3,0,0.0,,,0,0,0,0,0,,,,0.7724474741822251,0.5454545454545454,0.5454545454545454
STFT_2D,WGAN_GP_X5,selected_on_DS1,7101,117,1534,"[[1353, 0, 180, 0], [0, 0, 1, 0], [0, 0, 0, 0], [0, 0, 0, 0]]",0.8820078226857888,1533,1353,1353,0,180,1.0,0.8825831702544031,0.9376299376299376,1,0,0,0,1,,0.0,0.0,0,181,0,181,0,0.0,,,0,0,0,0,0,,,,0.4688149688149688,0.0,0.0
STFT_2D,WGAN_GP_X5,selected_on_DS1,7101,121,1863,"[[1859, 0, 2, 0], [1, 0, 0, 0], [0, 0, 1, 0], [0, 0, 0, 0]]",0.998389694041868,1861,1860,1859,1,2,0.9994623655913979,0.99892530897367,0.999193765116904,1,0,0,0,1,,0.0,0.0,1,3,1,2,0,0.3333333333333333,1.0,0.5,0,0,0,0,0,,,,0.49973125503896804,0.0,0.0
STFT_2D,WGAN_GP_X5,selected_on_DS1,7101,123,1518,"[[1512, 3, 0, 0], [0, 0, 0, 0], [0, 0, 3, 0], [0, 0, 0, 0]]",0.9980237154150198,1515,1512,1512,0,3,1.0,0.998019801980198,0.9990089197224975,0,3,0,3,0,0.0,,,3,3,3,0,0,1.0,1.0,1.0,0,0,0,0,0,,,,0.9995044598612488,,
STFT_2D,WGAN_GP_X5,selected_on_DS1,7101,200,2600,"[[1742, 0, 0, 0], [29, 1, 0, 0], [40, 7, 778, 1], [2, 0, 0, 0]]",0.9696153846153847,1742,1813,1742,71,0,0.960838389409818,1.0,0.980028129395218,30,8,1,7,29,0.125,0.03333333333333333,0.05263157894736842,826,778,778,0,48,1.0,0.9418886198547215,0.970074812967581,2,1,0,1,2,0.0,0.0,0.0,0.5006836303275418,0.02631578947368421,0.0
STFT_2D,WGAN_GP_X5,selected_on_DS1,7101,202,2136,"[[2017, 0, 2, 42], [37, 4, 14, 0], [0, 0, 19, 0], [1, 0, 0, 0]]",0.9550561797752809,2061,2055,2017,38,44,0.9815085158150851,0.9786511402231927,0.9800777453838678,55,4,4,0,51,1.0,0.07272727272727272,0.13559322033898305,19,35,19,16,0,0.5428571428571428,1.0,0.7037037037037037,1,42,0,42,1,0.0,0.0,0.0,0.45484366735663867,0.06779661016949153,0.0
STFT_2D,WGAN_GP_X5,selected_on_DS1,7101,210,2648,"[[2417, 0, 1, 3], [14, 1, 7, 0], [26, 10, 159, 0], [9, 0, 1, 0]]",0.9731873111782477,2421,2466,2417,49,4,0.9801297648012977,0.9983477901693515,0.9891549007571107,22,11,1,10,21,0.09090909090909091,0.045454545454545456,0.06060606060606061,195,168,159,9,36,0.9464285714285714,0.8153846153846154,0.8760330578512396,10,3,0,3,10,0.0,0.0,0.0,0.48144850480360274,0.030303030303030304,0.0
STFT_2D,WGAN_GP_X5,selected_on_DS1,7101,212,2747,"[[2733, 0, 14, 0], [0, 0, 0, 0], [0, 0, 0, 0], [0, 0, 0, 0]]",0.9949035311248635,2747,2733,2733,0,14,1.0,0.9949035311248635,0.9974452554744525,0,0,0,0,0,,,,0,14,0,14,0,0.0,,,0,0,0,0,0,,,,0.9974452554744525,,
STFT_2D,WGAN_GP_X5,selected_on_DS1,7101,213,3250,"[[2640, 0, 0, 0], [25, 0, 3, 0], [53, 1, 166, 0], [352, 0, 9, 1]]",0.8636923076923076,2640,3070,2640,430,0,0.8599348534201955,1.0,0.9246935201401051,28,1,0,1,28,0.0,0.0,0.0,220,178,166,12,54,0.9325842696629213,0.7545454545454545,0.8341708542713567,362,1,1,0,361,1.0,0.0027624309392265192,0.005509641873278237,0.441093504071185,0.0027548209366391185,0.0
STFT_2D,WGAN_GP_X5,selected_on_DS1,7101,214,2258,"[[1996, 0, 4, 1], [0, 0, 0, 0], [39, 3, 214, 0], [1, 0, 0, 0]]",0.978742249778565,2001,2036,1996,40,5,0.9803536345776032,0.9975012493753124,0.9888531087441169,0,3,0,3,0,0.0,,,256,218,214,4,42,0.981651376146789,0.8359375,0.9029535864978903,1,1,0,1,1,0.0,0.0,0.0,0.6306022317473358,0.0,0.0
STFT_2D,WGAN_GP_X5,selected_on_DS1,7101,219,2154,"[[2082, 0, 0, 0], [7, 0, 0, 0], [8, 6, 50, 0], [1, 0, 0, 0]]",0.989786443825441,2082,2098,2082,16,0,0.9923736892278361,1.0,0.9961722488038277,7,6,0,6,7,0.0,0.0,0.0,64,50,50,0,14,1.0,0.78125,0.8771929824561403,1,0,0,0,1,,0.0,0.0,0.468341307814992,0.0,0.0
STFT_2D,WGAN_GP_X5,selected_on_DS1,7101,221,2427,"[[2028, 3, 0, 0], [0, 0, 0, 0], [2, 0, 394, 0], [0, 0, 0, 0]]",0.9979398434281005,2031,2030,2028,2,3,0.9990147783251232,0.9985228951255539,0.9987687761635066,0,3,0,3,0,0.0,,,396,394,394,0,2,1.0,0.9949494949494949,0.9974683544303797,0,0,0,0,0,,,,0.9981185652969431,,
STFT_2D,WGAN_GP_X5,selected_on_DS1,7101,222,2483,"[[1902, 309, 63, 0], [35, 170, 4, 0], [0, 0, 0, 0], [0, 0, 0, 0]]",0.8344744260974627,2274,1937,1902,35,372,0.9819308208569953,0.8364116094986808,0.9033483733080029,209,479,170,309,39,0.35490605427974947,0.8133971291866029,0.4941860465116279,0,67,0,67,0,0.0,,,0,0,0,0,0,,,,0.6987672099098154,0.4941860465116279,0.4941860465116279
STFT_2D,WGAN_GP_X5,selected_on_DS1,7101,228,2053,"[[1685, 0, 3, 0], [3, 0, 0, 0], [22, 1, 339, 0], [0, 0, 0, 0]]",0.985874330248417,1688,1710,1685,25,3,0.9853801169590644,0.9982227488151659,0.9917598587404356,3,1,0,1,3,0.0,0.0,0.0,362,342,339,3,23,0.9912280701754386,0.93646408839779,0.9630681818181818,0,0,0,0,0,,,,0.6516093468528724,0.0,0.0
STFT_2D,WGAN_GP_X5,selected_on_DS1,7101,231,1571,"[[1565, 0, 3, 0], [1, 0, 0, 0], [0, 0, 2, 0], [0, 0, 0, 0]]",0.9974538510502864,1568,1566,1565,1,3,0.9993614303959132,0.9980867346938775,0.9987236758136566,1,0,0,0,1,,0.0,0.0,2,5,2,3,0,0.4,1.0,0.5714285714285714,0,0,0,0,0,,,,0.523384082414076,0.0,0.0
STFT_2D,WGAN_GP_X5,selected_on_DS1,7101,232,1780,"[[397, 0, 1, 0], [1001, 252, 129, 0], [0, 0, 0, 0], [0, 0, 0, 0]]",0.3646067415730337,398,1398,397,1001,1,0.28397711015736765,0.9974874371859297,0.4420935412026726,1382,252,252,0,1130,1.0,0.18234442836468887,0.3084455324357405,0,130,0,130,0,0.0,,,0,0,0,0,0,,,,0.37526953681920655,0.3084455324357405,0.3084455324357405
STFT_2D,WGAN_GP_X5,selected_on_DS1,7101,233,3077,"[[1078, 0, 206, 945], [2, 0, 5, 0], [4, 10, 815, 1], [2, 0, 5, 4]]",0.6165095872603185,2229,1086,1078,8,1151,0.992633517495396,0.48362494392104083,0.6503770739064857,7,10,0,10,7,0.0,0.0,0.0,830,1031,815,216,15,0.7904946653734238,0.9819277108433735,0.8758731864588931,11,950,4,946,7,0.004210526315789474,0.36363636363636365,0.008324661810613945,0.38364373054399814,0.004162330905306972,0.0
STFT_2D,WGAN_GP_X5,selected_on_DS1,7101,234,2753,"[[2700, 0, 0, 0], [50, 0, 0, 0], [0, 0, 3, 0], [0, 0, 0, 0]]",0.9818379949146385,2700,2750,2700,50,0,0.9818181818181818,1.0,0.9908256880733946,50,0,0,0,50,,0.0,0.0,3,3,3,0,0,1.0,1.0,1.0,0,0,0,0,0,,,,0.6636085626911316,0.0,0.0
STFT_2D,WGAN_GP_X5,selected_on_DS1,7102,100,2272,"[[2238, 0, 0, 0], [2, 31, 0, 0], [1, 0, 0, 0], [0, 0, 0, 0]]",0.9986795774647887,2238,2241,2238,3,0,0.998661311914324,1.0,0.999330207635633,33,31,31,0,2,1.0,0.9393939393939394,0.96875,1,0,0,0,1,,0.0,0.0,0,0,0,0,0,,,,0.6560267358785443,0.96875,0.96875
STFT_2D,WGAN_GP_X5,selected_on_DS1,7102,103,2084,"[[2082, 0, 0, 0], [1, 1, 0, 0], [0, 0, 0, 0], [0, 0, 0, 0]]",0.9995201535508638,2082,2083,2082,1,0,0.99951992318771,1.0,0.9997599039615847,2,1,1,0,1,1.0,0.5,0.6666666666666666,0,0,0,0,0,,,,0,0,0,0,0,,,,0.8332132853141256,0.6666666666666666,0.6666666666666666
STFT_2D,WGAN_GP_X5,selected_on_DS1,7102,105,2567,"[[2462, 1, 63, 0], [0, 0, 0, 0], [2, 0, 39, 0], [0, 0, 0, 0]]",0.9742890533696923,2526,2464,2462,2,64,0.9991883116883117,0.9746634996041171,0.9867735470941884,0,1,0,1,0,0.0,,,41,102,39,63,2,0.38235294117647056,0.9512195121951219,0.5454545454545454,0,0,0,0,0,,,,0.766114046274367,,
STFT_2D,WGAN_GP_X5,selected_on_DS1,7102,111,2124,"[[2086, 0, 37, 0], [0, 0, 0, 0], [0, 0, 1, 0], [0, 0, 0, 0]]",0.9825800376647834,2123,2086,2086,0,37,1.0,0.9825718323127649,0.9912093133760989,0,0,0,0,0,,,,1,38,1,37,0,0.02631578947368421,1.0,0.05128205128205128,0,0,0,0,0,,,,0.5212456823290751,,
STFT_2D,WGAN_GP_X5,selected_on_DS1,7102,113,1794,"[[1788, 0, 0, 0], [0, 1, 5, 0], [0, 0, 0, 0], [0, 0, 0, 0]]",0.9972129319955407,1788,1788,1788,0,0,1.0,1.0,1.0,6,1,1,0,5,1.0,0.16666666666666666,0.2857142857142857,0,5,0,5,0,0.0,,,0,0,0,0,0,,,,0.6428571428571428,0.2857142857142857,0.2857142857142857
STFT_2D,WGAN_GP_X5,selected_on_DS1,7102,117,1534,"[[1175, 0, 358, 0], [0, 0, 1, 0], [0, 0, 0, 0], [0, 0, 0, 0]]",0.7659713168187744,1533,1175,1175,0,358,1.0,0.766470971950424,0.8677991137370753,1,0,0,0,1,,0.0,0.0,0,359,0,359,0,0.0,,,0,0,0,0,0,,,,0.43389955686853765,0.0,0.0
STFT_2D,WGAN_GP_X5,selected_on_DS1,7102,121,1863,"[[1857, 0, 4, 0], [0, 0, 1, 0], [0, 0, 1, 0], [0, 0, 0, 0]]",0.9973161567364466,1861,1857,1857,0,4,1.0,0.9978506179473401,0.9989241527703067,1,0,0,0,1,,0.0,0.0,1,6,1,5,0,0.16666666666666666,1.0,0.2857142857142857,0,0,0,0,0,,,,0.42821281282819745,0.0,0.0
STFT_2D,WGAN_GP_X5,selected_on_DS1,7102,123,1518,"[[1512, 3, 0, 0], [0, 0, 0, 0], [0, 0, 3, 0], [0, 0, 0, 0]]",0.9980237154150198,1515,1512,1512,0,3,1.0,0.998019801980198,0.9990089197224975,0,3,0,3,0,0.0,,,3,3,3,0,0,1.0,1.0,1.0,0,0,0,0,0,,,,0.9995044598612488,,
STFT_2D,WGAN_GP_X5,selected_on_DS1,7102,200,2600,"[[1742, 0, 0, 0], [26, 3, 1, 0], [21, 6, 799, 0], [2, 0, 0, 0]]",0.9784615384615385,1742,1791,1742,49,0,0.972640982691234,1.0,0.9861307670534956,30,9,3,6,27,0.3333333333333333,0.1,0.15384615384615385,826,800,799,1,27,0.99875,0.9673123486682809,0.982779827798278,2,0,0,0,2,,0.0,0.0,0.5306891871744819,0.07692307692307693,0.0
STFT_2D,WGAN_GP_X5,selected_on_DS1,7102,202,2136,"[[1943, 17, 18, 83], [23, 9, 23, 0], [0, 0, 19, 0], [1, 0, 0, 0]]",0.922752808988764,2061,1967,1943,24,118,0.9877986781901372,0.9427462396894711,0.964746772591857,55,26,9,17,46,0.34615384615384615,0.16363636363636364,0.2222222222222222,19,60,19,41,0,0.31666666666666665,1.0,0.4810126582278481,1,83,0,83,1,0.0,0.0,0.0,0.41699541326048184,0.1111111111111111,0.0
STFT_2D,WGAN_GP_X5,selected_on_DS1,7102,210,2648,"[[2369, 0, 31, 21], [10, 0, 12, 0], [14, 14, 166, 1], [9, 0, 1, 0]]",0.9573262839879154,2421,2402,2369,33,52,0.9862614487926727,0.9785212722015696,0.9823761144515861,22,14,0,14,22,0.0,0.0,0.0,195,210,166,44,29,0.7904761904761904,0.8512820512820513,0.8197530864197531,10,22,0,22,10,0.0,0.0,0.0,0.4505323002178348,0.0,0.0
STFT_2D,WGAN_GP_X5,selected_on_DS1,7102,212,2747,"[[2717, 0, 30, 0], [0, 0, 0, 0], [0, 0, 0, 0], [0, 0, 0, 0]]",0.9890789952675646,2747,2717,2717,0,30,1.0,0.9890789952675646,0.9945095168374817,0,0,0,0,0,,,,0,30,0,30,0,0.0,,,0,0,0,0,0,,,,0.9945095168374817,,
STFT_2D,WGAN_GP_X5,selected_on_DS1,7102,213,3250,"[[2640, 0, 0, 0], [24, 0, 4, 0], [87, 0, 133, 0], [346, 0, 16, 0]]",0.8532307692307692,2640,3097,2640,457,0,0.8524378430739425,1.0,0.9203416419731567,28,0,0,0,28,,0.0,0.0,220,153,133,20,87,0.869281045751634,0.6045454545454545,0.7131367292225201,362,0,0,0,362,,0.0,0.0,0.4083695927989192,0.0,0.0
STFT_2D,WGAN_GP_X5,selected_on_DS1,7102,214,2258,"[[1997, 0, 4, 0], [0, 0, 0, 0], [9, 0, 247, 0], [0, 0, 1, 0]]",0.9937998228520815,2001,2006,1997,9,4,0.9955134596211366,0.9980009995002499,0.9967556775642625,0,0,0,0,0,,,,256,252,247,5,9,0.9801587301587301,0.96484375,0.9724409448818898,1,0,0,0,1,,0.0,0.0,0.6563988741487174,0.0,0.0
STFT_2D,WGAN_GP_X5,selected_on_DS1,7102,219,2154,"[[2049, 31, 2, 0], [7, 0, 0, 0], [2, 7, 55, 0], [0, 1, 0, 0]]",0.9767873723305478,2082,2058,2049,9,33,0.9956268221574344,0.984149855907781,0.9898550724637681,7,39,0,39,7,0.0,0.0,0.0,64,57,55,2,9,0.9649122807017544,0.859375,0.9090909090909091,1,0,0,0,1,,0.0,0.0,0.4747364953886693,0.0,0.0
STFT_2D,WGAN_GP_X5,selected_on_DS1,7102,221,2427,"[[1983, 48, 0, 0], [0, 0, 0, 0], [0, 0, 396, 0], [0, 0, 0, 0]]",0.9802224969097652,2031,1983,1983,0,48,1.0,0.9763663220088626,0.9880418535127056,0,48,0,48,0,0.0,,,396,396,396,0,0,1.0,1.0,1.0,0,0,0,0,0,,,,0.9940209267563528,,
STFT_2D,WGAN_GP_X5,selected_on_DS1,7102,222,2483,"[[1889, 86, 298, 1], [29, 126, 54, 0], [0, 0, 0, 0], [0, 0, 0, 0]]",0.8115183246073299,2274,1918,1889,29,385,0.9848800834202294,0.8306948109058927,0.9012404580152672,209,212,126,86,83,0.5943396226415094,0.6028708133971292,0.5985748218527316,0,352,0,352,0,0.0,,,0,1,0,1,0,0.0,,,0.7499076399339994,0.5985748218527316,0.5985748218527316
STFT_2D,WGAN_GP_X5,selected_on_DS1,7102,228,2053,"[[1685, 0, 3, 0], [1, 1, 1, 0], [8, 0, 354, 0], [0, 0, 0, 0]]",0.9936678032148076,1688,1694,1685,9,3,0.9946871310507674,0.9982227488151659,0.9964518036664696,3,1,1,0,2,1.0,0.3333333333333333,0.5,362,358,354,4,8,0.9888268156424581,0.9779005524861878,0.9833333333333333,0,0,0,0,0,,,,0.8265950456666009,0.5,0.5
STFT_2D,WGAN_GP_X5,selected_on_DS1,7102,231,1571,"[[1564, 0, 4, 0], [1, 0, 0, 0], [0, 0, 2, 0], [0, 0, 0, 0]]",0.9968173138128581,1568,1565,1564,1,4,0.9993610223642172,0.9974489795918368,0.998404085541015,1,0,0,0,1,,0.0,0.0,2,6,2,4,0,0.3333333333333333,1.0,0.5,0,0,0,0,0,,,,0.49946802851367167,0.0,0.0
STFT_2D,WGAN_GP_X5,selected_on_DS1,7102,232,1780,"[[396, 0, 2, 0], [797, 393, 192, 0], [0, 0, 0, 0], [0, 0, 0, 0]]",0.44325842696629214,398,1193,396,797,2,0.3319362950544845,0.9949748743718593,0.49780012570710247,1382,393,393,0,989,1.0,0.28437047756874095,0.4428169014084507,0,194,0,194,0,0.0,,,0,0,0,0,0,,,,0.4703085135577766,0.4428169014084507,0.4428169014084507
STFT_2D,WGAN_GP_X5,selected_on_DS1,7102,233,3077,"[[739, 0, 1149, 341], [0, 0, 7, 0], [4, 10, 816, 0], [2, 0, 6, 3]]",0.5063373415664608,2229,745,739,6,1490,0.9919463087248322,0.3315388066397488,0.4969737726967048,7,10,0,10,7,0.0,0.0,0.0,830,1978,816,1162,14,0.41253791708796766,0.983132530120482,0.5811965811965812,11,344,3,341,8,0.00872093023255814,0.2727272727272727,0.016901408450704224,0.27376794058599757,0.008450704225352112,0.0
STFT_2D,WGAN_GP_X5,selected_on_DS1,7102,234,2753,"[[2700, 0, 0, 0], [37, 10, 2, 1], [0, 0, 3, 0], [0, 0, 0, 0]]",0.9854703959317108,2700,2737,2700,37,0,0.9864815491413957,1.0,0.9931947765311753,50,10,10,0,40,1.0,0.2,0.3333333333333333,3,5,3,2,0,0.6,1.0,0.75,0,1,0,1,0,0.0,,,0.6921760366215027,0.3333333333333333,0.3333333333333333
STFT_2D,WGAN_GP_X5,selected_on_DS1,7103,100,2272,"[[2238, 0, 0, 0], [3, 30, 0, 0], [1, 0, 0, 0], [0, 0, 0, 0]]",0.9982394366197183,2238,2242,2238,4,0,0.9982158786797503,1.0,0.9991071428571429,33,30,30,0,3,1.0,0.9090909090909091,0.9523809523809523,1,0,0,0,1,,0.0,0.0,0,0,0,0,0,,,,0.6504960317460317,0.9523809523809523,0.9523809523809523
STFT_2D,WGAN_GP_X5,selected_on_DS1,7103,103,2084,"[[2082, 0, 0, 0], [1, 1, 0, 0], [0, 0, 0, 0], [0, 0, 0, 0]]",0.9995201535508638,2082,2083,2082,1,0,0.99951992318771,1.0,0.9997599039615847,2,1,1,0,1,1.0,0.5,0.6666666666666666,0,0,0,0,0,,,,0,0,0,0,0,,,,0.8332132853141256,0.6666666666666666,0.6666666666666666
STFT_2D,WGAN_GP_X5,selected_on_DS1,7103,105,2567,"[[2460, 1, 64, 1], [0, 0, 0, 0], [0, 0, 41, 0], [0, 0, 0, 0]]",0.9742890533696923,2526,2460,2460,0,66,1.0,0.9738717339667459,0.98676293622142,0,1,0,1,0,0.0,,,41,105,41,64,0,0.3904761904761905,1.0,0.5616438356164384,0,1,0,1,0,0.0,,,0.7742033859189292,,
STFT_2D,WGAN_GP_X5,selected_on_DS1,7103,111,2124,"[[2119, 0, 4, 0], [0, 0, 0, 0], [0, 0, 1, 0], [0, 0, 0, 0]]",0.9981167608286252,2123,2119,2119,0,4,1.0,0.9981158737635422,0.9990570485619991,0,0,0,0,0,,,,1,5,1,4,0,0.2,1.0,0.3333333333333333,0,0,0,0,0,,,,0.6661951909476662,,
STFT_2D,WGAN_GP_X5,selected_on_DS1,7103,113,1794,"[[1787, 1, 0, 0], [0, 1, 5, 0], [0, 0, 0, 0], [0, 0, 0, 0]]",0.9966555183946488,1788,1787,1787,0,1,1.0,0.9994407158836689,0.9997202797202798,6,2,1,1,5,0.5,0.16666666666666666,0.25,0,5,0,5,0,0.0,,,0,0,0,0,0,,,,0.6248601398601399,0.25,0.25
STFT_2D,WGAN_GP_X5,selected_on_DS1,7103,117,1534,"[[1513, 0, 20, 0], [0, 0, 1, 0], [0, 0, 0, 0], [0, 0, 0, 0]]",0.9863102998696219,1533,1513,1513,0,20,1.0,0.9869536855838226,0.9934340118187788,1,0,0,0,1,,0.0,0.0,0,21,0,21,0,0.0,,,0,0,0,0,0,,,,0.4967170059093894,0.0,0.0
STFT_2D,WGAN_GP_X5,selected_on_DS1,7103,121,1863,"[[1851, 0, 10, 0], [0, 0, 1, 0], [0, 0, 1, 0], [0, 0, 0, 0]]",0.9940955448201825,1861,1851,1851,0,10,1.0,0.9946265448683503,0.9973060344827587,1,0,0,0,1,,0.0,0.0,1,12,1,11,0,0.08333333333333333,1.0,0.15384615384615385,0,0,0,0,0,,,,0.38371739610963757,0.0,0.0
STFT_2D,WGAN_GP_X5,selected_on_DS1,7103,123,1518,"[[1512, 3, 0, 0], [0, 0, 0, 0], [0, 0, 3, 0], [0, 0, 0, 0]]",0.9980237154150198,1515,1512,1512,0,3,1.0,0.998019801980198,0.9990089197224975,0,3,0,3,0,0.0,,,3,3,3,0,0,1.0,1.0,1.0,0,0,0,0,0,,,,0.9995044598612488,,
STFT_2D,WGAN_GP_X5,selected_on_DS1,7103,200,2600,"[[1741, 0, 0, 1], [29, 1, 0, 0], [26, 1, 798, 1], [2, 0, 0, 0]]",0.9769230769230769,1742,1798,1741,57,1,0.9682981090100111,0.9994259471871412,0.9836158192090395,30,2,1,1,29,0.5,0.03333333333333333,0.0625,826,798,798,0,28,1.0,0.9661016949152542,0.9827586206896551,2,2,0,2,2,0.0,0.0,0.0,0.5072186099746737,0.03125,0.0
STFT_2D,WGAN_GP_X5,selected_on_DS1,7103,202,2136,"[[1895, 7, 9, 150], [19, 8, 28, 0], [1, 0, 18, 0], [1, 0, 0, 0]]",0.8993445692883895,2061,1916,1895,21,166,0.9890396659707724,0.9194565744784086,0.9529796328891124,55,15,8,7,47,0.5333333333333333,0.14545454545454545,0.22857142857142856,19,55,18,37,1,0.32727272727272727,0.9473684210526315,0.4864864864864865,1,150,0,150,1,0.0,0.0,0.0,0.4170093869867568,0.11428571428571428,0.0
STFT_2D,WGAN_GP_X5,selected_on_DS1,7103,210,2648,"[[2396, 7, 9, 9], [8, 0, 14, 0], [22, 4, 168, 1], [10, 0, 0, 0]]",0.9682779456193353,2421,2436,2396,40,25,0.9835796387520526,0.989673688558447,0.9866172534486308,22,11,0,11,22,0.0,0.0,0.0,195,191,168,23,27,0.8795811518324608,0.8615384615384616,0.8704663212435233,10,10,0,10,10,0.0,0.0,0.0,0.46427089367303853,0.0,0.0
STFT_2D,WGAN_GP_X5,selected_on_DS1,7103,212,2747,"[[2746, 0, 1, 0], [0, 0, 0, 0], [0, 0, 0, 0], [0, 0, 0, 0]]",0.9996359665089188,2747,2746,2746,0,1,1.0,0.9996359665089188,0.9998179501183324,0,0,0,0,0,,,,0,1,0,1,0,0.0,,,0,0,0,0,0,,,,0.9998179501183324,,
STFT_2D,WGAN_GP_X5,selected_on_DS1,7103,213,3250,"[[2640, 0, 0, 0], [24, 0, 4, 0], [95, 0, 125, 0], [344, 0, 18, 0]]",0.8507692307692307,2640,3103,2640,463,0,0.8507895584917822,1.0,0.9193801149225144,28,0,0,0,28,,0.0,0.0,220,147,125,22,95,0.8503401360544217,0.5681818181818182,0.6811989100817438,362,0,0,0,362,,0.0,0.0,0.40014475625106455,0.0,0.0
STFT_2D,WGAN_GP_X5,selected_on_DS1,7103,214,2258,"[[1997, 0, 3, 1], [0, 0, 0, 0], [3, 1, 252, 0], [0, 1, 0, 0]]",0.996014171833481,2001,2000,1997,3,4,0.9985,0.9980009995002499,0.9982504373906523,0,2,0,2,0,0.0,,,256,255,252,3,4,0.9882352941176471,0.984375,0.9863013698630136,1,1,0,1,1,0.0,0.0,0.0,0.6615172690845553,0.0,0.0
STFT_2D,WGAN_GP_X5,selected_on_DS1,7103,219,2154,"[[2033, 49, 0, 0], [7, 0, 0, 0], [3, 5, 56, 0], [0, 1, 0, 0]]",0.9698235840297121,2082,2043,2033,10,49,0.9951052373959863,0.9764649375600384,0.9856969696969697,7,55,0,55,7,0.0,0.0,0.0,64,56,56,0,8,1.0,0.875,0.9333333333333333,1,0,0,0,1,,0.0,0.0,0.47975757575757577,0.0,0.0
STFT_2D,WGAN_GP_X5,selected_on_DS1,7103,221,2427,"[[2010, 21, 0, 0], [0, 0, 0, 0], [1, 0, 395, 0], [0, 0, 0, 0]]",0.9909353110836424,2031,2011,2010,1,21,0.9995027349577325,0.9896602658788775,0.9945571499257794,0,21,0,21,0,0.0,,,396,395,395,0,1,1.0,0.9974747474747475,0.9987357774968394,0,0,0,0,0,,,,0.9966464637113094,,
STFT_2D,WGAN_GP_X5,selected_on_DS1,7103,222,2483,"[[2022, 140, 107, 5], [41, 150, 18, 0], [0, 0, 0, 0], [0, 0, 0, 0]]",0.8747482883608538,2274,2063,2022,41,252,0.9801260300533204,0.8891820580474934,0.9324417800322804,209,290,150,140,59,0.5172413793103449,0.7177033492822966,0.6012024048096193,0,125,0,125,0,0.0,,,0,5,0,5,0,0.0,,,0.7668220924209499,0.6012024048096193,0.6012024048096193
STFT_2D,WGAN_GP_X5,selected_on_DS1,7103,228,2053,"[[1683, 0, 5, 0], [2, 1, 0, 0], [3, 0, 359, 0], [0, 0, 0, 0]]",0.9951290793960058,1688,1688,1683,5,5,0.9970379146919431,0.9970379146919431,0.9970379146919431,3,1,1,0,2,1.0,0.3333333333333333,0.5,362,364,359,5,3,0.9862637362637363,0.9917127071823204,0.9889807162534435,0,0,0,0,0,,,,0.8286728769817956,0.5,0.5
STFT_2D,WGAN_GP_X5,selected_on_DS1,7103,231,1571,"[[1568, 0, 0, 0], [1, 0, 0, 0], [0, 0, 2, 0], [0, 0, 0, 0]]",0.9993634627625716,1568,1569,1568,1,0,0.9993626513702996,1.0,0.999681224099458,1,0,0,0,1,,0.0,0.0,2,2,2,0,0,1.0,1.0,1.0,0,0,0,0,0,,,,0.6665604080331526,0.0,0.0
STFT_2D,WGAN_GP_X5,selected_on_DS1,7103,232,1780,"[[398, 0, 0, 0], [1141, 69, 172, 0], [0, 0, 0, 0], [0, 0, 0, 0]]",0.26235955056179777,398,1539,398,1141,0,0.2586094866796621,1.0,0.4109447599380485,1382,69,69,0,1313,1.0,0.049927641099855286,0.09510682288077188,0,172,0,172,0,0.0,,,0,0,0,0,0,,,,0.2530257914094102,0.09510682288077188,0.09510682288077188
STFT_2D,WGAN_GP_X5,selected_on_DS1,7103,233,3077,"[[958, 0, 811, 460], [2, 0, 5, 0], [6, 4, 819, 1], [1, 0, 6, 4]]",0.5788105297367566,2229,967,958,9,1271,0.9906928645294726,0.4297891431135038,0.5994993742177722,7,4,0,4,7,0.0,0.0,0.0,830,1641,819,822,11,0.4990859232175503,0.9867469879518073,0.6628895184135978,11,465,4,461,7,0.008602150537634409,0.36363636363636365,0.01680672268907563,0.3197989038301114,0.008403361344537815,0.0
STFT_2D,WGAN_GP_X5,selected_on_DS1,7103,234,2753,"[[2700, 0, 0, 0], [44, 6, 0, 0], [0, 0, 3, 0], [0, 0, 0, 0]]",0.984017435524882,2700,2744,2700,44,0,0.9839650145772595,1.0,0.9919177075679647,50,6,6,0,44,1.0,0.12,0.21428571428571427,3,3,3,0,0,1.0,1.0,1.0,0,0,0,0,0,,,,0.735401140617893,0.21428571428571427,0.21428571428571427
STFT_2D,WGAN_GP_X5,selected_on_DS1,7104,100,2272,"[[2238, 0, 0, 0], [2, 31, 0, 0], [1, 0, 0, 0], [0, 0, 0, 0]]",0.9986795774647887,2238,2241,2238,3,0,0.998661311914324,1.0,0.999330207635633,33,31,31,0,2,1.0,0.9393939393939394,0.96875,1,0,0,0,1,,0.0,0.0,0,0,0,0,0,,,,0.6560267358785443,0.96875,0.96875
STFT_2D,WGAN_GP_X5,selected_on_DS1,7104,103,2084,"[[2082, 0, 0, 0], [1, 1, 0, 0], [0, 0, 0, 0], [0, 0, 0, 0]]",0.9995201535508638,2082,2083,2082,1,0,0.99951992318771,1.0,0.9997599039615847,2,1,1,0,1,1.0,0.5,0.6666666666666666,0,0,0,0,0,,,,0,0,0,0,0,,,,0.8332132853141256,0.6666666666666666,0.6666666666666666
STFT_2D,WGAN_GP_X5,selected_on_DS1,7104,105,2567,"[[2478, 0, 48, 0], [0, 0, 0, 0], [3, 0, 38, 0], [0, 0, 0, 0]]",0.9801324503311258,2526,2481,2478,3,48,0.9987908101571947,0.9809976247030879,0.9898142600359496,0,0,0,0,0,,,,41,86,38,48,3,0.4418604651162791,0.926829268292683,0.5984251968503937,0,0,0,0,0,,,,0.7941197284431717,,
STFT_2D,WGAN_GP_X5,selected_on_DS1,7104,111,2124,"[[2104, 0, 19, 0], [0, 0, 0, 0], [0, 0, 1, 0], [0, 0, 0, 0]]",0.9910546139359698,2123,2104,2104,0,19,1.0,0.9910504003768252,0.995505086349657,0,0,0,0,0,,,,1,20,1,19,0,0.05,1.0,0.09523809523809523,0,0,0,0,0,,,,0.5453715907938761,,
STFT_2D,WGAN_GP_X5,selected_on_DS1,7104,113,1794,"[[1786, 2, 0, 0], [0, 6, 0, 0], [0, 0, 0, 0], [0, 0, 0, 0]]",0.9988851727982163,1788,1786,1786,0,2,1.0,0.9988814317673378,0.9994404029099049,6,8,6,2,0,0.75,1.0,0.8571428571428571,0,0,0,0,0,,,,0,0,0,0,0,,,,0.928291630026381,0.8571428571428571,0.8571428571428571
STFT_2D,WGAN_GP_X5,selected_on_DS1,7104,117,1534,"[[1320, 0, 213, 0], [0, 1, 0, 0], [0, 0, 0, 0], [0, 0, 0, 0]]",0.8611473272490222,1533,1320,1320,0,213,1.0,0.8610567514677103,0.92534174553102,1,1,1,0,0,1.0,1.0,1.0,0,213,0,213,0,0.0,,,0,0,0,0,0,,,,0.96267087276551,1.0,1.0
STFT_2D,WGAN_GP_X5,selected_on_DS1,7104,121,1863,"[[1861, 0, 0, 0], [1, 0, 0, 0], [0, 0, 1, 0], [0, 0, 0, 0]]",0.9994632313472893,1861,1862,1861,1,0,0.9994629430719656,1.0,0.9997313994090787,1,0,0,0,1,,0.0,0.0,1,1,1,0,0,1.0,1.0,1.0,0,0,0,0,0,,,,0.6665771331363596,0.0,0.0
STFT_2D,WGAN_GP_X5,selected_on_DS1,7104,123,1518,"[[1512, 3, 0, 0], [0, 0, 0, 0], [0, 0, 3, 0], [0, 0, 0, 0]]",0.9980237154150198,1515,1512,1512,0,3,1.0,0.998019801980198,0.9990089197224975,0,3,0,3,0,0.0,,,3,3,3,0,0,1.0,1.0,1.0,0,0,0,0,0,,,,0.9995044598612488,,
STFT_2D,WGAN_GP_X5,selected_on_DS1,7104,200,2600,"[[1741, 0, 0, 1], [29, 1, 0, 0], [40, 8, 777, 1], [2, 0, 0, 0]]",0.9688461538461538,1742,1812,1741,71,1,0.9608167770419426,0.9994259471871412,0.979741136747327,30,9,1,8,29,0.1111111111111111,0.03333333333333333,0.05128205128205128,826,777,777,0,49,1.0,0.940677966101695,0.9694323144104804,2,2,0,2,2,0.0,0.0,0.0,0.5001138756099647,0.02564102564102564,0.0
STFT_2D,WGAN_GP_X5,selected_on_DS1,7104,202,2136,"[[2009, 0, 1, 51], [24, 10, 21, 0], [1, 1, 17, 0], [1, 0, 0, 0]]",0.9531835205992509,2061,2035,2009,26,52,0.9872235872235873,0.9747695293546822,0.98095703125,55,11,10,1,45,0.9090909090909091,0.18181818181818182,0.30303030303030304,19,39,17,22,2,0.4358974358974359,0.8947368421052632,0.5862068965517241,1,51,0,51,1,0.0,0.0,0.0,0.46754855770800674,0.15151515151515152,0.0
STFT_2D,WGAN_GP_X5,selected_on_DS1,7104,210,2648,"[[2414, 0, 1, 6], [12, 1, 9, 0], [31, 7, 156, 1], [9, 0, 1, 0]]",0.9709214501510574,2421,2466,2414,52,7,0.9789132197891321,0.9971086327963652,0.98792715367301,22,8,1,7,21,0.125,0.045454545454545456,0.06666666666666667,195,167,156,11,39,0.9341317365269461,0.8,0.861878453038674,10,7,0,7,10,0.0,0.0,0.0,0.4791180683445877,0.03333333333333333,0.0
STFT_2D,WGAN_GP_X5,selected_on_DS1,7104,212,2747,"[[2727, 0, 20, 0], [0, 0, 0, 0], [0, 0, 0, 0], [0, 0, 0, 0]]",0.9927193301783764,2747,2727,2727,0,20,1.0,0.9927193301783764,0.9963463646328097,0,0,0,0,0,,,,0,20,0,20,0,0.0,,,0,0,0,0,0,,,,0.9963463646328097,,
STFT_2D,WGAN_GP_X5,selected_on_DS1,7104,213,3250,"[[2628, 0, 12, 0], [25, 0, 3, 0], [56, 2, 162, 0], [348, 0, 14, 0]]",0.8584615384615385,2640,3057,2628,429,12,0.8596663395485771,0.9954545454545455,0.9225908372827805,28,2,0,2,28,0.0,0.0,0.0,220,191,162,29,58,0.8481675392670157,0.7363636363636363,0.7883211678832117,362,0,0,0,362,,0.0,0.0,0.427728001291498,0.0,0.0
STFT_2D,WGAN_GP_X5,selected_on_DS1,7104,214,2258,"[[1998, 0, 2, 1], [0, 0, 0, 0], [24, 3, 229, 0], [0, 0, 1, 0]]",0.9862710363153233,2001,2022,1998,24,3,0.9881305637982196,0.9985007496251874,0.9932885906040269,0,3,0,3,0,0.0,,,256,232,229,3,27,0.9870689655172413,0.89453125,0.9385245901639344,1,1,0,1,1,0.0,0.0,0.0,0.6439377269226537,0.0,0.0
STFT_2D,WGAN_GP_X5,selected_on_DS1,7104,219,2154,"[[2073, 9, 0, 0], [6, 1, 0, 0], [7, 5, 52, 0], [1, 0, 0, 0]]",0.9870009285051068,2082,2087,2073,14,9,0.9932918064206996,0.9956772334293948,0.9944830894698968,7,15,1,14,6,0.06666666666666667,0.14285714285714285,0.09090909090909091,64,52,52,0,12,1.0,0.8125,0.896551724137931,1,0,0,0,1,,0.0,0.0,0.4954859761292297,0.045454545454545456,0.0
STFT_2D,WGAN_GP_X5,selected_on_DS1,7104,221,2427,"[[2017, 14, 0, 0], [0, 0, 0, 0], [2, 0, 394, 0], [0, 0, 0, 0]]",0.9934074989699218,2031,2019,2017,2,14,0.9990094105993066,0.9931068439192516,0.9960493827160494,0,14,0,14,0,0.0,,,396,394,394,0,2,1.0,0.9949494949494949,0.9974683544303797,0,0,0,0,0,,,,0.9967588685732145,,
STFT_2D,WGAN_GP_X5,selected_on_DS1,7104,222,2483,"[[2033, 155, 84, 2], [51, 157, 1, 0], [0, 0, 0, 0], [0, 0, 0, 0]]",0.8819975835682642,2274,2084,2033,51,241,0.97552783109405,0.8940193491644679,0.9329967875172097,209,312,157,155,52,0.5032051282051282,0.7511961722488039,0.6026871401151631,0,85,0,85,0,0.0,,,0,2,0,2,0,0.0,,,0.7678419638161864,0.6026871401151631,0.6026871401151631
STFT_2D,WGAN_GP_X5,selected_on_DS1,7104,228,2053,"[[1683, 0, 5, 0], [2, 1, 0, 0], [30, 0, 332, 0], [0, 0, 0, 0]]",0.9819775937652216,1688,1715,1683,32,5,0.9813411078717201,0.9970379146919431,0.989127240669997,3,1,1,0,2,1.0,0.3333333333333333,0.5,362,337,332,5,30,0.9851632047477745,0.9171270718232044,0.949928469241774,0,0,0,0,0,,,,0.8130185699705903,0.5,0.5
STFT_2D,WGAN_GP_X5,selected_on_DS1,7104,231,1571,"[[1568, 0, 0, 0], [1, 0, 0, 0], [0, 0, 2, 0], [0, 0, 0, 0]]",0.9993634627625716,1568,1569,1568,1,0,0.9993626513702996,1.0,0.999681224099458,1,0,0,0,1,,0.0,0.0,2,2,2,0,0,1.0,1.0,1.0,0,0,0,0,0,,,,0.6665604080331526,0.0,0.0
STFT_2D,WGAN_GP_X5,selected_on_DS1,7104,232,1780,"[[397, 1, 0, 0], [568, 808, 6, 0], [0, 0, 0, 0], [0, 0, 0, 0]]",0.6769662921348315,398,965,397,568,1,0.41139896373056994,0.9974874371859297,0.5825385179750551,1382,809,808,1,574,0.9987639060568603,0.5846599131693199,0.7375627567320858,0,6,0,6,0,0.0,,,0,0,0,0,0,,,,0.6600506373535704,0.7375627567320858,0.7375627567320858
STFT_2D,WGAN_GP_X5,selected_on_DS1,7104,233,3077,"[[1294, 0, 244, 691], [3, 0, 4, 0], [9, 4, 815, 2], [2, 0, 5, 4]]",0.6867078323041924,2229,1308,1294,14,935,0.9892966360856269,0.5805293853746074,0.7316935255866553,7,4,0,4,7,0.0,0.0,0.0,830,1068,815,253,15,0.7631086142322098,0.9819277108433735,0.8587987355110642,11,697,4,693,7,0.005738880918220947,0.36363636363636365,0.011299435028248588,0.40044792403149204,0.005649717514124294,0.0
STFT_2D,WGAN_GP_X5,selected_on_DS1,7104,234,2753,"[[2700, 0, 0, 0], [45, 5, 0, 0], [0, 0, 3, 0], [0, 0, 0, 0]]",0.9836541954231747,2700,2745,2700,45,0,0.9836065573770492,1.0,0.9917355371900827,50,5,5,0,45,1.0,0.1,0.18181818181818182,3,3,3,0,0,1.0,1.0,1.0,0,0,0,0,0,,,,0.7245179063360881,0.18181818181818182,0.18181818181818182
STFT_2D,WGAN_GP_X5,selected_on_DS1,7105,100,2272,"[[2238, 0, 0, 0], [1, 32, 0, 0], [1, 0, 0, 0], [0, 0, 0, 0]]",0.9991197183098591,2238,2240,2238,2,0,0.9991071428571429,1.0,0.9995533720410897,33,32,32,0,1,1.0,0.9696969696969697,0.9846153846153847,1,0,0,0,1,,0.0,0.0,0,0,0,0,0,,,,0.6613895855521581,0.9846153846153847,0.9846153846153847
STFT_2D,WGAN_GP_X5,selected_on_DS1,7105,103,2084,"[[2082, 0, 0, 0], [2, 0, 0, 0], [0, 0, 0, 0], [0, 0, 0, 0]]",0.9990403071017274,2082,2084,2082,2,0,0.9990403071017274,1.0,0.99951992318771,2,0,0,0,2,,0.0,0.0,0,0,0,0,0,,,,0,0,0,0,0,,,,0.499759961593855,0.0,0.0
STFT_2D,WGAN_GP_X5,selected_on_DS1,7105,105,2567,"[[2473, 0, 44, 9], [0, 0, 0, 0], [1, 0, 40, 0], [0, 0, 0, 0]]",0.9789637709388391,2526,2474,2473,1,53,0.9995957962813258,0.9790182106096595,0.9892,0,0,0,0,0,,,,41,84,40,44,1,0.47619047619047616,0.975609756097561,0.64,0,9,0,9,0,0.0,,,0.8146,,
STFT_2D,WGAN_GP_X5,selected_on_DS1,7105,111,2124,"[[2120, 0, 3, 0], [0, 0, 0, 0], [0, 0, 1, 0], [0, 0, 0, 0]]",0.998587570621469,2123,2120,2120,0,3,1.0,0.9985869053226566,0.9992929530992223,0,0,0,0,0,,,,1,4,1,3,0,0.25,1.0,0.4,0,0,0,0,0,,,,0.6996464765496111,,
STFT_2D,WGAN_GP_X5,selected_on_DS1,7105,113,1794,"[[1788, 0, 0, 0], [0, 1, 5, 0], [0, 0, 0, 0], [0, 0, 0, 0]]",0.9972129319955407,1788,1788,1788,0,0,1.0,1.0,1.0,6,1,1,0,5,1.0,0.16666666666666666,0.2857142857142857,0,5,0,5,0,0.0,,,0,0,0,0,0,,,,0.6428571428571428,0.2857142857142857,0.2857142857142857
STFT_2D,WGAN_GP_X5,selected_on_DS1,7105,117,1534,"[[1531, 0, 2, 0], [0, 0, 1, 0], [0, 0, 0, 0], [0, 0, 0, 0]]",0.9980443285528031,1533,1531,1531,0,2,1.0,0.9986953685583823,0.9993472584856397,1,0,0,0,1,,0.0,0.0,0,3,0,3,0,0.0,,,0,0,0,0,0,,,,0.49967362924281983,0.0,0.0
STFT_2D,WGAN_GP_X5,selected_on_DS1,7105,121,1863,"[[1860, 0, 0, 1], [0, 0, 1, 0], [0, 0, 1, 0], [0, 0, 0, 0]]",0.9989264626945786,1861,1860,1860,0,1,1.0,0.999462654486835,0.999731255038968,1,0,0,0,1,,0.0,0.0,1,2,1,1,0,0.5,1.0,0.6666666666666666,0,1,0,1,0,0.0,,,0.5554659739018782,0.0,0.0
STFT_2D,WGAN_GP_X5,selected_on_DS1,7105,123,1518,"[[1512, 3, 0, 0], [0, 0, 0, 0], [0, 0, 3, 0], [0, 0, 0, 0]]",0.9980237154150198,1515,1512,1512,0,3,1.0,0.998019801980198,0.9990089197224975,0,3,0,3,0,0.0,,,3,3,3,0,0,1.0,1.0,1.0,0,0,0,0,0,,,,0.9995044598612488,,
STFT_2D,WGAN_GP_X5,selected_on_DS1,7105,200,2600,"[[1740, 0, 0, 2], [27, 3, 0, 0], [37, 6, 783, 0], [2, 0, 0, 0]]",0.9715384615384616,1742,1806,1740,66,2,0.9634551495016611,0.9988518943742825,0.9808342728297632,30,9,3,6,27,0.3333333333333333,0.1,0.15384615384615385,826,783,783,0,43,1.0,0.9479418886198547,0.9732753262896209,2,2,0,2,2,0.0,0.0,0.0,0.5269889382413845,0.07692307692307693,0.0
STFT_2D,WGAN_GP_X5,selected_on_DS1,7105,202,2136,"[[1997, 0, 3, 61], [35, 1, 19, 0], [1, 1, 17, 0], [1, 0, 0, 0]]",0.9433520599250936,2061,2034,1997,37,64,0.9818092428711898,0.9689471130519165,0.9753357753357753,55,2,1,1,54,0.5,0.01818181818181818,0.03508771929824561,19,39,17,22,2,0.4358974358974359,0.8947368421052632,0.5862068965517241,1,61,0,61,1,0.0,0.0,0.0,0.3991575977964362,0.017543859649122806,0.0
STFT_2D,WGAN_GP_X5,selected_on_DS1,7105,210,2648,"[[2416, 1, 1, 3], [15, 0, 7, 0], [30, 2, 163, 0], [8, 0, 1, 1]]",0.974320241691843,2421,2469,2416,53,5,0.9785338193600648,0.9979347377116894,0.9881390593047035,22,3,0,3,22,0.0,0.0,0.0,195,172,163,9,32,0.9476744186046512,0.8358974358974359,0.888283378746594,10,4,1,3,9,0.25,0.1,0.14285714285714285,0.5048198952271101,0.07142857142857142,0.0
STFT_2D,WGAN_GP_X5,selected_on_DS1,7105,212,2747,"[[2744, 0, 3, 0], [0, 0, 0, 0], [0, 0, 0, 0], [0, 0, 0, 0]]",0.9989078995267565,2747,2744,2744,0,3,1.0,0.9989078995267565,0.9994536514296121,0,0,0,0,0,,,,0,3,0,3,0,0.0,,,0,0,0,0,0,,,,0.9994536514296121,,
STFT_2D,WGAN_GP_X5,selected_on_DS1,7105,213,3250,"[[2640, 0, 0, 0], [27, 0, 1, 0], [30, 0, 186, 4], [341, 0, 10, 11]]",0.8729230769230769,2640,3038,2640,398,0,0.8689927583936801,1.0,0.9299048960901726,28,0,0,0,28,,0.0,0.0,220,197,186,11,34,0.9441624365482234,0.8454545454545455,0.8920863309352518,362,15,11,4,351,0.7333333333333333,0.03038674033149171,0.058355437665782495,0.4700866661728017,0.029177718832891247,0.0
STFT_2D,WGAN_GP_X5,selected_on_DS1,7105,214,2258,"[[1996, 0, 4, 1], [0, 0, 0, 0], [43, 1, 212, 0], [0, 0, 1, 0]]",0.9778565101860053,2001,2039,1996,43,5,0.9789112309955861,0.9975012493753124,0.9881188118811881,0,1,0,1,0,0.0,,,256,217,212,5,44,0.9769585253456221,0.828125,0.8964059196617337,1,1,0,1,1,0.0,0.0,0.0,0.6281749105143072,0.0,0.0
STFT_2D,WGAN_GP_X5,selected_on_DS1,7105,219,2154,"[[2059, 23, 0, 0], [7, 0, 0, 0], [5, 7, 52, 0], [1, 0, 0, 0]]",0.9800371402042711,2082,2072,2059,13,23,0.9937258687258688,0.9889529298751201,0.9913336543090997,7,30,0,30,7,0.0,0.0,0.0,64,52,52,0,12,1.0,0.8125,0.896551724137931,1,0,0,0,1,,0.0,0.0,0.4719713446117577,0.0,0.0
STFT_2D,WGAN_GP_X5,selected_on_DS1,7105,221,2427,"[[2009, 22, 0, 0], [0, 0, 0, 0], [2, 0, 394, 0], [0, 0, 0, 0]]",0.9901112484548825,2031,2011,2009,2,22,0.9990054699154649,0.9891678975873953,0.9940623453735774,0,22,0,22,0,0.0,,,396,394,394,0,2,1.0,0.9949494949494949,0.9974683544303797,0,0,0,0,0,,,,0.9957653499019785,,
STFT_2D,WGAN_GP_X5,selected_on_DS1,7105,222,2483,"[[1969, 229, 76, 0], [32, 175, 2, 0], [0, 0, 0, 0], [0, 0, 0, 0]]",0.8634716069271043,2274,2001,1969,32,305,0.984007996001999,0.8658751099384345,0.9211695906432749,209,404,175,229,34,0.43316831683168316,0.8373205741626795,0.5709624796084829,0,78,0,78,0,0.0,,,0,0,0,0,0,,,,0.7460660351258789,0.5709624796084829,0.5709624796084829
STFT_2D,WGAN_GP_X5,selected_on_DS1,7105,228,2053,"[[1686, 0, 2, 0], [2, 1, 0, 0], [6, 1, 355, 0], [0, 0, 0, 0]]",0.9946419873356064,1688,1694,1686,8,2,0.9952774498229043,0.9988151658767772,0.997043169722058,3,2,1,1,2,0.5,0.3333333333333333,0.4,362,357,355,2,7,0.9943977591036415,0.9806629834254144,0.9874826147426982,0,0,0,0,0,,,,0.7948419281549187,0.4,0.4
STFT_2D,WGAN_GP_X5,selected_on_DS1,7105,231,1571,"[[1568, 0, 0, 0], [1, 0, 0, 0], [0, 0, 2, 0], [0, 0, 0, 0]]",0.9993634627625716,1568,1569,1568,1,0,0.9993626513702996,1.0,0.999681224099458,1,0,0,0,1,,0.0,0.0,2,2,2,0,0,1.0,1.0,1.0,0,0,0,0,0,,,,0.6665604080331526,0.0,0.0
STFT_2D,WGAN_GP_X5,selected_on_DS1,7105,232,1780,"[[397, 1, 0, 0], [999, 369, 14, 0], [0, 0, 0, 0], [0, 0, 0, 0]]",0.4303370786516854,398,1396,397,999,1,0.2843839541547278,0.9974874371859297,0.44258639910813824,1382,370,369,1,1013,0.9972972972972973,0.2670043415340087,0.4212328767123288,0,14,0,14,0,0.0,,,0,0,0,0,0,,,,0.4319096379102335,0.4212328767123288,0.4212328767123288
STFT_2D,WGAN_GP_X5,selected_on_DS1,7105,233,3077,"[[1292, 0, 100, 837], [1, 1, 5, 0], [12, 27, 790, 1], [1, 0, 6, 4]]",0.6782580435489113,2229,1306,1292,14,937,0.9892802450229708,0.5796321220278151,0.730975954738331,7,28,1,27,6,0.03571428571428571,0.14285714285714285,0.05714285714285714,830,901,790,111,40,0.876803551609323,0.9518072289156626,0.9127671865973426,11,842,4,838,7,0.004750593824228029,0.36363636363636365,0.009378663540445486,0.4275661655047441,0.03326076034165131,0.009378663540445486
STFT_2D,WGAN_GP_X5,selected_on_DS1,7105,234,2753,"[[2700, 0, 0, 0], [29, 21, 0, 0], [0, 0, 3, 0], [0, 0, 0, 0]]",0.9894660370504904,2700,2729,2700,29,0,0.9893733968486625,1.0,0.9946583164487014,50,21,21,0,29,1.0,0.42,0.5915492957746479,3,3,3,0,0,1.0,1.0,1.0,0,0,0,0,0,,,,0.8620692040744498,0.5915492957746479,0.5915492957746479
STFT_2D,WGAN_GP_X5,selected_on_DS1,7106,100,2272,"[[2238, 0, 0, 0], [5, 28, 0, 0], [1, 0, 0, 0], [0, 0, 0, 0]]",0.9973591549295775,2238,2244,2238,6,0,0.9973262032085561,1.0,0.998661311914324,33,28,28,0,5,1.0,0.8484848484848485,0.9180327868852459,1,0,0,0,1,,0.0,0.0,0,0,0,0,0,,,,0.63889803293319,0.9180327868852459,0.9180327868852459
STFT_2D,WGAN_GP_X5,selected_on_DS1,7106,103,2084,"[[2082, 0, 0, 0], [1, 1, 0, 0], [0, 0, 0, 0], [0, 0, 0, 0]]",0.9995201535508638,2082,2083,2082,1,0,0.99951992318771,1.0,0.9997599039615847,2,1,1,0,1,1.0,0.5,0.6666666666666666,0,0,0,0,0,,,,0,0,0,0,0,,,,0.8332132853141256,0.6666666666666666,0.6666666666666666
STFT_2D,WGAN_GP_X5,selected_on_DS1,7106,105,2567,"[[2501, 0, 25, 0], [0, 0, 0, 0], [8, 1, 32, 0], [0, 0, 0, 0]]",0.9867549668874173,2526,2509,2501,8,25,0.9968114786767637,0.9901029295328583,0.9934458788480636,0,1,0,1,0,0.0,,,41,57,32,25,9,0.5614035087719298,0.7804878048780488,0.6530612244897959,0,0,0,0,0,,,,0.8232535516689297,,
STFT_2D,WGAN_GP_X5,selected_on_DS1,7106,111,2124,"[[2118, 0, 5, 0], [0, 0, 0, 0], [0, 0, 1, 0], [0, 0, 0, 0]]",0.9976459510357816,2123,2118,2118,0,5,1.0,0.9976448422044277,0.9988210327752889,0,0,0,0,0,,,,1,6,1,5,0,0.16666666666666666,1.0,0.2857142857142857,0,0,0,0,0,,,,0.6422676592447873,,
STFT_2D,WGAN_GP_X5,selected_on_DS1,7106,113,1794,"[[1788, 0, 0, 0], [0, 3, 3, 0], [0, 0, 0, 0], [0, 0, 0, 0]]",0.9983277591973244,1788,1788,1788,0,0,1.0,1.0,1.0,6,3,3,0,3,1.0,0.5,0.6666666666666666,0,3,0,3,0,0.0,,,0,0,0,0,0,,,,0.8333333333333333,0.6666666666666666,0.6666666666666666
STFT_2D,WGAN_GP_X5,selected_on_DS1,7106,117,1534,"[[1453, 0, 80, 0], [0, 0, 1, 0], [0, 0, 0, 0], [0, 0, 0, 0]]",0.9471968709256845,1533,1453,1453,0,80,1.0,0.9478147423352903,0.9732083054253181,1,0,0,0,1,,0.0,0.0,0,81,0,81,0,0.0,,,0,0,0,0,0,,,,0.48660415271265905,0.0,0.0
STFT_2D,WGAN_GP_X5,selected_on_DS1,7106,121,1863,"[[1860, 0, 1, 0], [1, 0, 0, 0], [0, 0, 1, 0], [0, 0, 0, 0]]",0.9989264626945786,1861,1861,1860,1,1,0.999462654486835,0.999462654486835,0.999462654486835,1,0,0,0,1,,0.0,0.0,1,2,1,1,0,0.5,1.0,0.6666666666666666,0,0,0,0,0,,,,0.5553764403845006,0.0,0.0
STFT_2D,WGAN_GP_X5,selected_on_DS1,7106,123,1518,"[[1512, 3, 0, 0], [0, 0, 0, 0], [0, 0, 3, 0], [0, 0, 0, 0]]",0.9980237154150198,1515,1512,1512,0,3,1.0,0.998019801980198,0.9990089197224975,0,3,0,3,0,0.0,,,3,3,3,0,0,1.0,1.0,1.0,0,0,0,0,0,,,,0.9995044598612488,,
STFT_2D,WGAN_GP_X5,selected_on_DS1,7106,200,2600,"[[1742, 0, 0, 0], [26, 4, 0, 0], [49, 12, 764, 1], [2, 0, 0, 0]]",0.9653846153846154,1742,1819,1742,77,0,0.9576690489279824,1.0,0.9783768604324627,30,16,4,12,26,0.25,0.13333333333333333,0.17391304347826086,826,764,764,0,62,1.0,0.9249394673123487,0.9610062893081761,2,1,0,1,2,0.0,0.0,0.0,0.5283240483047249,0.08695652173913043,0.0
STFT_2D,WGAN_GP_X5,selected_on_DS1,7106,202,2136,"[[2054, 1, 1, 5], [33, 10, 12, 0], [3, 1, 15, 0], [1, 0, 0, 0]]",0.973314606741573,2061,2091,2054,37,7,0.9823051171688187,0.9966035904900534,0.9894026974951831,55,12,10,2,45,0.8333333333333334,0.18181818181818182,0.29850746268656714,19,28,15,13,4,0.5357142857142857,0.7894736842105263,0.6382978723404256,1,5,0,5,1,0.0,0.0,0.0,0.48155200813054394,0.14925373134328357,0.0
STFT_2D,WGAN_GP_X5,selected_on_DS1,7106,210,2648,"[[2420, 0, 1, 0], [17, 0, 5, 0], [38, 5, 152, 0], [9, 0, 1, 0]]",0.9712990936555891,2421,2484,2420,64,1,0.9742351046698873,0.9995869475423379,0.9867482161060143,22,5,0,5,22,0.0,0.0,0.0,195,159,152,7,43,0.9559748427672956,0.7794871794871795,0.8587570621468926,10,0,0,0,10,,0.0,0.0,0.4613763195632267,0.0,0.0
STFT_2D,WGAN_GP_X5,selected_on_DS1,7106,212,2747,"[[2747, 0, 0, 0], [0, 0, 0, 0], [0, 0, 0, 0], [0, 0, 0, 0]]",1.0,2747,2747,2747,0,0,1.0,1.0,1.0,0,0,0,0,0,,,,0,0,0,0,0,,,,0,0,0,0,0,,,,1.0,,
STFT_2D,WGAN_GP_X5,selected_on_DS1,7106,213,3250,"[[2640, 0, 0, 0], [28, 0, 0, 0], [82, 14, 121, 3], [355, 0, 2, 5]]",0.8510769230769231,2640,3105,2640,465,0,0.8502415458937198,1.0,0.9190600522193212,28,14,0,14,28,0.0,0.0,0.0,220,123,121,2,99,0.983739837398374,0.55,0.7055393586005831,362,8,5,3,357,0.625,0.013812154696132596,0.02702702702702703,0.4129066094617328,0.013513513513513514,0.0
STFT_2D,WGAN_GP_X5,selected_on_DS1,7106,214,2258,"[[1997, 0, 4, 0], [0, 0, 0, 0], [49, 6, 201, 0], [1, 0, 0, 0]]",0.9734278122232064,2001,2047,1997,50,4,0.9755740107474352,0.9980009995002499,0.9866600790513834,0,6,0,6,0,0.0,,,256,205,201,4,55,0.9804878048780488,0.78515625,0.8720173535791758,1,0,0,0,1,,0.0,0.0,0.6195591442101863,0.0,0.0
STFT_2D,WGAN_GP_X5,selected_on_DS1,7106,219,2154,"[[2069, 13, 0, 0], [7, 0, 0, 0], [9, 8, 47, 0], [1, 0, 0, 0]]",0.9823584029712163,2082,2086,2069,17,13,0.9918504314477469,0.9937560038424592,0.9928023032629558,7,21,0,21,7,0.0,0.0,0.0,64,47,47,0,17,1.0,0.734375,0.8468468468468469,1,0,0,0,1,,0.0,0.0,0.45991228752745067,0.0,0.0
STFT_2D,WGAN_GP_X5,selected_on_DS1,7106,221,2427,"[[2015, 16, 0, 0], [0, 0, 0, 0], [5, 0, 391, 0], [0, 0, 0, 0]]",0.9913473423980222,2031,2020,2015,5,16,0.9975247524752475,0.9921221073362876,0.9948160947914095,0,16,0,16,0,0.0,,,396,391,391,0,5,1.0,0.9873737373737373,0.9936467598475223,0,0,0,0,0,,,,0.9942314273194659,,
STFT_2D,WGAN_GP_X5,selected_on_DS1,7106,222,2483,"[[2073, 163, 38, 0], [56, 153, 0, 0], [0, 0, 0, 0], [0, 0, 0, 0]]",0.896496173983085,2274,2129,2073,56,201,0.973696571160169,0.9116094986807388,0.9416307063365887,209,316,153,163,56,0.48417721518987344,0.7320574162679426,0.5828571428571429,0,38,0,38,0,0.0,,,0,0,0,0,0,,,,0.7622439245968657,0.5828571428571429,0.5828571428571429
STFT_2D,WGAN_GP_X5,selected_on_DS1,7106,228,2053,"[[1688, 0, 0, 0], [2, 1, 0, 0], [13, 1, 348, 0], [0, 0, 0, 0]]",0.9922065270336093,1688,1703,1688,15,0,0.9911920140927775,1.0,0.995576526098496,3,2,1,1,2,0.5,0.3333333333333333,0.4,362,348,348,0,14,1.0,0.9613259668508287,0.9802816901408451,0,0,0,0,0,,,,0.791952738746447,0.4,0.4
STFT_2D,WGAN_GP_X5,selected_on_DS1,7106,231,1571,"[[1568, 0, 0, 0], [1, 0, 0, 0], [0, 0, 2, 0], [0, 0, 0, 0]]",0.9993634627625716,1568,1569,1568,1,0,0.9993626513702996,1.0,0.999681224099458,1,0,0,0,1,,0.0,0.0,2,2,2,0,0,1.0,1.0,1.0,0,0,0,0,0,,,,0.6665604080331526,0.0,0.0
STFT_2D,WGAN_GP_X5,selected_on_DS1,7106,232,1780,"[[396, 1, 1, 0], [889, 491, 2, 0], [0, 0, 0, 0], [0, 0, 0, 0]]",0.498314606741573,398,1285,396,889,2,0.30817120622568095,0.9949748743718593,0.47058823529411764,1382,492,491,1,891,0.9979674796747967,0.3552821997105644,0.5240128068303095,0,3,0,3,0,0.0,,,0,0,0,0,0,,,,0.49730052106221356,0.5240128068303095,0.5240128068303095
STFT_2D,WGAN_GP_X5,selected_on_DS1,7106,233,3077,"[[1983, 0, 200, 46], [5, 0, 2, 0], [7, 6, 815, 2], [5, 0, 5, 1]]",0.9096522586935326,2229,2000,1983,17,246,0.9915,0.8896366083445492,0.9378103570584062,7,6,0,6,7,0.0,0.0,0.0,830,1022,815,207,15,0.7974559686888454,0.9819277108433735,0.8801295896328294,11,49,1,48,10,0.02040816326530612,0.09090909090909091,0.03333333333333333,0.46281832000614226,0.016666666666666666,0.0
STFT_2D,WGAN_GP_X5,selected_on_DS1,7106,234,2753,"[[2700, 0, 0, 0], [39, 11, 0, 0], [0, 0, 3, 0], [0, 0, 0, 0]]",0.9858336360334181,2700,2739,2700,39,0,0.9857612267250822,1.0,0.9928295642581357,50,11,11,0,39,1.0,0.22,0.36065573770491804,3,3,3,0,0,1.0,1.0,1.0,0,0,0,0,0,,,,0.7844951006543512,0.36065573770491804,0.36065573770491804
STFT_2D,WGAN_GP_X5,selected_on_DS1,7107,100,2272,"[[2238, 0, 0, 0], [2, 31, 0, 0], [1, 0, 0, 0], [0, 0, 0, 0]]",0.9986795774647887,2238,2241,2238,3,0,0.998661311914324,1.0,0.999330207635633,33,31,31,0,2,1.0,0.9393939393939394,0.96875,1,0,0,0,1,,0.0,0.0,0,0,0,0,0,,,,0.6560267358785443,0.96875,0.96875
STFT_2D,WGAN_GP_X5,selected_on_DS1,7107,103,2084,"[[2082, 0, 0, 0], [2, 0, 0, 0], [0, 0, 0, 0], [0, 0, 0, 0]]",0.9990403071017274,2082,2084,2082,2,0,0.9990403071017274,1.0,0.99951992318771,2,0,0,0,2,,0.0,0.0,0,0,0,0,0,,,,0,0,0,0,0,,,,0.499759961593855,0.0,0.0
STFT_2D,WGAN_GP_X5,selected_on_DS1,7107,105,2567,"[[2458, 0, 66, 2], [0, 0, 0, 0], [9, 1, 31, 0], [0, 0, 0, 0]]",0.9696143358005453,2526,2467,2458,9,68,0.9963518443453587,0.9730799683293745,0.9845784097736832,0,1,0,1,0,0.0,,,41,97,31,66,10,0.31958762886597936,0.7560975609756098,0.4492753623188406,0,2,0,2,0,0.0,,,0.7169268860462619,,
STFT_2D,WGAN_GP_X5,selected_on_DS1,7107,111,2124,"[[1929, 0, 194, 0], [0, 0, 0, 0], [0, 0, 1, 0], [0, 0, 0, 0]]",0.908662900188324,2123,1929,1929,0,194,1.0,0.9086198775317946,0.9521224086870681,0,0,0,0,0,,,,1,195,1,194,0,0.005128205128205128,1.0,0.01020408163265306,0,0,0,0,0,,,,0.4811632451598606,,
STFT_2D,WGAN_GP_X5,selected_on_DS1,7107,113,1794,"[[1788, 0, 0, 0], [0, 3, 3, 0], [0, 0, 0, 0], [0, 0, 0, 0]]",0.9983277591973244,1788,1788,1788,0,0,1.0,1.0,1.0,6,3,3,0,3,1.0,0.5,0.6666666666666666,0,3,0,3,0,0.0,,,0,0,0,0,0,,,,0.8333333333333333,0.6666666666666666,0.6666666666666666
STFT_2D,WGAN_GP_X5,selected_on_DS1,7107,117,1534,"[[574, 0, 959, 0], [0, 0, 1, 0], [0, 0, 0, 0], [0, 0, 0, 0]]",0.3741851368970013,1533,574,574,0,959,1.0,0.3744292237442922,0.5448504983388704,1,0,0,0,1,,0.0,0.0,0,960,0,960,0,0.0,,,0,0,0,0,0,,,,0.2724252491694352,0.0,0.0
STFT_2D,WGAN_GP_X5,selected_on_DS1,7107,121,1863,"[[1859, 0, 2, 0], [0, 0, 1, 0], [0, 0, 1, 0], [0, 0, 0, 0]]",0.998389694041868,1861,1859,1859,0,2,1.0,0.99892530897367,0.9994623655913979,1,0,0,0,1,,0.0,0.0,1,4,1,3,0,0.25,1.0,0.4,0,0,0,0,0,,,,0.4664874551971326,0.0,0.0
STFT_2D,WGAN_GP_X5,selected_on_DS1,7107,123,1518,"[[1512, 3, 0, 0], [0, 0, 0, 0], [0, 0, 3, 0], [0, 0, 0, 0]]",0.9980237154150198,1515,1512,1512,0,3,1.0,0.998019801980198,0.9990089197224975,0,3,0,3,0,0.0,,,3,3,3,0,0,1.0,1.0,1.0,0,0,0,0,0,,,,0.9995044598612488,,
STFT_2D,WGAN_GP_X5,selected_on_DS1,7107,200,2600,"[[1740, 0, 0, 2], [29, 1, 0, 0], [23, 5, 797, 1], [1, 0, 0, 1]]",0.9765384615384616,1742,1793,1740,53,2,0.9704406023424428,0.9988518943742825,0.9844413012729845,30,6,1,5,29,0.16666666666666666,0.03333333333333333,0.05555555555555555,826,797,797,0,29,1.0,0.9648910411622276,0.982131854590265,2,4,1,3,1,0.25,0.5,0.3333333333333333,0.5888655111880347,0.19444444444444442,0.05555555555555555
STFT_2D,WGAN_GP_X5,selected_on_DS1,7107,202,2136,"[[1932, 3, 1, 125], [34, 2, 19, 0], [0, 0, 19, 0], [1, 0, 0, 0]]",0.9143258426966292,2061,1967,1932,35,129,0.9822064056939501,0.9374090247452693,0.9592850049652433,55,5,2,3,53,0.4,0.03636363636363636,0.06666666666666667,19,39,19,20,0,0.48717948717948717,1.0,0.6551724137931034,1,125,0,125,1,0.0,0.0,0.0,0.42028102135625334,0.03333333333333333,0.0
STFT_2D,WGAN_GP_X5,selected_on_DS1,7107,210,2648,"[[2389, 0, 1, 31], [14, 0, 8, 0], [21, 10, 164, 0], [8, 0, 1, 1]]",0.9645015105740181,2421,2432,2389,43,32,0.9823190789473685,0.986782321354812,0.9845456418710076,22,10,0,10,22,0.0,0.0,0.0,195,174,164,10,31,0.9425287356321839,0.841025641025641,0.8888888888888888,10,32,1,31,9,0.03125,0.1,0.047619047619047616,0.48026339459473605,0.023809523809523808,0.0
STFT_2D,WGAN_GP_X5,selected_on_DS1,7107,212,2747,"[[2190, 0, 547, 10], [0, 0, 0, 0], [0, 0, 0, 0], [0, 0, 0, 0]]",0.797233345467783,2747,2190,2190,0,557,1.0,0.797233345467783,0.887178448450476,0,0,0,0,0,,,,0,547,0,547,0,0.0,,,0,10,0,10,0,0.0,,,0.887178448450476,,
STFT_2D,WGAN_GP_X5,selected_on_DS1,7107,213,3250,"[[2640, 0, 0, 0], [26, 0, 2, 0], [78, 0, 142, 0], [349, 0, 12, 1]]",0.8563076923076923,2640,3093,2640,453,0,0.8535402521823472,1.0,0.9209837781266352,28,0,0,0,28,,0.0,0.0,220,156,142,14,78,0.9102564102564102,0.6454545454545455,0.7553191489361702,362,1,1,0,361,1.0,0.0027624309392265192,0.005509641873278237,0.4204531422340209,0.0027548209366391185,0.0
STFT_2D,WGAN_GP_X5,selected_on_DS1,7107,214,2258,"[[1971, 0, 28, 2], [0, 0, 0, 0], [14, 3, 239, 0], [0, 0, 1, 0]]",0.978742249778565,2001,1985,1971,14,30,0.9929471032745592,0.9850074962518741,0.9889613647767185,0,3,0,3,0,0.0,,,256,268,239,29,17,0.8917910447761194,0.93359375,0.9122137404580153,1,2,0,2,1,0.0,0.0,0.0,0.6337250350782445,0.0,0.0
STFT_2D,WGAN_GP_X5,selected_on_DS1,7107,219,2154,"[[2074, 7, 1, 0], [7, 0, 0, 0], [7, 6, 51, 0], [1, 0, 0, 0]]",0.9865366759517178,2082,2089,2074,15,8,0.9928195308760173,0.9961575408261287,0.9944857348357709,7,13,0,13,7,0.0,0.0,0.0,64,52,51,1,13,0.9807692307692307,0.796875,0.8793103448275862,1,0,0,0,1,,0.0,0.0,0.46844901991583926,0.0,0.0
STFT_2D,WGAN_GP_X5,selected_on_DS1,7107,221,2427,"[[2026, 5, 0, 0], [0, 0, 0, 0], [3, 0, 393, 0], [0, 0, 0, 0]]",0.9967037494849609,2031,2029,2026,3,5,0.9985214391325776,0.9975381585425899,0.9980295566502463,0,5,0,5,0,0.0,,,396,393,393,0,3,1.0,0.9924242424242424,0.9961977186311787,0,0,0,0,0,,,,0.9971136376407125,,
STFT_2D,WGAN_GP_X5,selected_on_DS1,7107,222,2483,"[[1991, 158, 125, 0], [54, 150, 5, 0], [0, 0, 0, 0], [0, 0, 0, 0]]",0.8622633910592026,2274,2045,1991,54,283,0.9735941320293399,0.8755496921723834,0.9219726788608474,209,308,150,158,59,0.487012987012987,0.7177033492822966,0.5802707930367504,0,130,0,130,0,0.0,,,0,0,0,0,0,,,,0.7511217359487989,0.5802707930367504,0.5802707930367504
STFT_2D,WGAN_GP_X5,selected_on_DS1,7107,228,2053,"[[1682, 0, 6, 0], [1, 2, 0, 0], [8, 1, 353, 0], [0, 0, 0, 0]]",0.9922065270336093,1688,1691,1682,9,6,0.9946777054997044,0.9964454976303317,0.995560816809707,3,3,2,1,1,0.6666666666666666,0.6666666666666666,0.6666666666666666,362,359,353,6,9,0.9832869080779945,0.9751381215469613,0.9791955617198336,0,0,0,0,0,,,,0.8804743483987357,0.6666666666666666,0.6666666666666666
STFT_2D,WGAN_GP_X5,selected_on_DS1,7107,231,1571,"[[1562, 1, 5, 0], [1, 0, 0, 0], [0, 0, 2, 0], [0, 0, 0, 0]]",0.9955442393380013,1568,1563,1562,1,6,0.999360204734485,0.9961734693877551,0.9977642925582881,1,1,0,1,1,0.0,0.0,0.0,2,7,2,5,0,0.2857142857142857,1.0,0.4444444444444444,0,0,0,0,0,,,,0.4807362456675775,0.0,0.0
STFT_2D,WGAN_GP_X5,selected_on_DS1,7107,232,1780,"[[394, 0, 4, 0], [596, 252, 534, 0], [0, 0, 0, 0], [0, 0, 0, 0]]",0.36292134831460676,398,990,394,596,4,0.397979797979798,0.9899497487437185,0.5677233429394812,1382,252,252,0,1130,1.0,0.18234442836468887,0.3084455324357405,0,538,0,538,0,0.0,,,0,0,0,0,0,,,,0.43808443768761085,0.3084455324357405,0.3084455324357405
STFT_2D,WGAN_GP_X5,selected_on_DS1,7107,233,3077,"[[870, 0, 454, 905], [2, 1, 4, 0], [2, 9, 818, 1], [1, 0, 6, 4]]",0.550211244718882,2229,875,870,5,1359,0.9942857142857143,0.39030955585464333,0.5605670103092784,7,10,1,9,6,0.1,0.14285714285714285,0.11764705882352941,830,1282,818,464,12,0.6380655226209049,0.9855421686746988,0.7746212121212122,11,910,4,906,7,0.004395604395604396,0.36363636363636365,0.008686210640608035,0.365380372973657,0.06316663473206872,0.008686210640608035
STFT_2D,WGAN_GP_X5,selected_on_DS1,7107,234,2753,"[[2698, 0, 0, 2], [37, 13, 0, 0], [0, 0, 3, 0], [0, 0, 0, 0]]",0.9858336360334181,2700,2735,2698,37,2,0.986471663619744,0.9992592592592593,0.9928242870285189,50,13,13,0,37,1.0,0.26,0.4126984126984127,3,3,3,0,0,1.0,1.0,1.0,0,2,0,2,0,0.0,,,0.8018408999089771,0.4126984126984127,0.4126984126984127
STFT_2D,WGAN_GP_X5,selected_on_DS1,7108,100,2272,"[[2238, 0, 0, 0], [0, 33, 0, 0], [0, 0, 1, 0], [0, 0, 0, 0]]",1.0,2238,2238,2238,0,0,1.0,1.0,1.0,33,33,33,0,0,1.0,1.0,1.0,1,1,1,0,0,1.0,1.0,1.0,0,0,0,0,0,,,,1.0,1.0,1.0
STFT_2D,WGAN_GP_X5,selected_on_DS1,7108,103,2084,"[[2082, 0, 0, 0], [1, 1, 0, 0], [0, 0, 0, 0], [0, 0, 0, 0]]",0.9995201535508638,2082,2083,2082,1,0,0.99951992318771,1.0,0.9997599039615847,2,1,1,0,1,1.0,0.5,0.6666666666666666,0,0,0,0,0,,,,0,0,0,0,0,,,,0.8332132853141256,0.6666666666666666,0.6666666666666666
STFT_2D,WGAN_GP_X5,selected_on_DS1,7108,105,2567,"[[2415, 0, 107, 4], [0, 0, 0, 0], [0, 3, 38, 0], [0, 0, 0, 0]]",0.9555901830931048,2526,2415,2415,0,111,1.0,0.9560570071258907,0.9775349119611415,0,3,0,3,0,0.0,,,41,145,38,107,3,0.2620689655172414,0.926829268292683,0.40860215053763443,0,4,0,4,0,0.0,,,0.6930685312493879,,
STFT_2D,WGAN_GP_X5,selected_on_DS1,7108,111,2124,"[[1494, 0, 629, 0], [0, 0, 0, 0], [0, 0, 1, 0], [0, 0, 0, 0]]",0.7038606403013182,2123,1494,1494,0,629,1.0,0.7037211493170042,0.8260989770528062,0,0,0,0,0,,,,1,630,1,629,0,0.0015873015873015873,1.0,0.003169572107765452,0,0,0,0,0,,,,0.41463427458028584,,
STFT_2D,WGAN_GP_X5,selected_on_DS1,7108,113,1794,"[[1784, 4, 0, 0], [0, 1, 5, 0], [0, 0, 0, 0], [0, 0, 0, 0]]",0.9949832775919732,1788,1784,1784,0,4,1.0,0.9977628635346756,0.9988801791713325,6,5,1,4,5,0.2,0.16666666666666666,0.18181818181818182,0,5,0,5,0,0.0,,,0,0,0,0,0,,,,0.5903491804947572,0.18181818181818182,0.18181818181818182
STFT_2D,WGAN_GP_X5,selected_on_DS1,7108,117,1534,"[[400, 0, 1133, 0], [0, 0, 1, 0], [0, 0, 0, 0], [0, 0, 0, 0]]",0.2607561929595828,1533,400,400,0,1133,1.0,0.2609262883235486,0.4138644593895499,1,0,0,0,1,,0.0,0.0,0,1134,0,1134,0,0.0,,,0,0,0,0,0,,,,0.20693222969477496,0.0,0.0
STFT_2D,WGAN_GP_X5,selected_on_DS1,7108,121,1863,"[[1843, 0, 9, 9], [0, 0, 1, 0], [0, 0, 1, 0], [0, 0, 0, 0]]",0.989801395598497,1861,1843,1843,0,18,1.0,0.9903277807630306,0.9951403887688985,1,0,0,0,1,,0.0,0.0,1,11,1,10,0,0.09090909090909091,1.0,0.16666666666666666,0,9,0,9,0,0.0,,,0.38726901847852174,0.0,0.0
STFT_2D,WGAN_GP_X5,selected_on_DS1,7108,123,1518,"[[1512, 3, 0, 0], [0, 0, 0, 0], [0, 0, 3, 0], [0, 0, 0, 0]]",0.9980237154150198,1515,1512,1512,0,3,1.0,0.998019801980198,0.9990089197224975,0,3,0,3,0,0.0,,,3,3,3,0,0,1.0,1.0,1.0,0,0,0,0,0,,,,0.9995044598612488,,
STFT_2D,WGAN_GP_X5,selected_on_DS1,7108,200,2600,"[[1739, 1, 0, 2], [29, 1, 0, 0], [17, 15, 790, 4], [1, 0, 0, 1]]",0.9734615384615385,1742,1786,1739,47,3,0.9736842105263158,0.9982778415614236,0.985827664399093,30,17,1,16,29,0.058823529411764705,0.03333333333333333,0.0425531914893617,826,790,790,0,36,1.0,0.9564164648910412,0.9777227722772277,2,7,1,6,1,0.14285714285714285,0.5,0.2222222222222222,0.5570814625969762,0.13238770685579196,0.0425531914893617
STFT_2D,WGAN_GP_X5,selected_on_DS1,7108,202,2136,"[[2034, 13, 10, 4], [22, 5, 28, 0], [0, 0, 19, 0], [1, 0, 0, 0]]",0.9634831460674157,2061,2057,2034,23,27,0.988818667963053,0.9868995633187773,0.9878581835842642,55,18,5,13,50,0.2777777777777778,0.09090909090909091,0.136986301369863,19,57,19,38,0,0.3333333333333333,1.0,0.5,1,4,0,4,1,0.0,0.0,0.0,0.4062111212385318,0.0684931506849315,0.0
STFT_2D,WGAN_GP_X5,selected_on_DS1,7108,210,2648,"[[2396, 5, 18, 2], [6, 2, 14, 0], [15, 11, 168, 1], [8, 0, 1, 1]]",0.9694108761329305,2421,2425,2396,29,25,0.9880412371134021,0.989673688558447,0.988856789104416,22,18,2,16,20,0.1111111111111111,0.09090909090909091,0.1,195,201,168,33,27,0.835820895522388,0.8615384615384616,0.8484848484848485,10,4,1,3,9,0.25,0.1,0.14285714285714285,0.5200496951116018,0.12142857142857143,0.1
STFT_2D,WGAN_GP_X5,selected_on_DS1,7108,212,2747,"[[2687, 0, 58, 2], [0, 0, 0, 0], [0, 0, 0, 0], [0, 0, 0, 0]]",0.9781579905351292,2747,2687,2687,0,60,1.0,0.9781579905351292,0.9889584100110416,0,0,0,0,0,,,,0,58,0,58,0,0.0,,,0,2,0,2,0,0.0,,,0.9889584100110416,,
STFT_2D,WGAN_GP_X5,selected_on_DS1,7108,213,3250,"[[2640, 0, 0, 0], [21, 0, 7, 0], [23, 0, 196, 1], [325, 0, 36, 1]]",0.8729230769230769,2640,3009,2640,369,0,0.8773678963110668,1.0,0.9346787041954329,28,0,0,0,28,,0.0,0.0,220,239,196,43,24,0.8200836820083682,0.8909090909090909,0.8540305010893247,362,2,1,1,361,0.5,0.0027624309392265192,0.005494505494505495,0.44855092769481575,0.0027472527472527475,0.0
STFT_2D,WGAN_GP_X5,selected_on_DS1,7108,214,2258,"[[1983, 0, 10, 8], [0, 0, 0, 0], [2, 1, 253, 0], [0, 1, 0, 0]]",0.9902568644818424,2001,1985,1983,2,18,0.998992443324937,0.9910044977511244,0.994982438534872,0,2,0,2,0,0.0,,,256,263,253,10,3,0.9619771863117871,0.98828125,0.9749518304431599,1,8,0,8,1,0.0,0.0,0.0,0.6566447563260106,0.0,0.0
STFT_2D,WGAN_GP_X5,selected_on_DS1,7108,219,2154,"[[2046, 35, 1, 0], [7, 0, 0, 0], [3, 9, 52, 0], [0, 1, 0, 0]]",0.9740018570102136,2082,2056,2046,10,36,0.995136186770428,0.9827089337175793,0.9888835186080231,7,45,0,45,7,0.0,0.0,0.0,64,53,52,1,12,0.9811320754716981,0.8125,0.8888888888888888,1,0,0,0,1,,0.0,0.0,0.469443101874228,0.0,0.0
STFT_2D,WGAN_GP_X5,selected_on_DS1,7108,221,2427,"[[1977, 54, 0, 0], [0, 0, 0, 0], [1, 0, 395, 0], [0, 0, 0, 0]]",0.9773382777091059,2031,1978,1977,1,54,0.9994944388270981,0.9734121122599705,0.9862808680468945,0,54,0,54,0,0.0,,,396,395,395,0,1,1.0,0.9974747474747475,0.9987357774968394,0,0,0,0,0,,,,0.992508322771867,,
STFT_2D,WGAN_GP_X5,selected_on_DS1,7108,222,2483,"[[1890, 176, 205, 3], [32, 168, 9, 0], [0, 0, 0, 0], [0, 0, 0, 0]]",0.828836085380588,2274,1922,1890,32,384,0.9833506763787722,0.8311345646437994,0.9008579599618685,209,344,168,176,41,0.4883720930232558,0.8038277511961722,0.6075949367088608,0,214,0,214,0,0.0,,,0,3,0,3,0,0.0,,,0.7542264483353647,0.6075949367088608,0.6075949367088608
STFT_2D,WGAN_GP_X5,selected_on_DS1,7108,228,2053,"[[1678, 0, 10, 0], [1, 2, 0, 0], [1, 0, 361, 0], [0, 0, 0, 0]]",0.9941548952752071,1688,1680,1678,2,10,0.9988095238095238,0.9940758293838863,0.996437054631829,3,2,2,0,1,1.0,0.6666666666666666,0.8,362,371,361,10,1,0.9730458221024259,0.9972375690607734,0.984993178717599,0,0,0,0,0,,,,0.927143411116476,0.8,0.8
STFT_2D,WGAN_GP_X5,selected_on_DS1,7108,231,1571,"[[1551, 12, 5, 0], [1, 0, 0, 0], [0, 0, 2, 0], [0, 0, 0, 0]]",0.988542329726289,1568,1552,1551,1,17,0.9993556701030928,0.9891581632653061,0.9942307692307693,1,12,0,12,1,0.0,0.0,0.0,2,7,2,5,0,0.2857142857142857,1.0,0.4444444444444444,0,0,0,0,0,,,,0.47955840455840454,0.0,0.0
STFT_2D,WGAN_GP_X5,selected_on_DS1,7108,232,1780,"[[394, 1, 3, 0], [508, 772, 102, 0], [0, 0, 0, 0], [0, 0, 0, 0]]",0.6550561797752809,398,902,394,508,4,0.43680709534368073,0.9899497487437185,0.6061538461538462,1382,773,772,1,610,0.9987063389391979,0.5586107091172214,0.7164733178654292,0,105,0,105,0,0.0,,,0,0,0,0,0,,,,0.6613135820096376,0.7164733178654292,0.7164733178654292
STFT_2D,WGAN_GP_X5,selected_on_DS1,7108,233,3077,"[[812, 0, 765, 652], [1, 0, 6, 0], [1, 8, 820, 1], [1, 0, 6, 4]]",0.5316867078323042,2229,815,812,3,1417,0.996319018404908,0.3642889187976671,0.533508541392904,7,8,0,8,7,0.0,0.0,0.0,830,1597,820,777,10,0.5134627426424546,0.9879518072289156,0.6757313555830243,11,657,4,653,7,0.0060882800608828,0.36363636363636365,0.011976047904191617,0.30530398622003,0.005988023952095809,0.0
STFT_2D,WGAN_GP_X5,selected_on_DS1,7108,234,2753,"[[2697, 0, 0, 3], [39, 9, 2, 0], [0, 0, 3, 0], [0, 0, 0, 0]]",0.984017435524882,2700,2736,2697,39,3,0.9857456140350878,0.9988888888888889,0.9922737306843267,50,9,9,0,41,1.0,0.18,0.3050847457627119,3,5,3,2,0,0.6,1.0,0.75,0,3,0,3,0,0.0,,,0.6824528254823461,0.3050847457627119,0.3050847457627119
STFT_2D,WGAN_GP_X5,selected_on_DS1,7109,100,2272,"[[2238, 0, 0, 0], [0, 33, 0, 0], [1, 0, 0, 0], [0, 0, 0, 0]]",0.9995598591549296,2238,2239,2238,1,0,0.9995533720410897,1.0,0.9997766361402725,33,33,33,0,0,1.0,1.0,1.0,1,0,0,0,1,,0.0,0.0,0,0,0,0,0,,,,0.6665922120467574,1.0,1.0
STFT_2D,WGAN_GP_X5,selected_on_DS1,7109,103,2084,"[[2082, 0, 0, 0], [1, 1, 0, 0], [0, 0, 0, 0], [0, 0, 0, 0]]",0.9995201535508638,2082,2083,2082,1,0,0.99951992318771,1.0,0.9997599039615847,2,1,1,0,1,1.0,0.5,0.6666666666666666,0,0,0,0,0,,,,0,0,0,0,0,,,,0.8332132853141256,0.6666666666666666,0.6666666666666666
STFT_2D,WGAN_GP_X5,selected_on_DS1,7109,105,2567,"[[2459, 0, 67, 0], [0, 0, 0, 0], [1, 0, 40, 0], [0, 0, 0, 0]]",0.9735099337748344,2526,2460,2459,1,67,0.9995934959349594,0.9734758511480601,0.9863618130766145,0,0,0,0,0,,,,41,107,40,67,1,0.37383177570093457,0.975609756097561,0.5405405405405406,0,0,0,0,0,,,,0.7634511768085775,,
STFT_2D,WGAN_GP_X5,selected_on_DS1,7109,111,2124,"[[2102, 1, 20, 0], [0, 0, 0, 0], [0, 0, 1, 0], [0, 0, 0, 0]]",0.9901129943502824,2123,2102,2102,0,21,1.0,0.9901083372585964,0.9950295857988166,0,1,0,1,0,0.0,,,1,21,1,20,0,0.047619047619047616,1.0,0.09090909090909091,0,0,0,0,0,,,,0.5429693383539538,,
STFT_2D,WGAN_GP_X5,selected_on_DS1,7109,113,1794,"[[1774, 14, 0, 0], [0, 3, 3, 0], [0, 0, 0, 0], [0, 0, 0, 0]]",0.9905239687848384,1788,1774,1774,0,14,1.0,0.9921700223713646,0.99606962380685,6,17,3,14,3,0.17647058823529413,0.5,0.2608695652173913,0,3,0,3,0,0.0,,,0,0,0,0,0,,,,0.6284695945121207,0.2608695652173913,0.2608695652173913
STFT_2D,WGAN_GP_X5,selected_on_DS1,7109,117,1534,"[[1124, 0, 409, 0], [0, 0, 1, 0], [0, 0, 0, 0], [0, 0, 0, 0]]",0.7327249022164276,1533,1124,1124,0,409,1.0,0.7332028701891715,0.8460669928490779,1,0,0,0,1,,0.0,0.0,0,410,0,410,0,0.0,,,0,0,0,0,0,,,,0.42303349642453897,0.0,0.0
STFT_2D,WGAN_GP_X5,selected_on_DS1,7109,121,1863,"[[1859, 0, 2, 0], [1, 0, 0, 0], [0, 0, 1, 0], [0, 0, 0, 0]]",0.998389694041868,1861,1860,1859,1,2,0.9994623655913979,0.99892530897367,0.999193765116904,1,0,0,0,1,,0.0,0.0,1,3,1,2,0,0.3333333333333333,1.0,0.5,0,0,0,0,0,,,,0.49973125503896804,0.0,0.0
STFT_2D,WGAN_GP_X5,selected_on_DS1,7109,123,1518,"[[1512, 3, 0, 0], [0, 0, 0, 0], [0, 0, 3, 0], [0, 0, 0, 0]]",0.9980237154150198,1515,1512,1512,0,3,1.0,0.998019801980198,0.9990089197224975,0,3,0,3,0,0.0,,,3,3,3,0,0,1.0,1.0,1.0,0,0,0,0,0,,,,0.9995044598612488,,
STFT_2D,WGAN_GP_X5,selected_on_DS1,7109,200,2600,"[[1741, 1, 0, 0], [29, 1, 0, 0], [24, 6, 796, 0], [2, 0, 0, 0]]",0.9761538461538461,1742,1796,1741,55,1,0.9693763919821826,0.9994259471871412,0.9841718485019785,30,8,1,7,29,0.125,0.03333333333333333,0.05263157894736842,826,796,796,0,30,1.0,0.9636803874092009,0.9815043156596794,2,0,0,0,2,,0.0,0.0,0.5045769357772566,0.02631578947368421,0.0
STFT_2D,WGAN_GP_X5,selected_on_DS1,7109,202,2136,"[[2043, 1, 3, 14], [37, 1, 17, 0], [0, 1, 18, 0], [1, 0, 0, 0]]",0.9653558052434457,2061,2081,2043,38,18,0.9817395482940894,0.9912663755458515,0.9864799613713182,55,3,1,2,54,0.3333333333333333,0.01818181818181818,0.034482758620689655,19,38,18,20,1,0.47368421052631576,0.9473684210526315,0.631578947368421,1,14,0,14,1,0.0,0.0,0.0,0.41313541684010724,0.017241379310344827,0.0
STFT_2D,WGAN_GP_X5,selected_on_DS1,7109,210,2648,"[[2412, 5, 2, 2], [13, 1, 8, 0], [20, 8, 167, 0], [8, 0, 1, 1]]",0.9746978851963746,2421,2453,2412,41,9,0.9832857725234407,0.9962825278810409,0.9897414854329093,22,14,1,13,21,0.07142857142857142,0.045454545454545456,0.05555555555555555,195,178,167,11,28,0.9382022471910112,0.8564102564102564,0.8954423592493298,10,3,1,2,9,0.3333333333333333,0.1,0.15384615384615385,0.5236463885209871,0.1047008547008547,0.05555555555555555
STFT_2D,WGAN_GP_X5,selected_on_DS1,7109,212,2747,"[[2739, 0, 8, 0], [0, 0, 0, 0], [0, 0, 0, 0], [0, 0, 0, 0]]",0.9970877320713506,2747,2739,2739,0,8,1.0,0.9970877320713506,0.998541742617572,0,0,0,0,0,,,,0,8,0,8,0,0.0,,,0,0,0,0,0,,,,0.998541742617572,,
STFT_2D,WGAN_GP_X5,selected_on_DS1,7109,213,3250,"[[2640, 0, 0, 0], [26, 0, 2, 0], [52, 0, 168, 0], [350, 0, 12, 0]]",0.864,2640,3068,2640,428,0,0.8604954367666232,1.0,0.9250175192711984,28,0,0,0,28,,0.0,0.0,220,182,168,14,52,0.9230769230769231,0.7636363636363637,0.835820895522388,362,0,0,0,362,,0.0,0.0,0.44020960369839657,0.0,0.0
STFT_2D,WGAN_GP_X5,selected_on_DS1,7109,214,2258,"[[1994, 0, 7, 0], [0, 0, 0, 0], [21, 3, 232, 0], [1, 0, 0, 0]]",0.9858281665190434,2001,2016,1994,22,7,0.9890873015873016,0.9965017491254373,0.9927806821010704,0,3,0,3,0,0.0,,,256,239,232,7,24,0.9707112970711297,0.90625,0.9373737373737374,1,0,0,0,1,,0.0,0.0,0.6433848064916026,0.0,0.0
STFT_2D,WGAN_GP_X5,selected_on_DS1,7109,219,2154,"[[2062, 19, 1, 0], [7, 0, 0, 0], [6, 7, 51, 0], [1, 0, 0, 0]]",0.9809656453110492,2082,2076,2062,14,20,0.9932562620423893,0.9903938520653218,0.9918229918229918,7,26,0,26,7,0.0,0.0,0.0,64,52,51,1,13,0.9807692307692307,0.796875,0.8793103448275862,1,0,0,0,1,,0.0,0.0,0.4677833341626445,0.0,0.0
STFT_2D,WGAN_GP_X5,selected_on_DS1,7109,221,2427,"[[1959, 72, 0, 0], [0, 0, 0, 0], [1, 0, 395, 0], [0, 0, 0, 0]]",0.9699217140502678,2031,1960,1959,1,72,0.9994897959183674,0.9645494830132939,0.9817088449010273,0,72,0,72,0,0.0,,,396,395,395,0,1,1.0,0.9974747474747475,0.9987357774968394,0,0,0,0,0,,,,0.9902223111989333,,
STFT_2D,WGAN_GP_X5,selected_on_DS1,7109,222,2483,"[[1857, 345, 72, 0], [20, 187, 2, 0], [0, 0, 0, 0], [0, 0, 0, 0]]",0.8231977446637132,2274,1877,1857,20,417,0.9893446989877464,0.816622691292876,0.8947241628523247,209,532,187,345,22,0.35150375939849626,0.8947368421052632,0.50472334682861,0,74,0,74,0,0.0,,,0,0,0,0,0,,,,0.6997237548404673,0.50472334682861,0.50472334682861
STFT_2D,WGAN_GP_X5,selected_on_DS1,7109,228,2053,"[[1685, 1, 2, 0], [1, 2, 0, 0], [31, 1, 330, 0], [0, 0, 0, 0]]",0.9824646858256211,1688,1717,1685,32,3,0.9813628421665695,0.9982227488151659,0.9897209985315712,3,4,2,2,1,0.5,0.6666666666666666,0.5714285714285714,362,332,330,2,32,0.9939759036144579,0.9116022099447514,0.9510086455331412,0,0,0,0,0,,,,0.8373860718310947,0.5714285714285714,0.5714285714285714
STFT_2D,WGAN_GP_X5,selected_on_DS1,7109,231,1571,"[[1544, 21, 3, 0], [1, 0, 0, 0], [0, 0, 2, 0], [0, 0, 0, 0]]",0.9840865690642903,1568,1545,1544,1,24,0.9993527508090615,0.9846938775510204,0.991969161580469,1,21,0,21,1,0.0,0.0,0.0,2,5,2,3,0,0.4,1.0,0.5714285714285714,0,0,0,0,0,,,,0.5211325776696801,0.0,0.0
STFT_2D,WGAN_GP_X5,selected_on_DS1,7109,232,1780,"[[396, 1, 1, 0], [424, 891, 67, 0], [0, 0, 0, 0], [0, 0, 0, 0]]",0.7230337078651685,398,820,396,424,2,0.48292682926829267,0.9949748743718593,0.6502463054187192,1382,892,891,1,491,0.9988789237668162,0.6447178002894356,0.783641160949868,0,68,0,68,0,0.0,,,0,0,0,0,0,,,,0.7169437331842936,0.783641160949868,0.783641160949868
STFT_2D,WGAN_GP_X5,selected_on_DS1,7109,233,3077,"[[1982, 0, 129, 118], [4, 0, 3, 0], [2, 1, 827, 0], [1, 0, 7, 3]]",0.9138771530711732,2229,1989,1982,7,247,0.9964806435394671,0.889187976671153,0.9397818871503082,7,1,0,1,7,0.0,0.0,0.0,830,966,827,139,3,0.8561076604554866,0.9963855421686747,0.920935412026726,11,121,3,118,8,0.024793388429752067,0.2727272727272727,0.045454545454545456,0.4765429611578949,0.022727272727272728,0.0
STFT_2D,WGAN_GP_X5,selected_on_DS1,7109,234,2753,"[[2700, 0, 0, 0], [32, 18, 0, 0], [0, 0, 3, 0], [0, 0, 0, 0]]",0.9883763167453687,2700,2732,2700,32,0,0.9882869692532943,1.0,0.9941089837997055,50,18,18,0,32,1.0,0.36,0.5294117647058824,3,3,3,0,0,1.0,1.0,1.0,0,0,0,0,0,,,,0.8411735828351959,0.5294117647058824,0.5294117647058824
