representation,config_id,role,split_index,record_id,sample,original_symbol,n_seeds,predicted_N_seeds,predicted_S_seeds,predicted_V_seeds,predicted_F_seeds,correct_seed_fraction,all_seeds_missed_F,all_seeds_predicted_N
RAW_1D,BASELINE_CE,baseline,16636,200,218881,F,10,10,0,0,0,0.0,True,True
RAW_1D,FOCAL_A025_G3,selected_on_DS1,16636,200,218881,F,10,10,0,0,0,0.0,True,True
RAW_1D,BASELINE_CE,baseline,17335,200,385887,F,10,4,6,0,0,0.0,True,False
RAW_1D,FOCAL_A025_G3,selected_on_DS1,17335,200,385887,F,10,5,5,0,0,0.0,True,False
STFT_2D,BASELINE_CE,baseline,17335,200,385887,F,10,10,0,0,0,0.0,True,True
STFT_2D,WGAN_GP_X5,selected_on_DS1,17335,200,385887,F,10,10,0,0,0,0.0,True,True
RAW_1D,BASELINE_CE,baseline,19696,202,467065,F,10,9,0,1,0,0.0,True,False
RAW_1D,FOCAL_A025_G3,selected_on_DS1,19696,202,467065,F,10,6,0,4,0,0.0,True,False
STFT_2D,BASELINE_CE,baseline,19696,202,467065,F,10,7,0,3,0,0.0,True,False
STFT_2D,WGAN_GP_X5,selected_on_DS1,19696,202,467065,F,10,9,0,1,0,0.0,True,False
RAW_1D,BASELINE_CE,baseline,20526,210,8115,F,10,8,0,2,0,0.0,True,False
RAW_1D,FOCAL_A025_G3,selected_on_DS1,20526,210,8115,F,10,9,0,1,0,0.0,True,False
STFT_2D,BASELINE_CE,baseline,20526,210,8115,F,10,10,0,0,0,0.0,True,True
STFT_2D,WGAN_GP_X5,selected_on_DS1,20526,210,8115,F,10,10,0,0,0,0.0,True,True
RAW_1D,BASELINE_CE,baseline,21286,210,194641,F,10,1,0,9,0,0.0,True,False
RAW_1D,FOCAL_A025_G3,selected_on_DS1,21286,210,194641,F,10,0,0,10,0,0.0,True,False
STFT_2D,BASELINE_CE,baseline,21286,210,194641,F,10,3,1,6,0,0.0,True,False
STFT_2D,WGAN_GP_X5,selected_on_DS1,21286,210,194641,F,10,1,0,9,0,0.0,True,False
RAW_1D,BASELINE_CE,baseline,21299,210,197830,F,10,4,0,6,0,0.0,True,False
RAW_1D,FOCAL_A025_G3,selected_on_DS1,21299,210,197830,F,10,3,0,7,0,0.0,True,False
STFT_2D,BASELINE_CE,baseline,21299,210,197830,F,10,10,0,0,0,0.0,True,True
STFT_2D,WGAN_GP_X5,selected_on_DS1,21299,210,197830,F,10,10,0,0,0,0.0,True,True
RAW_1D,BASELINE_CE,baseline,21828,210,326751,F,10,10,0,0,0,0.0,True,True
RAW_1D,FOCAL_A025_G3,selected_on_DS1,21828,210,326751,F,10,10,0,0,0,0.0,True,True
RAW_1D,BASELINE_CE,baseline,22047,210,380044,F,10,9,0,1,0,0.0,True,False
RAW_1D,FOCAL_A025_G3,selected_on_DS1,22047,210,380044,F,10,9,0,1,0,0.0,True,False
STFT_2D,BASELINE_CE,baseline,22047,210,380044,F,10,10,0,0,0,0.0,True,True
STFT_2D,WGAN_GP_X5,selected_on_DS1,22047,210,380044,F,10,10,0,0,0,0.0,True,True
RAW_1D,BASELINE_CE,baseline,22081,210,388698,F,10,10,0,0,0,0.0,True,True
RAW_1D,FOCAL_A025_G3,selected_on_DS1,22081,210,388698,F,10,10,0,0,0,0.0,True,True
STFT_2D,BASELINE_CE,baseline,22081,210,388698,F,10,10,0,0,0,0.0,True,True
STFT_2D,WGAN_GP_X5,selected_on_DS1,22081,210,388698,F,10,10,0,0,0,0.0,True,True
RAW_1D,BASELINE_CE,baseline,22105,210,394440,F,10,10,0,0,0,0.0,True,True
RAW_1D,FOCAL_A025_G3,selected_on_DS1,22105,210,394440,F,10,10,0,0,0,0.0,True,True
STFT_2D,BASELINE_CE,baseline,22105,210,394440,F,10,10,0,0,0,0.0,True,True
STFT_2D,WGAN_GP_X5,selected_on_DS1,22105,210,394440,F,10,10,0,0,0,0.0,True,True
RAW_1D,BASELINE_CE,baseline,22113,210,396466,F,10,10,0,0,0,0.0,True,True
STFT_2D,BASELINE_CE,baseline,22113,210,396466,F,10,10,0,0,0,0.0,True,True
STFT_2D,WGAN_GP_X5,selected_on_DS1,22113,210,396466,F,10,10,0,0,0,0.0,True,True
RAW_1D,BASELINE_CE,baseline,22165,210,409307,F,10,10,0,0,0,0.0,True,True
RAW_1D,FOCAL_A025_G3,selected_on_DS1,22165,210,409307,F,10,10,0,0,0,0.0,True,True
STFT_2D,BASELINE_CE,baseline,22165,210,409307,F,10,10,0,0,0,0.0,True,True
STFT_2D,WGAN_GP_X5,selected_on_DS1,22165,210,409307,F,10,10,0,0,0,0.0,True,True
RAW_1D,BASELINE_CE,baseline,23077,210,634622,F,10,10,0,0,0,0.0,True,True
RAW_1D,FOCAL_A025_G3,selected_on_DS1,23077,210,634622,F,10,10,0,0,0,0.0,True,True
STFT_2D,BASELINE_CE,baseline,23077,210,634622,F,10,10,0,0,0,0.0,True,True
STFT_2D,WGAN_GP_X5,selected_on_DS1,23077,210,634622,F,10,10,0,0,0,0.0,True,True
RAW_1D,BASELINE_CE,baseline,25998,213,21791,F,10,10,0,0,0,0.0,True,True
RAW_1D,FOCAL_A025_G3,selected_on_DS1,25998,213,21791,F,10,10,0,0,0,0.0,True,True
STFT_2D,BASELINE_CE,baseline,25998,213,21791,F,10,10,0,0,0,0.0,True,True
STFT_2D,WGAN_GP_X5,selected_on_DS1,25998,213,21791,F,10,10,0,0,0,0.0,True,True
RAW_1D,BASELINE_CE,baseline,26090,213,39843,F,10,10,0,0,0,0.0,True,True
RAW_1D,FOCAL_A025_G3,selected_on_DS1,26090,213,39843,F,10,10,0,0,0,0.0,True,True
STFT_2D,BASELINE_CE,baseline,26090,213,39843,F,10,10,0,0,0,0.0,True,True
STFT_2D,WGAN_GP_X5,selected_on_DS1,26090,213,39843,F,10,10,0,0,0,0.0,True,True
RAW_1D,BASELINE_CE,baseline,26104,213,42582,F,10,10,0,0,0,0.0,True,True
RAW_1D,FOCAL_A025_G3,selected_on_DS1,26104,213,42582,F,10,10,0,0,0,0.0,True,True
STFT_2D,BASELINE_CE,baseline,26104,213,42582,F,10,10,0,0,0,0.0,True,True
STFT_2D,WGAN_GP_X5,selected_on_DS1,26104,213,42582,F,10,10,0,0,0,0.0,True,True
RAW_1D,BASELINE_CE,baseline,26106,213,42969,F,10,10,0,0,0,0.0,True,True
RAW_1D,FOCAL_A025_G3,selected_on_DS1,26106,213,42969,F,10,10,0,0,0,0.0,True,True
STFT_2D,BASELINE_CE,baseline,26106,213,42969,F,10,10,0,0,0,0.0,True,True
STFT_2D,WGAN_GP_X5,selected_on_DS1,26106,213,42969,F,10,10,0,0,0,0.0,True,True
RAW_1D,BASELINE_CE,baseline,26108,213,43362,F,10,9,0,1,0,0.0,True,False
RAW_1D,FOCAL_A025_G3,selected_on_DS1,26108,213,43362,F,10,9,0,1,0,0.0,True,False
STFT_2D,BASELINE_CE,baseline,26108,213,43362,F,10,10,0,0,0,0.0,True,True
STFT_2D,WGAN_GP_X5,selected_on_DS1,26108,213,43362,F,10,10,0,0,0,0.0,True,True
RAW_1D,BASELINE_CE,baseline,26112,213,44159,F,10,10,0,0,0,0.0,True,True
RAW_1D,FOCAL_A025_G3,selected_on_DS1,26112,213,44159,F,10,10,0,0,0,0.0,True,True
STFT_2D,BASELINE_CE,baseline,26112,213,44159,F,10,10,0,0,0,0.0,True,True
STFT_2D,WGAN_GP_X5,selected_on_DS1,26112,213,44159,F,10,10,0,0,0,0.0,True,True
RAW_1D,BASELINE_CE,baseline,26114,213,44550,F,10,10,0,0,0,0.0,True,True
RAW_1D,FOCAL_A025_G3,selected_on_DS1,26114,213,44550,F,10,10,0,0,0,0.0,True,True
STFT_2D,BASELINE_CE,baseline,26114,213,44550,F,10,10,0,0,0,0.0,True,True
STFT_2D,WGAN_GP_X5,selected_on_DS1,26114,213,44550,F,10,10,0,0,0,0.0,True,True
RAW_1D,BASELINE_CE,baseline,26116,213,44939,F,10,8,1,1,0,0.0,True,False
RAW_1D,FOCAL_A025_G3,selected_on_DS1,26116,213,44939,F,10,9,1,0,0,0.0,True,False
STFT_2D,BASELINE_CE,baseline,26116,213,44939,F,10,10,0,0,0,0.0,True,True
STFT_2D,WGAN_GP_X5,selected_on_DS1,26116,213,44939,F,10,10,0,0,0,0.0,True,True
RAW_1D,BASELINE_CE,baseline,26120,213,45729,F,10,10,0,0,0,0.0,True,True
RAW_1D,FOCAL_A025_G3,selected_on_DS1,26120,213,45729,F,10,10,0,0,0,0.0,True,True
STFT_2D,BASELINE_CE,baseline,26120,213,45729,F,10,10,0,0,0,0.0,True,True
STFT_2D,WGAN_GP_X5,selected_on_DS1,26120,213,45729,F,10,10,0,0,0,0.0,True,True
RAW_1D,BASELINE_CE,baseline,26122,213,46122,F,10,10,0,0,0,0.0,True,True
RAW_1D,FOCAL_A025_G3,selected_on_DS1,26122,213,46122,F,10,10,0,0,0,0.0,True,True
STFT_2D,BASELINE_CE,baseline,26122,213,46122,F,10,10,0,0,0,0.0,True,True
STFT_2D,WGAN_GP_X5,selected_on_DS1,26122,213,46122,F,10,10,0,0,0,0.0,True,True
RAW_1D,BASELINE_CE,baseline,26124,213,46507,F,10,10,0,0,0,0.0,True,True
RAW_1D,FOCAL_A025_G3,selected_on_DS1,26124,213,46507,F,10,10,0,0,0,0.0,True,True
STFT_2D,BASELINE_CE,baseline,26124,213,46507,F,10,10,0,0,0,0.0,True,True
STFT_2D,WGAN_GP_X5,selected_on_DS1,26124,213,46507,F,10,10,0,0,0,0.0,True,True
RAW_1D,BASELINE_CE,baseline,26126,213,46904,F,10,10,0,0,0,0.0,True,True
RAW_1D,FOCAL_A025_G3,selected_on_DS1,26126,213,46904,F,10,10,0,0,0,0.0,True,True
STFT_2D,BASELINE_CE,baseline,26126,213,46904,F,10,10,0,0,0,0.0,True,True
STFT_2D,WGAN_GP_X5,selected_on_DS1,26126,213,46904,F,10,10,0,0,0,0.0,True,True
RAW_1D,BASELINE_CE,baseline,26128,213,47296,F,10,10,0,0,0,0.0,True,True
RAW_1D,FOCAL_A025_G3,selected_on_DS1,26128,213,47296,F,10,10,0,0,0,0.0,True,True
STFT_2D,BASELINE_CE,baseline,26128,213,47296,F,10,10,0,0,0,0.0,True,True
STFT_2D,WGAN_GP_X5,selected_on_DS1,26128,213,47296,F,10,10,0,0,0,0.0,True,True
RAW_1D,BASELINE_CE,baseline,26130,213,47683,F,10,10,0,0,0,0.0,True,True
RAW_1D,FOCAL_A025_G3,selected_on_DS1,26130,213,47683,F,10,10,0,0,0,0.0,True,True
STFT_2D,BASELINE_CE,baseline,26130,213,47683,F,10,10,0,0,0,0.0,True,True
STFT_2D,WGAN_GP_X5,selected_on_DS1,26130,213,47683,F,10,10,0,0,0,0.0,True,True
RAW_1D,BASELINE_CE,baseline,26132,213,48073,F,10,10,0,0,0,0.0,True,True
RAW_1D,FOCAL_A025_G3,selected_on_DS1,26132,213,48073,F,10,10,0,0,0,0.0,True,True
STFT_2D,BASELINE_CE,baseline,26132,213,48073,F,10,10,0,0,0,0.0,True,True
STFT_2D,WGAN_GP_X5,selected_on_DS1,26132,213,48073,F,10,10,0,0,0,0.0,True,True
RAW_1D,BASELINE_CE,baseline,26134,213,48469,F,10,10,0,0,0,0.0,True,True
RAW_1D,FOCAL_A025_G3,selected_on_DS1,26134,213,48469,F,10,10,0,0,0,0.0,True,True
STFT_2D,BASELINE_CE,baseline,26134,213,48469,F,10,10,0,0,0,0.0,True,True
STFT_2D,WGAN_GP_X5,selected_on_DS1,26134,213,48469,F,10,10,0,0,0,0.0,True,True
RAW_1D,BASELINE_CE,baseline,26136,213,48861,F,10,10,0,0,0,0.0,True,True
RAW_1D,FOCAL_A025_G3,selected_on_DS1,26136,213,48861,F,10,10,0,0,0,0.0,True,True
STFT_2D,BASELINE_CE,baseline,26136,213,48861,F,10,10,0,0,0,0.0,True,True
STFT_2D,WGAN_GP_X5,selected_on_DS1,26136,213,48861,F,10,10,0,0,0,0.0,True,True
RAW_1D,BASELINE_CE,baseline,26138,213,49243,F,10,10,0,0,0,0.0,True,True
RAW_1D,FOCAL_A025_G3,selected_on_DS1,26138,213,49243,F,10,9,0,1,0,0.0,True,False
STFT_2D,BASELINE_CE,baseline,26138,213,49243,F,10,10,0,0,0,0.0,True,True
STFT_2D,WGAN_GP_X5,selected_on_DS1,26138,213,49243,F,10,10,0,0,0,0.0,True,True
RAW_1D,BASELINE_CE,baseline,26140,213,49631,F,10,9,0,1,0,0.0,True,False
RAW_1D,FOCAL_A025_G3,selected_on_DS1,26140,213,49631,F,10,9,0,1,0,0.0,True,False
STFT_2D,BASELINE_CE,baseline,26140,213,49631,F,10,10,0,0,0,0.0,True,True
STFT_2D,WGAN_GP_X5,selected_on_DS1,26140,213,49631,F,10,10,0,0,0,0.0,True,True
RAW_1D,BASELINE_CE,baseline,26144,213,50423,F,10,8,1,1,0,0.0,True,False
RAW_1D,FOCAL_A025_G3,selected_on_DS1,26144,213,50423,F,10,10,0,0,0,0.0,True,True
STFT_2D,BASELINE_CE,baseline,26144,213,50423,F,10,9,0,1,0,0.0,True,False
STFT_2D,WGAN_GP_X5,selected_on_DS1,26144,213,50423,F,10,9,0,1,0,0.0,True,False
RAW_1D,BASELINE_CE,baseline,26146,213,50815,F,10,10,0,0,0,0.0,True,True
RAW_1D,FOCAL_A025_G3,selected_on_DS1,26146,213,50815,F,10,10,0,0,0,0.0,True,True
STFT_2D,BASELINE_CE,baseline,26146,213,50815,F,10,10,0,0,0,0.0,True,True
STFT_2D,WGAN_GP_X5,selected_on_DS1,26146,213,50815,F,10,10,0,0,0,0.0,True,True
RAW_1D,BASELINE_CE,baseline,26148,213,51210,F,10,10,0,0,0,0.0,True,True
RAW_1D,FOCAL_A025_G3,selected_on_DS1,26148,213,51210,F,10,10,0,0,0,0.0,True,True
STFT_2D,BASELINE_CE,baseline,26148,213,51210,F,10,10,0,0,0,0.0,True,True
STFT_2D,WGAN_GP_X5,selected_on_DS1,26148,213,51210,F,10,10,0,0,0,0.0,True,True
RAW_1D,BASELINE_CE,baseline,26158,213,53173,F,10,10,0,0,0,0.0,True,True
RAW_1D,FOCAL_A025_G3,selected_on_DS1,26158,213,53173,F,10,10,0,0,0,0.0,True,True
STFT_2D,BASELINE_CE,baseline,26158,213,53173,F,10,10,0,0,0,0.0,True,True
STFT_2D,WGAN_GP_X5,selected_on_DS1,26158,213,53173,F,10,10,0,0,0,0.0,True,True
RAW_1D,BASELINE_CE,baseline,26160,213,53560,F,10,10,0,0,0,0.0,True,True
RAW_1D,FOCAL_A025_G3,selected_on_DS1,26160,213,53560,F,10,10,0,0,0,0.0,True,True
STFT_2D,BASELINE_CE,baseline,26160,213,53560,F,10,10,0,0,0,0.0,True,True
STFT_2D,WGAN_GP_X5,selected_on_DS1,26160,213,53560,F,10,10,0,0,0,0.0,True,True
RAW_1D,BASELINE_CE,baseline,26168,213,55114,F,10,10,0,0,0,0.0,True,True
RAW_1D,FOCAL_A025_G3,selected_on_DS1,26168,213,55114,F,10,10,0,0,0,0.0,True,True
STFT_2D,BASELINE_CE,baseline,26168,213,55114,F,10,10,0,0,0,0.0,True,True
STFT_2D,WGAN_GP_X5,selected_on_DS1,26168,213,55114,F,10,10,0,0,0,0.0,True,True
RAW_1D,BASELINE_CE,baseline,26172,213,55894,F,10,10,0,0,0,0.0,True,True
RAW_1D,FOCAL_A025_G3,selected_on_DS1,26172,213,55894,F,10,10,0,0,0,0.0,True,True
STFT_2D,BASELINE_CE,baseline,26172,213,55894,F,10,10,0,0,0,0.0,True,True
STFT_2D,WGAN_GP_X5,selected_on_DS1,26172,213,55894,F,10,10,0,0,0,0.0,True,True
RAW_1D,BASELINE_CE,baseline,26174,213,56290,F,10,9,0,1,0,0.0,True,False
RAW_1D,FOCAL_A025_G3,selected_on_DS1,26174,213,56290,F,10,9,1,0,0,0.0,True,False
STFT_2D,BASELINE_CE,baseline,26174,213,56290,F,10,10,0,0,0,0.0,True,True
STFT_2D,WGAN_GP_X5,selected_on_DS1,26174,213,56290,F,10,10,0,0,0,0.0,True,True
RAW_1D,BASELINE_CE,baseline,26176,213,56676,F,10,10,0,0,0,0.0,True,True
RAW_1D,FOCAL_A025_G3,selected_on_DS1,26176,213,56676,F,10,10,0,0,0,0.0,True,True
STFT_2D,BASELINE_CE,baseline,26176,213,56676,F,10,10,0,0,0,0.0,True,True
STFT_2D,WGAN_GP_X5,selected_on_DS1,26176,213,56676,F,10,10,0,0,0,0.0,True,True
RAW_1D,BASELINE_CE,baseline,26178,213,57069,F,10,10,0,0,0,0.0,True,True
RAW_1D,FOCAL_A025_G3,selected_on_DS1,26178,213,57069,F,10,10,0,0,0,0.0,True,True
STFT_2D,BASELINE_CE,baseline,26178,213,57069,F,10,10,0,0,0,0.0,True,True
STFT_2D,WGAN_GP_X5,selected_on_DS1,26178,213,57069,F,10,10,0,0,0,0.0,True,True
RAW_1D,BASELINE_CE,baseline,26182,213,57848,F,10,8,2,0,0,0.0,True,False
RAW_1D,FOCAL_A025_G3,selected_on_DS1,26182,213,57848,F,10,10,0,0,0,0.0,True,True
STFT_2D,BASELINE_CE,baseline,26182,213,57848,F,10,10,0,0,0,0.0,True,True
STFT_2D,WGAN_GP_X5,selected_on_DS1,26182,213,57848,F,10,10,0,0,0,0.0,True,True
RAW_1D,BASELINE_CE,baseline,26184,213,58238,F,10,10,0,0,0,0.0,True,True
RAW_1D,FOCAL_A025_G3,selected_on_DS1,26184,213,58238,F,10,10,0,0,0,0.0,True,True
STFT_2D,BASELINE_CE,baseline,26184,213,58238,F,10,10,0,0,0,0.0,True,True
STFT_2D,WGAN_GP_X5,selected_on_DS1,26184,213,58238,F,10,10,0,0,0,0.0,True,True
RAW_1D,BASELINE_CE,baseline,26186,213,58625,F,10,10,0,0,0,0.0,True,True
RAW_1D,FOCAL_A025_G3,selected_on_DS1,26186,213,58625,F,10,10,0,0,0,0.0,True,True
STFT_2D,BASELINE_CE,baseline,26186,213,58625,F,10,10,0,0,0,0.0,True,True
STFT_2D,WGAN_GP_X5,selected_on_DS1,26186,213,58625,F,10,10,0,0,0,0.0,True,True
RAW_1D,BASELINE_CE,baseline,26188,213,59024,F,10,10,0,0,0,0.0,True,True
RAW_1D,FOCAL_A025_G3,selected_on_DS1,26188,213,59024,F,10,10,0,0,0,0.0,True,True
STFT_2D,BASELINE_CE,baseline,26188,213,59024,F,10,10,0,0,0,0.0,True,True
STFT_2D,WGAN_GP_X5,selected_on_DS1,26188,213,59024,F,10,10,0,0,0,0.0,True,True
RAW_1D,BASELINE_CE,baseline,26190,213,59408,F,10,10,0,0,0,0.0,True,True
RAW_1D,FOCAL_A025_G3,selected_on_DS1,26190,213,59408,F,10,10,0,0,0,0.0,True,True
STFT_2D,BASELINE_CE,baseline,26190,213,59408,F,10,10,0,0,0,0.0,True,True
STFT_2D,WGAN_GP_X5,selected_on_DS1,26190,213,59408,F,10,10,0,0,0,0.0,True,True
RAW_1D,BASELINE_CE,baseline,26192,213,59796,F,10,10,0,0,0,0.0,True,True
RAW_1D,FOCAL_A025_G3,selected_on_DS1,26192,213,59796,F,10,10,0,0,0,0.0,True,True
STFT_2D,BASELINE_CE,baseline,26192,213,59796,F,10,10,0,0,0,0.0,True,True
STFT_2D,WGAN_GP_X5,selected_on_DS1,26192,213,59796,F,10,10,0,0,0,0.0,True,True
RAW_1D,BASELINE_CE,baseline,26198,213,60982,F,10,10,0,0,0,0.0,True,True
RAW_1D,FOCAL_A025_G3,selected_on_DS1,26198,213,60982,F,10,10,0,0,0,0.0,True,True
STFT_2D,BASELINE_CE,baseline,26198,213,60982,F,10,10,0,0,0,0.0,True,True
STFT_2D,WGAN_GP_X5,selected_on_DS1,26198,213,60982,F,10,10,0,0,0,0.0,True,True
RAW_1D,BASELINE_CE,baseline,26200,213,61371,F,10,9,1,0,0,0.0,True,False
RAW_1D,FOCAL_A025_G3,selected_on_DS1,26200,213,61371,F,10,10,0,0,0,0.0,True,True
STFT_2D,BASELINE_CE,baseline,26200,213,61371,F,10,10,0,0,0,0.0,True,True
STFT_2D,WGAN_GP_X5,selected_on_DS1,26200,213,61371,F,10,10,0,0,0,0.0,True,True
RAW_1D,BASELINE_CE,baseline,26208,213,62939,F,10,10,0,0,0,0.0,True,True
RAW_1D,FOCAL_A025_G3,selected_on_DS1,26208,213,62939,F,10,9,0,1,0,0.0,True,False
STFT_2D,BASELINE_CE,baseline,26208,213,62939,F,10,10,0,0,0,0.0,True,True
STFT_2D,WGAN_GP_X5,selected_on_DS1,26208,213,62939,F,10,10,0,0,0,0.0,True,True
RAW_1D,BASELINE_CE,baseline,26214,213,64118,F,10,10,0,0,0,0.0,True,True
RAW_1D,FOCAL_A025_G3,selected_on_DS1,26214,213,64118,F,10,10,0,0,0,0.0,True,True
STFT_2D,BASELINE_CE,baseline,26214,213,64118,F,10,10,0,0,0,0.0,True,True
STFT_2D,WGAN_GP_X5,selected_on_DS1,26214,213,64118,F,10,10,0,0,0,0.0,True,True
RAW_1D,BASELINE_CE,baseline,26216,213,64503,F,10,9,0,1,0,0.0,True,False
RAW_1D,FOCAL_A025_G3,selected_on_DS1,26216,213,64503,F,10,10,0,0,0,0.0,True,True
STFT_2D,BASELINE_CE,baseline,26216,213,64503,F,10,10,0,0,0,0.0,True,True
STFT_2D,WGAN_GP_X5,selected_on_DS1,26216,213,64503,F,10,10,0,0,0,0.0,True,True
RAW_1D,BASELINE_CE,baseline,26218,213,64906,F,10,10,0,0,0,0.0,True,True
RAW_1D,FOCAL_A025_G3,selected_on_DS1,26218,213,64906,F,10,10,0,0,0,0.0,True,True
STFT_2D,BASELINE_CE,baseline,26218,213,64906,F,10,10,0,0,0,0.0,True,True
STFT_2D,WGAN_GP_X5,selected_on_DS1,26218,213,64906,F,10,10,0,0,0,0.0,True,True
RAW_1D,BASELINE_CE,baseline,26220,213,65296,F,10,10,0,0,0,0.0,True,True
RAW_1D,FOCAL_A025_G3,selected_on_DS1,26220,213,65296,F,10,10,0,0,0,0.0,True,True
STFT_2D,BASELINE_CE,baseline,26220,213,65296,F,10,10,0,0,0,0.0,True,True
STFT_2D,WGAN_GP_X5,selected_on_DS1,26220,213,65296,F,10,10,0,0,0,0.0,True,True
RAW_1D,BASELINE_CE,baseline,26222,213,65685,F,10,10,0,0,0,0.0,True,True
RAW_1D,FOCAL_A025_G3,selected_on_DS1,26222,213,65685,F,10,10,0,0,0,0.0,True,True
STFT_2D,BASELINE_CE,baseline,26222,213,65685,F,10,7,0,3,0,0.0,True,False
STFT_2D,WGAN_GP_X5,selected_on_DS1,26222,213,65685,F,10,7,0,3,0,0.0,True,False
RAW_1D,BASELINE_CE,baseline,26224,213,66084,F,10,10,0,0,0,0.0,True,True
RAW_1D,FOCAL_A025_G3,selected_on_DS1,26224,213,66084,F,10,10,0,0,0,0.0,True,True
STFT_2D,BASELINE_CE,baseline,26224,213,66084,F,10,10,0,0,0,0.0,True,True
STFT_2D,WGAN_GP_X5,selected_on_DS1,26224,213,66084,F,10,10,0,0,0,0.0,True,True
RAW_1D,BASELINE_CE,baseline,26230,213,67243,F,10,10,0,0,0,0.0,True,True
RAW_1D,FOCAL_A025_G3,selected_on_DS1,26230,213,67243,F,10,10,0,0,0,0.0,True,True
STFT_2D,BASELINE_CE,baseline,26230,213,67243,F,10,10,0,0,0,0.0,True,True
STFT_2D,WGAN_GP_X5,selected_on_DS1,26230,213,67243,F,10,10,0,0,0,0.0,True,True
RAW_1D,BASELINE_CE,baseline,26236,213,68422,F,10,10,0,0,0,0.0,True,True
RAW_1D,FOCAL_A025_G3,selected_on_DS1,26236,213,68422,F,10,10,0,0,0,0.0,True,True
STFT_2D,BASELINE_CE,baseline,26236,213,68422,F,10,10,0,0,0,0.0,True,True
STFT_2D,WGAN_GP_X5,selected_on_DS1,26236,213,68422,F,10,10,0,0,0,0.0,True,True
RAW_1D,BASELINE_CE,baseline,26238,213,68815,F,10,10,0,0,0,0.0,True,True
RAW_1D,FOCAL_A025_G3,selected_on_DS1,26238,213,68815,F,10,10,0,0,0,0.0,True,True
STFT_2D,BASELINE_CE,baseline,26238,213,68815,F,10,10,0,0,0,0.0,True,True
STFT_2D,WGAN_GP_X5,selected_on_DS1,26238,213,68815,F,10,10,0,0,0,0.0,True,True
RAW_1D,BASELINE_CE,baseline,26240,213,69215,F,10,10,0,0,0,0.0,True,True
RAW_1D,FOCAL_A025_G3,selected_on_DS1,26240,213,69215,F,10,10,0,0,0,0.0,True,True
STFT_2D,BASELINE_CE,baseline,26240,213,69215,F,10,10,0,0,0,0.0,True,True
STFT_2D,WGAN_GP_X5,selected_on_DS1,26240,213,69215,F,10,10,0,0,0,0.0,True,True
RAW_1D,BASELINE_CE,baseline,26242,213,69603,F,10,10,0,0,0,0.0,True,True
RAW_1D,FOCAL_A025_G3,selected_on_DS1,26242,213,69603,F,10,10,0,0,0,0.0,True,True
STFT_2D,BASELINE_CE,baseline,26242,213,69603,F,10,10,0,0,0,0.0,True,True
STFT_2D,WGAN_GP_X5,selected_on_DS1,26242,213,69603,F,10,10,0,0,0,0.0,True,True
RAW_1D,BASELINE_CE,baseline,26248,213,70787,F,10,10,0,0,0,0.0,True,True
RAW_1D,FOCAL_A025_G3,selected_on_DS1,26248,213,70787,F,10,10,0,0,0,0.0,True,True
STFT_2D,BASELINE_CE,baseline,26248,213,70787,F,10,10,0,0,0,0.0,True,True
STFT_2D,WGAN_GP_X5,selected_on_DS1,26248,213,70787,F,10,10,0,0,0,0.0,True,True
RAW_1D,BASELINE_CE,baseline,26254,213,71965,F,10,10,0,0,0,0.0,True,True
RAW_1D,FOCAL_A025_G3,selected_on_DS1,26254,213,71965,F,10,10,0,0,0,0.0,True,True
STFT_2D,BASELINE_CE,baseline,26254,213,71965,F,10,10,0,0,0,0.0,True,True
STFT_2D,WGAN_GP_X5,selected_on_DS1,26254,213,71965,F,10,10,0,0,0,0.0,True,True
RAW_1D,BASELINE_CE,baseline,26256,213,72362,F,10,10,0,0,0,0.0,True,True
RAW_1D,FOCAL_A025_G3,selected_on_DS1,26256,213,72362,F,10,10,0,0,0,0.0,True,True
STFT_2D,BASELINE_CE,baseline,26256,213,72362,F,10,10,0,0,0,0.0,True,True
STFT_2D,WGAN_GP_X5,selected_on_DS1,26256,213,72362,F,10,10,0,0,0,0.0,True,True
RAW_1D,BASELINE_CE,baseline,26258,213,72748,F,10,10,0,0,0,0.0,True,True
RAW_1D,FOCAL_A025_G3,selected_on_DS1,26258,213,72748,F,10,10,0,0,0,0.0,True,True
STFT_2D,BASELINE_CE,baseline,26258,213,72748,F,10,10,0,0,0,0.0,True,True
STFT_2D,WGAN_GP_X5,selected_on_DS1,26258,213,72748,F,10,10,0,0,0,0.0,True,True
RAW_1D,BASELINE_CE,baseline,26260,213,73141,F,10,10,0,0,0,0.0,True,True
RAW_1D,FOCAL_A025_G3,selected_on_DS1,26260,213,73141,F,10,10,0,0,0,0.0,True,True
STFT_2D,BASELINE_CE,baseline,26260,213,73141,F,10,10,0,0,0,0.0,True,True
STFT_2D,WGAN_GP_X5,selected_on_DS1,26260,213,73141,F,10,10,0,0,0,0.0,True,True
RAW_1D,BASELINE_CE,baseline,26262,213,73536,F,10,10,0,0,0,0.0,True,True
RAW_1D,FOCAL_A025_G3,selected_on_DS1,26262,213,73536,F,10,10,0,0,0,0.0,True,True
STFT_2D,BASELINE_CE,baseline,26262,213,73536,F,10,10,0,0,0,0.0,True,True
STFT_2D,WGAN_GP_X5,selected_on_DS1,26262,213,73536,F,10,10,0,0,0,0.0,True,True
RAW_1D,BASELINE_CE,baseline,26264,213,73938,F,10,10,0,0,0,0.0,True,True
STFT_2D,BASELINE_CE,baseline,26264,213,73938,F,10,10,0,0,0,0.0,True,True
STFT_2D,WGAN_GP_X5,selected_on_DS1,26264,213,73938,F,10,10,0,0,0,0.0,True,True
RAW_1D,BASELINE_CE,baseline,26266,213,74330,F,10,10,0,0,0,0.0,True,True
RAW_1D,FOCAL_A025_G3,selected_on_DS1,26266,213,74330,F,10,10,0,0,0,0.0,True,True
STFT_2D,BASELINE_CE,baseline,26266,213,74330,F,10,10,0,0,0,0.0,True,True
STFT_2D,WGAN_GP_X5,selected_on_DS1,26266,213,74330,F,10,10,0,0,0,0.0,True,True
RAW_1D,BASELINE_CE,baseline,26268,213,74721,F,10,8,1,1,0,0.0,True,False
RAW_1D,FOCAL_A025_G3,selected_on_DS1,26268,213,74721,F,10,10,0,0,0,0.0,True,True
STFT_2D,BASELINE_CE,baseline,26268,213,74721,F,10,10,0,0,0,0.0,True,True
STFT_2D,WGAN_GP_X5,selected_on_DS1,26268,213,74721,F,10,10,0,0,0,0.0,True,True
RAW_1D,BASELINE_CE,baseline,26270,213,75122,F,10,10,0,0,0,0.0,True,True
RAW_1D,FOCAL_A025_G3,selected_on_DS1,26270,213,75122,F,10,10,0,0,0,0.0,True,True
STFT_2D,BASELINE_CE,baseline,26270,213,75122,F,10,10,0,0,0,0.0,True,True
STFT_2D,WGAN_GP_X5,selected_on_DS1,26270,213,75122,F,10,10,0,0,0,0.0,True,True
RAW_1D,BASELINE_CE,baseline,26272,213,75512,F,10,10,0,0,0,0.0,True,True
RAW_1D,FOCAL_A025_G3,selected_on_DS1,26272,213,75512,F,10,10,0,0,0,0.0,True,True
STFT_2D,BASELINE_CE,baseline,26272,213,75512,F,10,10,0,0,0,0.0,True,True
STFT_2D,WGAN_GP_X5,selected_on_DS1,26272,213,75512,F,10,10,0,0,0,0.0,True,True
RAW_1D,BASELINE_CE,baseline,26276,213,76291,F,10,7,3,0,0,0.0,True,False
RAW_1D,FOCAL_A025_G3,selected_on_DS1,26276,213,76291,F,10,9,1,0,0,0.0,True,False
STFT_2D,BASELINE_CE,baseline,26276,213,76291,F,10,10,0,0,0,0.0,True,True
STFT_2D,WGAN_GP_X5,selected_on_DS1,26276,213,76291,F,10,10,0,0,0,0.0,True,True
RAW_1D,BASELINE_CE,baseline,26282,213,77464,F,10,6,4,0,0,0.0,True,False
RAW_1D,FOCAL_A025_G3,selected_on_DS1,26282,213,77464,F,10,9,1,0,0,0.0,True,False
STFT_2D,BASELINE_CE,baseline,26282,213,77464,F,10,10,0,0,0,0.0,True,True
STFT_2D,WGAN_GP_X5,selected_on_DS1,26282,213,77464,F,10,10,0,0,0,0.0,True,True
RAW_1D,BASELINE_CE,baseline,26286,213,78258,F,10,10,0,0,0,0.0,True,True
RAW_1D,FOCAL_A025_G3,selected_on_DS1,26286,213,78258,F,10,10,0,0,0,0.0,True,True
STFT_2D,BASELINE_CE,baseline,26286,213,78258,F,10,9,0,1,0,0.0,True,False
STFT_2D,WGAN_GP_X5,selected_on_DS1,26286,213,78258,F,10,10,0,0,0,0.0,True,True
RAW_1D,BASELINE_CE,baseline,26288,213,78654,F,10,10,0,0,0,0.0,True,True
RAW_1D,FOCAL_A025_G3,selected_on_DS1,26288,213,78654,F,10,10,0,0,0,0.0,True,True
STFT_2D,BASELINE_CE,baseline,26288,213,78654,F,10,10,0,0,0,0.0,True,True
STFT_2D,WGAN_GP_X5,selected_on_DS1,26288,213,78654,F,10,10,0,0,0,0.0,True,True
RAW_1D,BASELINE_CE,baseline,26290,213,79043,F,10,10,0,0,0,0.0,True,True
RAW_1D,FOCAL_A025_G3,selected_on_DS1,26290,213,79043,F,10,10,0,0,0,0.0,True,True
STFT_2D,BASELINE_CE,baseline,26290,213,79043,F,10,10,0,0,0,0.0,True,True
STFT_2D,WGAN_GP_X5,selected_on_DS1,26290,213,79043,F,10,10,0,0,0,0.0,True,True
RAW_1D,BASELINE_CE,baseline,26292,213,79436,F,10,10,0,0,0,0.0,True,True
RAW_1D,FOCAL_A025_G3,selected_on_DS1,26292,213,79436,F,10,10,0,0,0,0.0,True,True
STFT_2D,BASELINE_CE,baseline,26292,213,79436,F,10,10,0,0,0,0.0,True,True
STFT_2D,WGAN_GP_X5,selected_on_DS1,26292,213,79436,F,10,10,0,0,0,0.0,True,True
RAW_1D,BASELINE_CE,baseline,26294,213,79830,F,10,10,0,0,0,0.0,True,True
RAW_1D,FOCAL_A025_G3,selected_on_DS1,26294,213,79830,F,10,10,0,0,0,0.0,True,True
STFT_2D,BASELINE_CE,baseline,26294,213,79830,F,10,10,0,0,0,0.0,True,True
STFT_2D,WGAN_GP_X5,selected_on_DS1,26294,213,79830,F,10,10,0,0,0,0.0,True,True
RAW_1D,BASELINE_CE,baseline,26296,213,80218,F,10,10,0,0,0,0.0,True,True
RAW_1D,FOCAL_A025_G3,selected_on_DS1,26296,213,80218,F,10,10,0,0,0,0.0,True,True
STFT_2D,BASELINE_CE,baseline,26296,213,80218,F,10,10,0,0,0,0.0,True,True
STFT_2D,WGAN_GP_X5,selected_on_DS1,26296,213,80218,F,10,10,0,0,0,0.0,True,True
RAW_1D,BASELINE_CE,baseline,26298,213,80606,F,10,10,0,0,0,0.0,True,True
RAW_1D,FOCAL_A025_G3,selected_on_DS1,26298,213,80606,F,10,10,0,0,0,0.0,True,True
STFT_2D,BASELINE_CE,baseline,26298,213,80606,F,10,10,0,0,0,0.0,True,True
STFT_2D,WGAN_GP_X5,selected_on_DS1,26298,213,80606,F,10,10,0,0,0,0.0,True,True
RAW_1D,BASELINE_CE,baseline,26300,213,81004,F,10,10,0,0,0,0.0,True,True
RAW_1D,FOCAL_A025_G3,selected_on_DS1,26300,213,81004,F,10,10,0,0,0,0.0,True,True
STFT_2D,BASELINE_CE,baseline,26300,213,81004,F,10,10,0,0,0,0.0,True,True
STFT_2D,WGAN_GP_X5,selected_on_DS1,26300,213,81004,F,10,10,0,0,0,0.0,True,True
RAW_1D,BASELINE_CE,baseline,26301,213,81189,F,10,5,0,5,0,0.0,True,False
RAW_1D,FOCAL_A025_G3,selected_on_DS1,26301,213,81189,F,10,5,0,5,0,0.0,True,False
STFT_2D,BASELINE_CE,baseline,26301,213,81189,F,10,2,0,8,0,0.0,True,False
STFT_2D,WGAN_GP_X5,selected_on_DS1,26301,213,81189,F,10,4,0,6,0,0.0,True,False
RAW_1D,BASELINE_CE,baseline,26306,213,82179,F,10,10,0,0,0,0.0,True,True
RAW_1D,FOCAL_A025_G3,selected_on_DS1,26306,213,82179,F,10,10,0,0,0,0.0,True,True
STFT_2D,BASELINE_CE,baseline,26306,213,82179,F,10,10,0,0,0,0.0,True,True
STFT_2D,WGAN_GP_X5,selected_on_DS1,26306,213,82179,F,10,10,0,0,0,0.0,True,True
RAW_1D,BASELINE_CE,baseline,26308,213,82579,F,10,10,0,0,0,0.0,True,True
RAW_1D,FOCAL_A025_G3,selected_on_DS1,26308,213,82579,F,10,10,0,0,0,0.0,True,True
STFT_2D,BASELINE_CE,baseline,26308,213,82579,F,10,10,0,0,0,0.0,True,True
STFT_2D,WGAN_GP_X5,selected_on_DS1,26308,213,82579,F,10,10,0,0,0,0.0,True,True
RAW_1D,BASELINE_CE,baseline,26310,213,82976,F,10,10,0,0,0,0.0,True,True
RAW_1D,FOCAL_A025_G3,selected_on_DS1,26310,213,82976,F,10,10,0,0,0,0.0,True,True
STFT_2D,BASELINE_CE,baseline,26310,213,82976,F,10,10,0,0,0,0.0,True,True
STFT_2D,WGAN_GP_X5,selected_on_DS1,26310,213,82976,F,10,10,0,0,0,0.0,True,True
RAW_1D,BASELINE_CE,baseline,26312,213,83359,F,10,8,2,0,0,0.0,True,False
RAW_1D,FOCAL_A025_G3,selected_on_DS1,26312,213,83359,F,10,10,0,0,0,0.0,True,True
STFT_2D,BASELINE_CE,baseline,26312,213,83359,F,10,10,0,0,0,0.0,True,True
STFT_2D,WGAN_GP_X5,selected_on_DS1,26312,213,83359,F,10,10,0,0,0,0.0,True,True
RAW_1D,BASELINE_CE,baseline,26314,213,83758,F,10,10,0,0,0,0.0,True,True
RAW_1D,FOCAL_A025_G3,selected_on_DS1,26314,213,83758,F,10,10,0,0,0,0.0,True,True
STFT_2D,BASELINE_CE,baseline,26314,213,83758,F,10,10,0,0,0,0.0,True,True
STFT_2D,WGAN_GP_X5,selected_on_DS1,26314,213,83758,F,10,10,0,0,0,0.0,True,True
RAW_1D,BASELINE_CE,baseline,26316,213,84153,F,10,10,0,0,0,0.0,True,True
RAW_1D,FOCAL_A025_G3,selected_on_DS1,26316,213,84153,F,10,10,0,0,0,0.0,True,True
STFT_2D,BASELINE_CE,baseline,26316,213,84153,F,10,10,0,0,0,0.0,True,True
STFT_2D,WGAN_GP_X5,selected_on_DS1,26316,213,84153,F,10,10,0,0,0,0.0,True,True
RAW_1D,BASELINE_CE,baseline,26318,213,84539,F,10,10,0,0,0,0.0,True,True
RAW_1D,FOCAL_A025_G3,selected_on_DS1,26318,213,84539,F,10,9,0,1,0,0.0,True,False
STFT_2D,BASELINE_CE,baseline,26318,213,84539,F,10,10,0,0,0,0.0,True,True
STFT_2D,WGAN_GP_X5,selected_on_DS1,26318,213,84539,F,10,10,0,0,0,0.0,True,True
RAW_1D,BASELINE_CE,baseline,26320,213,84933,F,10,10,0,0,0,0.0,True,True
RAW_1D,FOCAL_A025_G3,selected_on_DS1,26320,213,84933,F,10,10,0,0,0,0.0,True,True
STFT_2D,BASELINE_CE,baseline,26320,213,84933,F,10,10,0,0,0,0.0,True,True
STFT_2D,WGAN_GP_X5,selected_on_DS1,26320,213,84933,F,10,10,0,0,0,0.0,True,True
RAW_1D,BASELINE_CE,baseline,26322,213,85324,F,10,10,0,0,0,0.0,True,True
RAW_1D,FOCAL_A025_G3,selected_on_DS1,26322,213,85324,F,10,10,0,0,0,0.0,True,True
STFT_2D,BASELINE_CE,baseline,26322,213,85324,F,10,10,0,0,0,0.0,True,True
STFT_2D,WGAN_GP_X5,selected_on_DS1,26322,213,85324,F,10,10,0,0,0,0.0,True,True
RAW_1D,BASELINE_CE,baseline,26330,213,86907,F,10,10,0,0,0,0.0,True,True
RAW_1D,FOCAL_A025_G3,selected_on_DS1,26330,213,86907,F,10,10,0,0,0,0.0,True,True
STFT_2D,BASELINE_CE,baseline,26330,213,86907,F,10,10,0,0,0,0.0,True,True
STFT_2D,WGAN_GP_X5,selected_on_DS1,26330,213,86907,F,10,10,0,0,0,0.0,True,True
RAW_1D,BASELINE_CE,baseline,26334,213,87675,F,10,10,0,0,0,0.0,True,True
RAW_1D,FOCAL_A025_G3,selected_on_DS1,26334,213,87675,F,10,10,0,0,0,0.0,True,True
STFT_2D,BASELINE_CE,baseline,26334,213,87675,F,10,10,0,0,0,0.0,True,True
STFT_2D,WGAN_GP_X5,selected_on_DS1,26334,213,87675,F,10,10,0,0,0,0.0,True,True
RAW_1D,BASELINE_CE,baseline,26342,213,89240,F,10,8,2,0,0,0.0,True,False
RAW_1D,FOCAL_A025_G3,selected_on_DS1,26342,213,89240,F,10,10,0,0,0,0.0,True,True
STFT_2D,BASELINE_CE,baseline,26342,213,89240,F,10,10,0,0,0,0.0,True,True
STFT_2D,WGAN_GP_X5,selected_on_DS1,26342,213,89240,F,10,10,0,0,0,0.0,True,True
RAW_1D,BASELINE_CE,baseline,26344,213,89637,F,10,10,0,0,0,0.0,True,True
RAW_1D,FOCAL_A025_G3,selected_on_DS1,26344,213,89637,F,10,9,0,1,0,0.0,True,False
STFT_2D,BASELINE_CE,baseline,26344,213,89637,F,10,10,0,0,0,0.0,True,True
STFT_2D,WGAN_GP_X5,selected_on_DS1,26344,213,89637,F,10,10,0,0,0,0.0,True,True
RAW_1D,BASELINE_CE,baseline,26356,213,92003,F,10,10,0,0,0,0.0,True,True
RAW_1D,FOCAL_A025_G3,selected_on_DS1,26356,213,92003,F,10,10,0,0,0,0.0,True,True
STFT_2D,BASELINE_CE,baseline,26356,213,92003,F,10,10,0,0,0,0.0,True,True
STFT_2D,WGAN_GP_X5,selected_on_DS1,26356,213,92003,F,10,10,0,0,0,0.0,True,True
RAW_1D,BASELINE_CE,baseline,26358,213,92397,F,10,10,0,0,0,0.0,True,True
RAW_1D,FOCAL_A025_G3,selected_on_DS1,26358,213,92397,F,10,10,0,0,0,0.0,True,True
STFT_2D,BASELINE_CE,baseline,26358,213,92397,F,10,10,0,0,0,0.0,True,True
STFT_2D,WGAN_GP_X5,selected_on_DS1,26358,213,92397,F,10,10,0,0,0,0.0,True,True
RAW_1D,BASELINE_CE,baseline,26360,213,92788,F,10,10,0,0,0,0.0,True,True
RAW_1D,FOCAL_A025_G3,selected_on_DS1,26360,213,92788,F,10,10,0,0,0,0.0,True,True
STFT_2D,BASELINE_CE,baseline,26360,213,92788,F,10,10,0,0,0,0.0,True,True
STFT_2D,WGAN_GP_X5,selected_on_DS1,26360,213,92788,F,10,10,0,0,0,0.0,True,True
RAW_1D,BASELINE_CE,baseline,26382,213,97094,F,10,10,0,0,0,0.0,True,True
RAW_1D,FOCAL_A025_G3,selected_on_DS1,26382,213,97094,F,10,10,0,0,0,0.0,True,True
STFT_2D,BASELINE_CE,baseline,26382,213,97094,F,10,10,0,0,0,0.0,True,True
STFT_2D,WGAN_GP_X5,selected_on_DS1,26382,213,97094,F,10,10,0,0,0,0.0,True,True
RAW_1D,BASELINE_CE,baseline,26386,213,97874,F,10,10,0,0,0,0.0,True,True
RAW_1D,FOCAL_A025_G3,selected_on_DS1,26386,213,97874,F,10,9,1,0,0,0.0,True,False
STFT_2D,BASELINE_CE,baseline,26386,213,97874,F,10,10,0,0,0,0.0,True,True
STFT_2D,WGAN_GP_X5,selected_on_DS1,26386,213,97874,F,10,10,0,0,0,0.0,True,True
RAW_1D,BASELINE_CE,baseline,26394,213,99445,F,10,10,0,0,0,0.0,True,True
RAW_1D,FOCAL_A025_G3,selected_on_DS1,26394,213,99445,F,10,10,0,0,0,0.0,True,True
STFT_2D,BASELINE_CE,baseline,26394,213,99445,F,10,10,0,0,0,0.0,True,True
STFT_2D,WGAN_GP_X5,selected_on_DS1,26394,213,99445,F,10,10,0,0,0,0.0,True,True
RAW_1D,BASELINE_CE,baseline,26406,213,101811,F,10,9,1,0,0,0.0,True,False
RAW_1D,FOCAL_A025_G3,selected_on_DS1,26406,213,101811,F,10,9,0,1,0,0.0,True,False
STFT_2D,BASELINE_CE,baseline,26406,213,101811,F,10,10,0,0,0,0.0,True,True
STFT_2D,WGAN_GP_X5,selected_on_DS1,26406,213,101811,F,10,10,0,0,0,0.0,True,True
RAW_1D,BASELINE_CE,baseline,26426,213,105750,F,10,10,0,0,0,0.0,True,True
RAW_1D,FOCAL_A025_G3,selected_on_DS1,26426,213,105750,F,10,10,0,0,0,0.0,True,True
STFT_2D,BASELINE_CE,baseline,26426,213,105750,F,10,10,0,0,0,0.0,True,True
STFT_2D,WGAN_GP_X5,selected_on_DS1,26426,213,105750,F,10,10,0,0,0,0.0,True,True
RAW_1D,BASELINE_CE,baseline,26432,213,106940,F,10,10,0,0,0,0.0,True,True
RAW_1D,FOCAL_A025_G3,selected_on_DS1,26432,213,106940,F,10,10,0,0,0,0.0,True,True
STFT_2D,BASELINE_CE,baseline,26432,213,106940,F,10,10,0,0,0,0.0,True,True
STFT_2D,WGAN_GP_X5,selected_on_DS1,26432,213,106940,F,10,10,0,0,0,0.0,True,True
RAW_1D,BASELINE_CE,baseline,26438,213,108119,F,10,9,1,0,0,0.0,True,False
RAW_1D,FOCAL_A025_G3,selected_on_DS1,26438,213,108119,F,10,9,1,0,0,0.0,True,False
STFT_2D,BASELINE_CE,baseline,26438,213,108119,F,10,10,0,0,0,0.0,True,True
STFT_2D,WGAN_GP_X5,selected_on_DS1,26438,213,108119,F,10,10,0,0,0,0.0,True,True
RAW_1D,BASELINE_CE,baseline,26484,213,117159,F,10,10,0,0,0,0.0,True,True
RAW_1D,FOCAL_A025_G3,selected_on_DS1,26484,213,117159,F,10,9,0,1,0,0.0,True,False
STFT_2D,BASELINE_CE,baseline,26484,213,117159,F,10,10,0,0,0,0.0,True,True
STFT_2D,WGAN_GP_X5,selected_on_DS1,26484,213,117159,F,10,10,0,0,0,0.0,True,True
RAW_1D,BASELINE_CE,baseline,26500,213,120295,F,10,10,0,0,0,0.0,True,True
RAW_1D,FOCAL_A025_G3,selected_on_DS1,26500,213,120295,F,10,10,0,0,0,0.0,True,True
STFT_2D,BASELINE_CE,baseline,26500,213,120295,F,10,10,0,0,0,0.0,True,True
STFT_2D,WGAN_GP_X5,selected_on_DS1,26500,213,120295,F,10,10,0,0,0,0.0,True,True
RAW_1D,BASELINE_CE,baseline,26681,213,155958,F,10,9,1,0,0,0.0,True,False
RAW_1D,FOCAL_A025_G3,selected_on_DS1,26681,213,155958,F,10,10,0,0,0,0.0,True,True
STFT_2D,BASELINE_CE,baseline,26681,213,155958,F,10,10,0,0,0,0.0,True,True
STFT_2D,WGAN_GP_X5,selected_on_DS1,26681,213,155958,F,10,10,0,0,0,0.0,True,True
RAW_1D,BASELINE_CE,baseline,26712,213,162039,F,10,10,0,0,0,0.0,True,True
RAW_1D,FOCAL_A025_G3,selected_on_DS1,26712,213,162039,F,10,9,1,0,0,0.0,True,False
STFT_2D,BASELINE_CE,baseline,26712,213,162039,F,10,10,0,0,0,0.0,True,True
STFT_2D,WGAN_GP_X5,selected_on_DS1,26712,213,162039,F,10,10,0,0,0,0.0,True,True
RAW_1D,BASELINE_CE,baseline,26718,213,163222,F,10,10,0,0,0,0.0,True,True
RAW_1D,FOCAL_A025_G3,selected_on_DS1,26718,213,163222,F,10,10,0,0,0,0.0,True,True
STFT_2D,BASELINE_CE,baseline,26718,213,163222,F,10,10,0,0,0,0.0,True,True
STFT_2D,WGAN_GP_X5,selected_on_DS1,26718,213,163222,F,10,10,0,0,0,0.0,True,True
RAW_1D,BASELINE_CE,baseline,26720,213,163614,F,10,10,0,0,0,0.0,True,True
RAW_1D,FOCAL_A025_G3,selected_on_DS1,26720,213,163614,F,10,10,0,0,0,0.0,True,True
STFT_2D,BASELINE_CE,baseline,26720,213,163614,F,10,10,0,0,0,0.0,True,True
STFT_2D,WGAN_GP_X5,selected_on_DS1,26720,213,163614,F,10,10,0,0,0,0.0,True,True
RAW_1D,BASELINE_CE,baseline,26722,213,164017,F,10,10,0,0,0,0.0,True,True
RAW_1D,FOCAL_A025_G3,selected_on_DS1,26722,213,164017,F,10,10,0,0,0,0.0,True,True
STFT_2D,BASELINE_CE,baseline,26722,213,164017,F,10,10,0,0,0,0.0,True,True
STFT_2D,WGAN_GP_X5,selected_on_DS1,26722,213,164017,F,10,10,0,0,0,0.0,True,True
RAW_1D,BASELINE_CE,baseline,26724,213,164405,F,10,10,0,0,0,0.0,True,True
RAW_1D,FOCAL_A025_G3,selected_on_DS1,26724,213,164405,F,10,10,0,0,0,0.0,True,True
STFT_2D,BASELINE_CE,baseline,26724,213,164405,F,10,10,0,0,0,0.0,True,True
STFT_2D,WGAN_GP_X5,selected_on_DS1,26724,213,164405,F,10,10,0,0,0,0.0,True,True
RAW_1D,BASELINE_CE,baseline,26726,213,164805,F,10,10,0,0,0,0.0,True,True
RAW_1D,FOCAL_A025_G3,selected_on_DS1,26726,213,164805,F,10,10,0,0,0,0.0,True,True
STFT_2D,BASELINE_CE,baseline,26726,213,164805,F,10,10,0,0,0,0.0,True,True
STFT_2D,WGAN_GP_X5,selected_on_DS1,26726,213,164805,F,10,10,0,0,0,0.0,True,True
RAW_1D,BASELINE_CE,baseline,26732,213,165991,F,10,10,0,0,0,0.0,True,True
RAW_1D,FOCAL_A025_G3,selected_on_DS1,26732,213,165991,F,10,10,0,0,0,0.0,True,True
STFT_2D,BASELINE_CE,baseline,26732,213,165991,F,10,10,0,0,0,0.0,True,True
STFT_2D,WGAN_GP_X5,selected_on_DS1,26732,213,165991,F,10,10,0,0,0,0.0,True,True
RAW_1D,BASELINE_CE,baseline,26734,213,166376,F,10,10,0,0,0,0.0,True,True
RAW_1D,FOCAL_A025_G3,selected_on_DS1,26734,213,166376,F,10,10,0,0,0,0.0,True,True
STFT_2D,BASELINE_CE,baseline,26734,213,166376,F,10,10,0,0,0,0.0,True,True
STFT_2D,WGAN_GP_X5,selected_on_DS1,26734,213,166376,F,10,10,0,0,0,0.0,True,True
RAW_1D,BASELINE_CE,baseline,26736,213,166782,F,10,10,0,0,0,0.0,True,True
RAW_1D,FOCAL_A025_G3,selected_on_DS1,26736,213,166782,F,10,10,0,0,0,0.0,True,True
STFT_2D,BASELINE_CE,baseline,26736,213,166782,F,10,10,0,0,0,0.0,True,True
STFT_2D,WGAN_GP_X5,selected_on_DS1,26736,213,166782,F,10,10,0,0,0,0.0,True,True
RAW_1D,BASELINE_CE,baseline,26744,213,168359,F,10,10,0,0,0,0.0,True,True
RAW_1D,FOCAL_A025_G3,selected_on_DS1,26744,213,168359,F,10,10,0,0,0,0.0,True,True
STFT_2D,BASELINE_CE,baseline,26744,213,168359,F,10,10,0,0,0,0.0,True,True
STFT_2D,WGAN_GP_X5,selected_on_DS1,26744,213,168359,F,10,10,0,0,0,0.0,True,True
RAW_1D,BASELINE_CE,baseline,26746,213,168759,F,10,10,0,0,0,0.0,True,True
RAW_1D,FOCAL_A025_G3,selected_on_DS1,26746,213,168759,F,10,10,0,0,0,0.0,True,True
STFT_2D,BASELINE_CE,baseline,26746,213,168759,F,10,10,0,0,0,0.0,True,True
STFT_2D,WGAN_GP_X5,selected_on_DS1,26746,213,168759,F,10,10,0,0,0,0.0,True,True
RAW_1D,BASELINE_CE,baseline,26754,213,170336,F,10,10,0,0,0,0.0,True,True
RAW_1D,FOCAL_A025_G3,selected_on_DS1,26754,213,170336,F,10,10,0,0,0,0.0,True,True
STFT_2D,BASELINE_CE,baseline,26754,213,170336,F,10,10,0,0,0,0.0,True,True
STFT_2D,WGAN_GP_X5,selected_on_DS1,26754,213,170336,F,10,10,0,0,0,0.0,True,True
RAW_1D,BASELINE_CE,baseline,26762,213,171915,F,10,10,0,0,0,0.0,True,True
RAW_1D,FOCAL_A025_G3,selected_on_DS1,26762,213,171915,F,10,10,0,0,0,0.0,True,True
STFT_2D,BASELINE_CE,baseline,26762,213,171915,F,10,10,0,0,0,0.0,True,True
STFT_2D,WGAN_GP_X5,selected_on_DS1,26762,213,171915,F,10,10,0,0,0,0.0,True,True
RAW_1D,BASELINE_CE,baseline,26764,213,172306,F,10,10,0,0,0,0.0,True,True
RAW_1D,FOCAL_A025_G3,selected_on_DS1,26764,213,172306,F,10,10,0,0,0,0.0,True,True
STFT_2D,BASELINE_CE,baseline,26764,213,172306,F,10,10,0,0,0,0.0,True,True
STFT_2D,WGAN_GP_X5,selected_on_DS1,26764,213,172306,F,10,10,0,0,0,0.0,True,True
RAW_1D,BASELINE_CE,baseline,26766,213,172715,F,10,10,0,0,0,0.0,True,True
RAW_1D,FOCAL_A025_G3,selected_on_DS1,26766,213,172715,F,10,10,0,0,0,0.0,True,True
STFT_2D,BASELINE_CE,baseline,26766,213,172715,F,10,10,0,0,0,0.0,True,True
STFT_2D,WGAN_GP_X5,selected_on_DS1,26766,213,172715,F,10,10,0,0,0,0.0,True,True
RAW_1D,BASELINE_CE,baseline,26768,213,173108,F,10,10,0,0,0,0.0,True,True
RAW_1D,FOCAL_A025_G3,selected_on_DS1,26768,213,173108,F,10,9,0,1,0,0.0,True,False
STFT_2D,BASELINE_CE,baseline,26768,213,173108,F,10,10,0,0,0,0.0,True,True
STFT_2D,WGAN_GP_X5,selected_on_DS1,26768,213,173108,F,10,10,0,0,0,0.0,True,True
RAW_1D,BASELINE_CE,baseline,26780,213,175484,F,10,10,0,0,0,0.0,True,True
RAW_1D,FOCAL_A025_G3,selected_on_DS1,26780,213,175484,F,10,10,0,0,0,0.0,True,True
STFT_2D,BASELINE_CE,baseline,26780,213,175484,F,10,10,0,0,0,0.0,True,True
STFT_2D,WGAN_GP_X5,selected_on_DS1,26780,213,175484,F,10,10,0,0,0,0.0,True,True
RAW_1D,BASELINE_CE,baseline,26782,213,175883,F,10,10,0,0,0,0.0,True,True
RAW_1D,FOCAL_A025_G3,selected_on_DS1,26782,213,175883,F,10,10,0,0,0,0.0,True,True
STFT_2D,BASELINE_CE,baseline,26782,213,175883,F,10,10,0,0,0,0.0,True,True
STFT_2D,WGAN_GP_X5,selected_on_DS1,26782,213,175883,F,10,10,0,0,0,0.0,True,True
RAW_1D,BASELINE_CE,baseline,26784,213,176272,F,10,10,0,0,0,0.0,True,True
RAW_1D,FOCAL_A025_G3,selected_on_DS1,26784,213,176272,F,10,10,0,0,0,0.0,True,True
STFT_2D,BASELINE_CE,baseline,26784,213,176272,F,10,10,0,0,0,0.0,True,True
STFT_2D,WGAN_GP_X5,selected_on_DS1,26784,213,176272,F,10,10,0,0,0,0.0,True,True
RAW_1D,BASELINE_CE,baseline,26792,213,177860,F,10,10,0,0,0,0.0,True,True
RAW_1D,FOCAL_A025_G3,selected_on_DS1,26792,213,177860,F,10,10,0,0,0,0.0,True,True
STFT_2D,BASELINE_CE,baseline,26792,213,177860,F,10,10,0,0,0,0.0,True,True
STFT_2D,WGAN_GP_X5,selected_on_DS1,26792,213,177860,F,10,10,0,0,0,0.0,True,True
RAW_1D,BASELINE_CE,baseline,26794,213,178253,F,10,10,0,0,0,0.0,True,True
RAW_1D,FOCAL_A025_G3,selected_on_DS1,26794,213,178253,F,10,10,0,0,0,0.0,True,True
STFT_2D,BASELINE_CE,baseline,26794,213,178253,F,10,10,0,0,0,0.0,True,True
STFT_2D,WGAN_GP_X5,selected_on_DS1,26794,213,178253,F,10,10,0,0,0,0.0,True,True
RAW_1D,BASELINE_CE,baseline,26796,213,178656,F,10,10,0,0,0,0.0,True,True
RAW_1D,FOCAL_A025_G3,selected_on_DS1,26796,213,178656,F,10,10,0,0,0,0.0,True,True
STFT_2D,BASELINE_CE,baseline,26796,213,178656,F,10,10,0,0,0,0.0,True,True
STFT_2D,WGAN_GP_X5,selected_on_DS1,26796,213,178656,F,10,10,0,0,0,0.0,True,True
RAW_1D,BASELINE_CE,baseline,26798,213,179040,F,10,9,1,0,0,0.0,True,False
RAW_1D,FOCAL_A025_G3,selected_on_DS1,26798,213,179040,F,10,10,0,0,0,0.0,True,True
STFT_2D,BASELINE_CE,baseline,26798,213,179040,F,10,10,0,0,0,0.0,True,True
STFT_2D,WGAN_GP_X5,selected_on_DS1,26798,213,179040,F,10,10,0,0,0,0.0,True,True
RAW_1D,BASELINE_CE,baseline,26800,213,179432,F,10,10,0,0,0,0.0,True,True
RAW_1D,FOCAL_A025_G3,selected_on_DS1,26800,213,179432,F,10,10,0,0,0,0.0,True,True
STFT_2D,BASELINE_CE,baseline,26800,213,179432,F,10,10,0,0,0,0.0,True,True
STFT_2D,WGAN_GP_X5,selected_on_DS1,26800,213,179432,F,10,10,0,0,0,0.0,True,True
RAW_1D,BASELINE_CE,baseline,26806,213,180612,F,10,10,0,0,0,0.0,True,True
RAW_1D,FOCAL_A025_G3,selected_on_DS1,26806,213,180612,F,10,10,0,0,0,0.0,True,True
STFT_2D,BASELINE_CE,baseline,26806,213,180612,F,10,10,0,0,0,0.0,True,True
STFT_2D,WGAN_GP_X5,selected_on_DS1,26806,213,180612,F,10,10,0,0,0,0.0,True,True
RAW_1D,BASELINE_CE,baseline,26832,213,185725,F,10,10,0,0,0,0.0,True,True
RAW_1D,FOCAL_A025_G3,selected_on_DS1,26832,213,185725,F,10,9,0,1,0,0.0,True,False
STFT_2D,BASELINE_CE,baseline,26832,213,185725,F,10,10,0,0,0,0.0,True,True
STFT_2D,WGAN_GP_X5,selected_on_DS1,26832,213,185725,F,10,10,0,0,0,0.0,True,True
RAW_1D,BASELINE_CE,baseline,26834,213,186131,F,10,10,0,0,0,0.0,True,True
RAW_1D,FOCAL_A025_G3,selected_on_DS1,26834,213,186131,F,10,10,0,0,0,0.0,True,True
STFT_2D,BASELINE_CE,baseline,26834,213,186131,F,10,10,0,0,0,0.0,True,True
STFT_2D,WGAN_GP_X5,selected_on_DS1,26834,213,186131,F,10,10,0,0,0,0.0,True,True
RAW_1D,BASELINE_CE,baseline,26838,213,186909,F,10,8,2,0,0,0.0,True,False
RAW_1D,FOCAL_A025_G3,selected_on_DS1,26838,213,186909,F,10,10,0,0,0,0.0,True,True
STFT_2D,BASELINE_CE,baseline,26838,213,186909,F,10,10,0,0,0,0.0,True,True
STFT_2D,WGAN_GP_X5,selected_on_DS1,26838,213,186909,F,10,10,0,0,0,0.0,True,True
RAW_1D,BASELINE_CE,baseline,26840,213,187316,F,10,10,0,0,0,0.0,True,True
RAW_1D,FOCAL_A025_G3,selected_on_DS1,26840,213,187316,F,10,10,0,0,0,0.0,True,True
STFT_2D,BASELINE_CE,baseline,26840,213,187316,F,10,10,0,0,0,0.0,True,True
STFT_2D,WGAN_GP_X5,selected_on_DS1,26840,213,187316,F,10,10,0,0,0,0.0,True,True
RAW_1D,BASELINE_CE,baseline,26842,213,187704,F,10,10,0,0,0,0.0,True,True
RAW_1D,FOCAL_A025_G3,selected_on_DS1,26842,213,187704,F,10,10,0,0,0,0.0,True,True
STFT_2D,BASELINE_CE,baseline,26842,213,187704,F,10,10,0,0,0,0.0,True,True
STFT_2D,WGAN_GP_X5,selected_on_DS1,26842,213,187704,F,10,10,0,0,0,0.0,True,True
RAW_1D,BASELINE_CE,baseline,26848,213,188874,F,10,10,0,0,0,0.0,True,True
RAW_1D,FOCAL_A025_G3,selected_on_DS1,26848,213,188874,F,10,10,0,0,0,0.0,True,True
STFT_2D,BASELINE_CE,baseline,26848,213,188874,F,10,10,0,0,0,0.0,True,True
STFT_2D,WGAN_GP_X5,selected_on_DS1,26848,213,188874,F,10,10,0,0,0,0.0,True,True
RAW_1D,BASELINE_CE,baseline,26850,213,189265,F,10,10,0,0,0,0.0,True,True
RAW_1D,FOCAL_A025_G3,selected_on_DS1,26850,213,189265,F,10,10,0,0,0,0.0,True,True
STFT_2D,BASELINE_CE,baseline,26850,213,189265,F,10,10,0,0,0,0.0,True,True
STFT_2D,WGAN_GP_X5,selected_on_DS1,26850,213,189265,F,10,10,0,0,0,0.0,True,True
RAW_1D,BASELINE_CE,baseline,26852,213,189660,F,10,10,0,0,0,0.0,True,True
RAW_1D,FOCAL_A025_G3,selected_on_DS1,26852,213,189660,F,10,10,0,0,0,0.0,True,True
STFT_2D,BASELINE_CE,baseline,26852,213,189660,F,10,10,0,0,0,0.0,True,True
STFT_2D,WGAN_GP_X5,selected_on_DS1,26852,213,189660,F,10,10,0,0,0,0.0,True,True
RAW_1D,BASELINE_CE,baseline,26854,213,190050,F,10,10,0,0,0,0.0,True,True
RAW_1D,FOCAL_A025_G3,selected_on_DS1,26854,213,190050,F,10,10,0,0,0,0.0,True,True
STFT_2D,BASELINE_CE,baseline,26854,213,190050,F,10,10,0,0,0,0.0,True,True
STFT_2D,WGAN_GP_X5,selected_on_DS1,26854,213,190050,F,10,10,0,0,0,0.0,True,True
RAW_1D,BASELINE_CE,baseline,26856,213,190456,F,10,9,0,1,0,0.0,True,False
RAW_1D,FOCAL_A025_G3,selected_on_DS1,26856,213,190456,F,10,10,0,0,0,0.0,True,True
STFT_2D,BASELINE_CE,baseline,26856,213,190456,F,10,6,0,4,0,0.0,True,False
STFT_2D,WGAN_GP_X5,selected_on_DS1,26856,213,190456,F,10,6,0,4,0,0.0,True,False
RAW_1D,BASELINE_CE,baseline,26858,213,190852,F,10,9,1,0,0,0.0,True,False
RAW_1D,FOCAL_A025_G3,selected_on_DS1,26858,213,190852,F,10,10,0,0,0,0.0,True,True
STFT_2D,BASELINE_CE,baseline,26858,213,190852,F,10,10,0,0,0,0.0,True,True
STFT_2D,WGAN_GP_X5,selected_on_DS1,26858,213,190852,F,10,10,0,0,0,0.0,True,True
RAW_1D,BASELINE_CE,baseline,26860,213,191244,F,10,10,0,0,0,0.0,True,True
RAW_1D,FOCAL_A025_G3,selected_on_DS1,26860,213,191244,F,10,10,0,0,0,0.0,True,True
STFT_2D,BASELINE_CE,baseline,26860,213,191244,F,10,10,0,0,0,0.0,True,True
STFT_2D,WGAN_GP_X5,selected_on_DS1,26860,213,191244,F,10,10,0,0,0,0.0,True,True
RAW_1D,BASELINE_CE,baseline,26862,213,191636,F,10,10,0,0,0,0.0,True,True
RAW_1D,FOCAL_A025_G3,selected_on_DS1,26862,213,191636,F,10,10,0,0,0,0.0,True,True
STFT_2D,BASELINE_CE,baseline,26862,213,191636,F,10,10,0,0,0,0.0,True,True
STFT_2D,WGAN_GP_X5,selected_on_DS1,26862,213,191636,F,10,10,0,0,0,0.0,True,True
RAW_1D,BASELINE_CE,baseline,26866,213,192422,F,10,10,0,0,0,0.0,True,True
RAW_1D,FOCAL_A025_G3,selected_on_DS1,26866,213,192422,F,10,10,0,0,0,0.0,True,True
STFT_2D,BASELINE_CE,baseline,26866,213,192422,F,10,10,0,0,0,0.0,True,True
STFT_2D,WGAN_GP_X5,selected_on_DS1,26866,213,192422,F,10,10,0,0,0,0.0,True,True
RAW_1D,BASELINE_CE,baseline,26870,213,193212,F,10,10,0,0,0,0.0,True,True
RAW_1D,FOCAL_A025_G3,selected_on_DS1,26870,213,193212,F,10,10,0,0,0,0.0,True,True
STFT_2D,BASELINE_CE,baseline,26870,213,193212,F,10,10,0,0,0,0.0,True,True
STFT_2D,WGAN_GP_X5,selected_on_DS1,26870,213,193212,F,10,10,0,0,0,0.0,True,True
RAW_1D,BASELINE_CE,baseline,26872,213,193600,F,10,10,0,0,0,0.0,True,True
RAW_1D,FOCAL_A025_G3,selected_on_DS1,26872,213,193600,F,10,10,0,0,0,0.0,True,True
STFT_2D,BASELINE_CE,baseline,26872,213,193600,F,10,10,0,0,0,0.0,True,True
STFT_2D,WGAN_GP_X5,selected_on_DS1,26872,213,193600,F,10,10,0,0,0,0.0,True,True
RAW_1D,BASELINE_CE,baseline,26874,213,193991,F,10,10,0,0,0,0.0,True,True
RAW_1D,FOCAL_A025_G3,selected_on_DS1,26874,213,193991,F,10,10,0,0,0,0.0,True,True
STFT_2D,BASELINE_CE,baseline,26874,213,193991,F,10,10,0,0,0,0.0,True,True
STFT_2D,WGAN_GP_X5,selected_on_DS1,26874,213,193991,F,10,10,0,0,0,0.0,True,True
RAW_1D,BASELINE_CE,baseline,26876,213,194384,F,10,10,0,0,0,0.0,True,True
RAW_1D,FOCAL_A025_G3,selected_on_DS1,26876,213,194384,F,10,10,0,0,0,0.0,True,True
STFT_2D,BASELINE_CE,baseline,26876,213,194384,F,10,10,0,0,0,0.0,True,True
STFT_2D,WGAN_GP_X5,selected_on_DS1,26876,213,194384,F,10,10,0,0,0,0.0,True,True
RAW_1D,BASELINE_CE,baseline,26880,213,195180,F,10,10,0,0,0,0.0,True,True
RAW_1D,FOCAL_A025_G3,selected_on_DS1,26880,213,195180,F,10,9,0,1,0,0.0,True,False
STFT_2D,BASELINE_CE,baseline,26880,213,195180,F,10,10,0,0,0,0.0,True,True
STFT_2D,WGAN_GP_X5,selected_on_DS1,26880,213,195180,F,10,10,0,0,0,0.0,True,True
RAW_1D,BASELINE_CE,baseline,26882,213,195573,F,10,10,0,0,0,0.0,True,True
RAW_1D,FOCAL_A025_G3,selected_on_DS1,26882,213,195573,F,10,10,0,0,0,0.0,True,True
STFT_2D,BASELINE_CE,baseline,26882,213,195573,F,10,10,0,0,0,0.0,True,True
STFT_2D,WGAN_GP_X5,selected_on_DS1,26882,213,195573,F,10,10,0,0,0,0.0,True,True
RAW_1D,BASELINE_CE,baseline,26890,213,197148,F,10,10,0,0,0,0.0,True,True
RAW_1D,FOCAL_A025_G3,selected_on_DS1,26890,213,197148,F,10,10,0,0,0,0.0,True,True
STFT_2D,BASELINE_CE,baseline,26890,213,197148,F,10,10,0,0,0,0.0,True,True
STFT_2D,WGAN_GP_X5,selected_on_DS1,26890,213,197148,F,10,10,0,0,0,0.0,True,True
RAW_1D,BASELINE_CE,baseline,26892,213,197542,F,10,9,0,1,0,0.0,True,False
RAW_1D,FOCAL_A025_G3,selected_on_DS1,26892,213,197542,F,10,9,0,1,0,0.0,True,False
STFT_2D,BASELINE_CE,baseline,26892,213,197542,F,10,10,0,0,0,0.0,True,True
STFT_2D,WGAN_GP_X5,selected_on_DS1,26892,213,197542,F,10,10,0,0,0,0.0,True,True
RAW_1D,BASELINE_CE,baseline,26896,213,198341,F,10,10,0,0,0,0.0,True,True
RAW_1D,FOCAL_A025_G3,selected_on_DS1,26896,213,198341,F,10,10,0,0,0,0.0,True,True
STFT_2D,BASELINE_CE,baseline,26896,213,198341,F,10,10,0,0,0,0.0,True,True
STFT_2D,WGAN_GP_X5,selected_on_DS1,26896,213,198341,F,10,10,0,0,0,0.0,True,True
RAW_1D,BASELINE_CE,baseline,26906,213,200313,F,10,10,0,0,0,0.0,True,True
RAW_1D,FOCAL_A025_G3,selected_on_DS1,26906,213,200313,F,10,10,0,0,0,0.0,True,True
STFT_2D,BASELINE_CE,baseline,26906,213,200313,F,10,10,0,0,0,0.0,True,True
STFT_2D,WGAN_GP_X5,selected_on_DS1,26906,213,200313,F,10,10,0,0,0,0.0,True,True
RAW_1D,BASELINE_CE,baseline,26941,213,207223,F,10,10,0,0,0,0.0,True,True
RAW_1D,FOCAL_A025_G3,selected_on_DS1,26941,213,207223,F,10,10,0,0,0,0.0,True,True
STFT_2D,BASELINE_CE,baseline,26941,213,207223,F,10,10,0,0,0,0.0,True,True
STFT_2D,WGAN_GP_X5,selected_on_DS1,26941,213,207223,F,10,10,0,0,0,0.0,True,True
RAW_1D,BASELINE_CE,baseline,26943,213,207616,F,10,10,0,0,0,0.0,True,True
RAW_1D,FOCAL_A025_G3,selected_on_DS1,26943,213,207616,F,10,10,0,0,0,0.0,True,True
STFT_2D,BASELINE_CE,baseline,26943,213,207616,F,10,10,0,0,0,0.0,True,True
STFT_2D,WGAN_GP_X5,selected_on_DS1,26943,213,207616,F,10,10,0,0,0,0.0,True,True
RAW_1D,BASELINE_CE,baseline,26945,213,208016,F,10,10,0,0,0,0.0,True,True
RAW_1D,FOCAL_A025_G3,selected_on_DS1,26945,213,208016,F,10,10,0,0,0,0.0,True,True
STFT_2D,BASELINE_CE,baseline,26945,213,208016,F,10,10,0,0,0,0.0,True,True
STFT_2D,WGAN_GP_X5,selected_on_DS1,26945,213,208016,F,10,10,0,0,0,0.0,True,True
RAW_1D,BASELINE_CE,baseline,26947,213,208418,F,10,10,0,0,0,0.0,True,True
RAW_1D,FOCAL_A025_G3,selected_on_DS1,26947,213,208418,F,10,10,0,0,0,0.0,True,True
STFT_2D,BASELINE_CE,baseline,26947,213,208418,F,10,10,0,0,0,0.0,True,True
STFT_2D,WGAN_GP_X5,selected_on_DS1,26947,213,208418,F,10,10,0,0,0,0.0,True,True
RAW_1D,BASELINE_CE,baseline,26949,213,208801,F,10,10,0,0,0,0.0,True,True
RAW_1D,FOCAL_A025_G3,selected_on_DS1,26949,213,208801,F,10,10,0,0,0,0.0,True,True
STFT_2D,BASELINE_CE,baseline,26949,213,208801,F,10,10,0,0,0,0.0,True,True
STFT_2D,WGAN_GP_X5,selected_on_DS1,26949,213,208801,F,10,10,0,0,0,0.0,True,True
RAW_1D,BASELINE_CE,baseline,26951,213,209195,F,10,10,0,0,0,0.0,True,True
RAW_1D,FOCAL_A025_G3,selected_on_DS1,26951,213,209195,F,10,10,0,0,0,0.0,True,True
STFT_2D,BASELINE_CE,baseline,26951,213,209195,F,10,10,0,0,0,0.0,True,True
STFT_2D,WGAN_GP_X5,selected_on_DS1,26951,213,209195,F,10,10,0,0,0,0.0,True,True
RAW_1D,BASELINE_CE,baseline,26953,213,209586,F,10,10,0,0,0,0.0,True,True
RAW_1D,FOCAL_A025_G3,selected_on_DS1,26953,213,209586,F,10,10,0,0,0,0.0,True,True
STFT_2D,BASELINE_CE,baseline,26953,213,209586,F,10,10,0,0,0,0.0,True,True
STFT_2D,WGAN_GP_X5,selected_on_DS1,26953,213,209586,F,10,10,0,0,0,0.0,True,True
RAW_1D,BASELINE_CE,baseline,26955,213,209984,F,10,10,0,0,0,0.0,True,True
RAW_1D,FOCAL_A025_G3,selected_on_DS1,26955,213,209984,F,10,10,0,0,0,0.0,True,True
STFT_2D,BASELINE_CE,baseline,26955,213,209984,F,10,10,0,0,0,0.0,True,True
STFT_2D,WGAN_GP_X5,selected_on_DS1,26955,213,209984,F,10,10,0,0,0,0.0,True,True
RAW_1D,BASELINE_CE,baseline,26957,213,210371,F,10,10,0,0,0,0.0,True,True
RAW_1D,FOCAL_A025_G3,selected_on_DS1,26957,213,210371,F,10,10,0,0,0,0.0,True,True
STFT_2D,BASELINE_CE,baseline,26957,213,210371,F,10,10,0,0,0,0.0,True,True
STFT_2D,WGAN_GP_X5,selected_on_DS1,26957,213,210371,F,10,10,0,0,0,0.0,True,True
RAW_1D,BASELINE_CE,baseline,26961,213,211168,F,10,10,0,0,0,0.0,True,True
RAW_1D,FOCAL_A025_G3,selected_on_DS1,26961,213,211168,F,10,10,0,0,0,0.0,True,True
STFT_2D,BASELINE_CE,baseline,26961,213,211168,F,10,10,0,0,0,0.0,True,True
STFT_2D,WGAN_GP_X5,selected_on_DS1,26961,213,211168,F,10,10,0,0,0,0.0,True,True
RAW_1D,BASELINE_CE,baseline,26963,213,211562,F,10,10,0,0,0,0.0,True,True
RAW_1D,FOCAL_A025_G3,selected_on_DS1,26963,213,211562,F,10,10,0,0,0,0.0,True,True
STFT_2D,BASELINE_CE,baseline,26963,213,211562,F,10,10,0,0,0,0.0,True,True
STFT_2D,WGAN_GP_X5,selected_on_DS1,26963,213,211562,F,10,10,0,0,0,0.0,True,True
RAW_1D,BASELINE_CE,baseline,26965,213,211954,F,10,10,0,0,0,0.0,True,True
RAW_1D,FOCAL_A025_G3,selected_on_DS1,26965,213,211954,F,10,10,0,0,0,0.0,True,True
STFT_2D,BASELINE_CE,baseline,26965,213,211954,F,10,10,0,0,0,0.0,True,True
STFT_2D,WGAN_GP_X5,selected_on_DS1,26965,213,211954,F,10,10,0,0,0,0.0,True,True
RAW_1D,BASELINE_CE,baseline,26967,213,212354,F,10,10,0,0,0,0.0,True,True
RAW_1D,FOCAL_A025_G3,selected_on_DS1,26967,213,212354,F,10,10,0,0,0,0.0,True,True
STFT_2D,BASELINE_CE,baseline,26967,213,212354,F,10,10,0,0,0,0.0,True,True
STFT_2D,WGAN_GP_X5,selected_on_DS1,26967,213,212354,F,10,10,0,0,0,0.0,True,True
RAW_1D,BASELINE_CE,baseline,26969,213,212753,F,10,10,0,0,0,0.0,True,True
RAW_1D,FOCAL_A025_G3,selected_on_DS1,26969,213,212753,F,10,10,0,0,0,0.0,True,True
STFT_2D,BASELINE_CE,baseline,26969,213,212753,F,10,10,0,0,0,0.0,True,True
STFT_2D,WGAN_GP_X5,selected_on_DS1,26969,213,212753,F,10,10,0,0,0,0.0,True,True
RAW_1D,BASELINE_CE,baseline,26973,213,213534,F,10,10,0,0,0,0.0,True,True
RAW_1D,FOCAL_A025_G3,selected_on_DS1,26973,213,213534,F,10,10,0,0,0,0.0,True,True
STFT_2D,BASELINE_CE,baseline,26973,213,213534,F,10,10,0,0,0,0.0,True,True
STFT_2D,WGAN_GP_X5,selected_on_DS1,26973,213,213534,F,10,10,0,0,0,0.0,True,True
RAW_1D,BASELINE_CE,baseline,26975,213,213941,F,10,10,0,0,0,0.0,True,True
RAW_1D,FOCAL_A025_G3,selected_on_DS1,26975,213,213941,F,10,10,0,0,0,0.0,True,True
STFT_2D,BASELINE_CE,baseline,26975,213,213941,F,10,10,0,0,0,0.0,True,True
STFT_2D,WGAN_GP_X5,selected_on_DS1,26975,213,213941,F,10,10,0,0,0,0.0,True,True
RAW_1D,BASELINE_CE,baseline,26977,213,214328,F,10,10,0,0,0,0.0,True,True
RAW_1D,FOCAL_A025_G3,selected_on_DS1,26977,213,214328,F,10,10,0,0,0,0.0,True,True
STFT_2D,BASELINE_CE,baseline,26977,213,214328,F,10,10,0,0,0,0.0,True,True
STFT_2D,WGAN_GP_X5,selected_on_DS1,26977,213,214328,F,10,10,0,0,0,0.0,True,True
RAW_1D,BASELINE_CE,baseline,26979,213,214722,F,10,10,0,0,0,0.0,True,True
RAW_1D,FOCAL_A025_G3,selected_on_DS1,26979,213,214722,F,10,10,0,0,0,0.0,True,True
STFT_2D,BASELINE_CE,baseline,26979,213,214722,F,10,10,0,0,0,0.0,True,True
STFT_2D,WGAN_GP_X5,selected_on_DS1,26979,213,214722,F,10,10,0,0,0,0.0,True,True
RAW_1D,BASELINE_CE,baseline,26981,213,215110,F,10,9,0,1,0,0.0,True,False
RAW_1D,FOCAL_A025_G3,selected_on_DS1,26981,213,215110,F,10,9,1,0,0,0.0,True,False
STFT_2D,BASELINE_CE,baseline,26981,213,215110,F,10,10,0,0,0,0.0,True,True
STFT_2D,WGAN_GP_X5,selected_on_DS1,26981,213,215110,F,10,10,0,0,0,0.0,True,True
RAW_1D,BASELINE_CE,baseline,26983,213,215515,F,10,10,0,0,0,0.0,True,True
RAW_1D,FOCAL_A025_G3,selected_on_DS1,26983,213,215515,F,10,10,0,0,0,0.0,True,True
STFT_2D,BASELINE_CE,baseline,26983,213,215515,F,10,10,0,0,0,0.0,True,True
STFT_2D,WGAN_GP_X5,selected_on_DS1,26983,213,215515,F,10,10,0,0,0,0.0,True,True
RAW_1D,BASELINE_CE,baseline,26985,213,215911,F,10,10,0,0,0,0.0,True,True
RAW_1D,FOCAL_A025_G3,selected_on_DS1,26985,213,215911,F,10,10,0,0,0,0.0,True,True
STFT_2D,BASELINE_CE,baseline,26985,213,215911,F,10,10,0,0,0,0.0,True,True
STFT_2D,WGAN_GP_X5,selected_on_DS1,26985,213,215911,F,10,10,0,0,0,0.0,True,True
RAW_1D,BASELINE_CE,baseline,26987,213,216309,F,10,10,0,0,0,0.0,True,True
RAW_1D,FOCAL_A025_G3,selected_on_DS1,26987,213,216309,F,10,10,0,0,0,0.0,True,True
STFT_2D,BASELINE_CE,baseline,26987,213,216309,F,10,10,0,0,0,0.0,True,True
STFT_2D,WGAN_GP_X5,selected_on_DS1,26987,213,216309,F,10,10,0,0,0,0.0,True,True
RAW_1D,BASELINE_CE,baseline,26989,213,216704,F,10,10,0,0,0,0.0,True,True
RAW_1D,FOCAL_A025_G3,selected_on_DS1,26989,213,216704,F,10,10,0,0,0,0.0,True,True
STFT_2D,BASELINE_CE,baseline,26989,213,216704,F,10,10,0,0,0,0.0,True,True
STFT_2D,WGAN_GP_X5,selected_on_DS1,26989,213,216704,F,10,10,0,0,0,0.0,True,True
RAW_1D,BASELINE_CE,baseline,26991,213,217104,F,10,9,0,1,0,0.0,True,False
STFT_2D,BASELINE_CE,baseline,26991,213,217104,F,10,10,0,0,0,0.0,True,True
RAW_1D,BASELINE_CE,baseline,27000,213,218879,F,10,7,3,0,0,0.0,True,False
RAW_1D,FOCAL_A025_G3,selected_on_DS1,27000,213,218879,F,10,10,0,0,0,0.0,True,True
STFT_2D,BASELINE_CE,baseline,27000,213,218879,F,10,10,0,0,0,0.0,True,True
STFT_2D,WGAN_GP_X5,selected_on_DS1,27000,213,218879,F,10,10,0,0,0,0.0,True,True
RAW_1D,BASELINE_CE,baseline,27009,213,220665,F,10,9,1,0,0,0.0,True,False
RAW_1D,FOCAL_A025_G3,selected_on_DS1,27009,213,220665,F,10,9,1,0,0,0.0,True,False
STFT_2D,BASELINE_CE,baseline,27009,213,220665,F,10,10,0,0,0,0.0,True,True
STFT_2D,WGAN_GP_X5,selected_on_DS1,27009,213,220665,F,10,10,0,0,0,0.0,True,True
RAW_1D,BASELINE_CE,baseline,27029,213,224615,F,10,10,0,0,0,0.0,True,True
RAW_1D,FOCAL_A025_G3,selected_on_DS1,27029,213,224615,F,10,10,0,0,0,0.0,True,True
STFT_2D,BASELINE_CE,baseline,27029,213,224615,F,10,10,0,0,0,0.0,True,True
STFT_2D,WGAN_GP_X5,selected_on_DS1,27029,213,224615,F,10,10,0,0,0,0.0,True,True
RAW_1D,BASELINE_CE,baseline,27045,213,227782,F,10,8,2,0,0,0.0,True,False
RAW_1D,FOCAL_A025_G3,selected_on_DS1,27045,213,227782,F,10,10,0,0,0,0.0,True,True
STFT_2D,BASELINE_CE,baseline,27045,213,227782,F,10,10,0,0,0,0.0,True,True
STFT_2D,WGAN_GP_X5,selected_on_DS1,27045,213,227782,F,10,10,0,0,0,0.0,True,True
RAW_1D,BASELINE_CE,baseline,27051,213,228981,F,10,10,0,0,0,0.0,True,True
RAW_1D,FOCAL_A025_G3,selected_on_DS1,27051,213,228981,F,10,10,0,0,0,0.0,True,True
STFT_2D,BASELINE_CE,baseline,27051,213,228981,F,10,10,0,0,0,0.0,True,True
STFT_2D,WGAN_GP_X5,selected_on_DS1,27051,213,228981,F,10,10,0,0,0,0.0,True,True
RAW_1D,BASELINE_CE,baseline,27063,213,231337,F,10,4,0,6,0,0.0,True,False
RAW_1D,FOCAL_A025_G3,selected_on_DS1,27063,213,231337,F,10,4,0,6,0,0.0,True,False
STFT_2D,BASELINE_CE,baseline,27063,213,231337,F,10,10,0,0,0,0.0,True,True
STFT_2D,WGAN_GP_X5,selected_on_DS1,27063,213,231337,F,10,10,0,0,0,0.0,True,True
RAW_1D,BASELINE_CE,baseline,27282,213,274909,F,10,10,0,0,0,0.0,True,True
RAW_1D,FOCAL_A025_G3,selected_on_DS1,27282,213,274909,F,10,10,0,0,0,0.0,True,True
STFT_2D,BASELINE_CE,baseline,27282,213,274909,F,10,10,0,0,0,0.0,True,True
STFT_2D,WGAN_GP_X5,selected_on_DS1,27282,213,274909,F,10,10,0,0,0,0.0,True,True
RAW_1D,BASELINE_CE,baseline,27284,213,275301,F,10,10,0,0,0,0.0,True,True
RAW_1D,FOCAL_A025_G3,selected_on_DS1,27284,213,275301,F,10,10,0,0,0,0.0,True,True
STFT_2D,BASELINE_CE,baseline,27284,213,275301,F,10,10,0,0,0,0.0,True,True
STFT_2D,WGAN_GP_X5,selected_on_DS1,27284,213,275301,F,10,10,0,0,0,0.0,True,True
RAW_1D,BASELINE_CE,baseline,27290,213,276505,F,10,10,0,0,0,0.0,True,True
RAW_1D,FOCAL_A025_G3,selected_on_DS1,27290,213,276505,F,10,10,0,0,0,0.0,True,True
STFT_2D,BASELINE_CE,baseline,27290,213,276505,F,10,10,0,0,0,0.0,True,True
STFT_2D,WGAN_GP_X5,selected_on_DS1,27290,213,276505,F,10,10,0,0,0,0.0,True,True
RAW_1D,BASELINE_CE,baseline,27292,213,276909,F,10,10,0,0,0,0.0,True,True
RAW_1D,FOCAL_A025_G3,selected_on_DS1,27292,213,276909,F,10,10,0,0,0,0.0,True,True
STFT_2D,BASELINE_CE,baseline,27292,213,276909,F,10,10,0,0,0,0.0,True,True
STFT_2D,WGAN_GP_X5,selected_on_DS1,27292,213,276909,F,10,10,0,0,0,0.0,True,True
RAW_1D,BASELINE_CE,baseline,27294,213,277304,F,10,10,0,0,0,0.0,True,True
RAW_1D,FOCAL_A025_G3,selected_on_DS1,27294,213,277304,F,10,10,0,0,0,0.0,True,True
STFT_2D,BASELINE_CE,baseline,27294,213,277304,F,10,10,0,0,0,0.0,True,True
STFT_2D,WGAN_GP_X5,selected_on_DS1,27294,213,277304,F,10,10,0,0,0,0.0,True,True
RAW_1D,BASELINE_CE,baseline,27296,213,277712,F,10,10,0,0,0,0.0,True,True
RAW_1D,FOCAL_A025_G3,selected_on_DS1,27296,213,277712,F,10,10,0,0,0,0.0,True,True
STFT_2D,BASELINE_CE,baseline,27296,213,277712,F,10,10,0,0,0,0.0,True,True
STFT_2D,WGAN_GP_X5,selected_on_DS1,27296,213,277712,F,10,10,0,0,0,0.0,True,True
RAW_1D,BASELINE_CE,baseline,27306,213,279692,F,10,9,0,1,0,0.0,True,False
RAW_1D,FOCAL_A025_G3,selected_on_DS1,27306,213,279692,F,10,10,0,0,0,0.0,True,True
STFT_2D,BASELINE_CE,baseline,27306,213,279692,F,10,9,0,1,0,0.0,True,False
STFT_2D,WGAN_GP_X5,selected_on_DS1,27306,213,279692,F,10,9,0,1,0,0.0,True,False
RAW_1D,BASELINE_CE,baseline,27310,213,280492,F,10,10,0,0,0,0.0,True,True
RAW_1D,FOCAL_A025_G3,selected_on_DS1,27310,213,280492,F,10,10,0,0,0,0.0,True,True
STFT_2D,BASELINE_CE,baseline,27310,213,280492,F,10,10,0,0,0,0.0,True,True
STFT_2D,WGAN_GP_X5,selected_on_DS1,27310,213,280492,F,10,10,0,0,0,0.0,True,True
RAW_1D,BASELINE_CE,baseline,27312,213,280903,F,10,10,0,0,0,0.0,True,True
RAW_1D,FOCAL_A025_G3,selected_on_DS1,27312,213,280903,F,10,10,0,0,0,0.0,True,True
STFT_2D,BASELINE_CE,baseline,27312,213,280903,F,10,10,0,0,0,0.0,True,True
STFT_2D,WGAN_GP_X5,selected_on_DS1,27312,213,280903,F,10,10,0,0,0,0.0,True,True
RAW_1D,BASELINE_CE,baseline,27314,213,281292,F,10,10,0,0,0,0.0,True,True
RAW_1D,FOCAL_A025_G3,selected_on_DS1,27314,213,281292,F,10,10,0,0,0,0.0,True,True
STFT_2D,BASELINE_CE,baseline,27314,213,281292,F,10,10,0,0,0,0.0,True,True
STFT_2D,WGAN_GP_X5,selected_on_DS1,27314,213,281292,F,10,10,0,0,0,0.0,True,True
RAW_1D,BASELINE_CE,baseline,27316,213,281700,F,10,9,0,1,0,0.0,True,False
RAW_1D,FOCAL_A025_G3,selected_on_DS1,27316,213,281700,F,10,9,0,1,0,0.0,True,False
STFT_2D,BASELINE_CE,baseline,27316,213,281700,F,10,9,0,1,0,0.0,True,False
RAW_1D,BASELINE_CE,baseline,27318,213,282095,F,10,10,0,0,0,0.0,True,True
RAW_1D,FOCAL_A025_G3,selected_on_DS1,27318,213,282095,F,10,9,0,1,0,0.0,True,False
STFT_2D,BASELINE_CE,baseline,27318,213,282095,F,10,10,0,0,0,0.0,True,True
STFT_2D,WGAN_GP_X5,selected_on_DS1,27318,213,282095,F,10,10,0,0,0,0.0,True,True
RAW_1D,BASELINE_CE,baseline,27326,213,283683,F,10,10,0,0,0,0.0,True,True
RAW_1D,FOCAL_A025_G3,selected_on_DS1,27326,213,283683,F,10,10,0,0,0,0.0,True,True
STFT_2D,BASELINE_CE,baseline,27326,213,283683,F,10,10,0,0,0,0.0,True,True
STFT_2D,WGAN_GP_X5,selected_on_DS1,27326,213,283683,F,10,10,0,0,0,0.0,True,True
RAW_1D,BASELINE_CE,baseline,27334,213,285276,F,10,10,0,0,0,0.0,True,True
RAW_1D,FOCAL_A025_G3,selected_on_DS1,27334,213,285276,F,10,10,0,0,0,0.0,True,True
STFT_2D,BASELINE_CE,baseline,27334,213,285276,F,10,10,0,0,0,0.0,True,True
STFT_2D,WGAN_GP_X5,selected_on_DS1,27334,213,285276,F,10,10,0,0,0,0.0,True,True
RAW_1D,BASELINE_CE,baseline,27354,213,289237,F,10,10,0,0,0,0.0,True,True
RAW_1D,FOCAL_A025_G3,selected_on_DS1,27354,213,289237,F,10,10,0,0,0,0.0,True,True
STFT_2D,BASELINE_CE,baseline,27354,213,289237,F,10,10,0,0,0,0.0,True,True
STFT_2D,WGAN_GP_X5,selected_on_DS1,27354,213,289237,F,10,10,0,0,0,0.0,True,True
RAW_1D,BASELINE_CE,baseline,27364,213,291232,F,10,10,0,0,0,0.0,True,True
RAW_1D,FOCAL_A025_G3,selected_on_DS1,27364,213,291232,F,10,10,0,0,0,0.0,True,True
STFT_2D,BASELINE_CE,baseline,27364,213,291232,F,10,10,0,0,0,0.0,True,True
STFT_2D,WGAN_GP_X5,selected_on_DS1,27364,213,291232,F,10,10,0,0,0,0.0,True,True
RAW_1D,BASELINE_CE,baseline,27374,213,293202,F,10,10,0,0,0,0.0,True,True
RAW_1D,FOCAL_A025_G3,selected_on_DS1,27374,213,293202,F,10,10,0,0,0,0.0,True,True
STFT_2D,BASELINE_CE,baseline,27374,213,293202,F,10,10,0,0,0,0.0,True,True
STFT_2D,WGAN_GP_X5,selected_on_DS1,27374,213,293202,F,10,10,0,0,0,0.0,True,True
RAW_1D,BASELINE_CE,baseline,27376,213,293604,F,10,10,0,0,0,0.0,True,True
RAW_1D,FOCAL_A025_G3,selected_on_DS1,27376,213,293604,F,10,10,0,0,0,0.0,True,True
STFT_2D,BASELINE_CE,baseline,27376,213,293604,F,10,10,0,0,0,0.0,True,True
STFT_2D,WGAN_GP_X5,selected_on_DS1,27376,213,293604,F,10,10,0,0,0,0.0,True,True
RAW_1D,BASELINE_CE,baseline,27378,213,294008,F,10,10,0,0,0,0.0,True,True
RAW_1D,FOCAL_A025_G3,selected_on_DS1,27378,213,294008,F,10,10,0,0,0,0.0,True,True
STFT_2D,BASELINE_CE,baseline,27378,213,294008,F,10,10,0,0,0,0.0,True,True
STFT_2D,WGAN_GP_X5,selected_on_DS1,27378,213,294008,F,10,10,0,0,0,0.0,True,True
RAW_1D,BASELINE_CE,baseline,27380,213,294394,F,10,10,0,0,0,0.0,True,True
RAW_1D,FOCAL_A025_G3,selected_on_DS1,27380,213,294394,F,10,10,0,0,0,0.0,True,True
STFT_2D,BASELINE_CE,baseline,27380,213,294394,F,10,10,0,0,0,0.0,True,True
STFT_2D,WGAN_GP_X5,selected_on_DS1,27380,213,294394,F,10,10,0,0,0,0.0,True,True
RAW_1D,BASELINE_CE,baseline,27382,213,294788,F,10,10,0,0,0,0.0,True,True
RAW_1D,FOCAL_A025_G3,selected_on_DS1,27382,213,294788,F,10,10,0,0,0,0.0,True,True
STFT_2D,BASELINE_CE,baseline,27382,213,294788,F,10,10,0,0,0,0.0,True,True
STFT_2D,WGAN_GP_X5,selected_on_DS1,27382,213,294788,F,10,10,0,0,0,0.0,True,True
RAW_1D,BASELINE_CE,baseline,27388,213,295978,F,10,10,0,0,0,0.0,True,True
RAW_1D,FOCAL_A025_G3,selected_on_DS1,27388,213,295978,F,10,10,0,0,0,0.0,True,True
STFT_2D,BASELINE_CE,baseline,27388,213,295978,F,10,5,0,5,0,0.0,True,False
STFT_2D,WGAN_GP_X5,selected_on_DS1,27388,213,295978,F,10,5,0,5,0,0.0,True,False
RAW_1D,BASELINE_CE,baseline,27390,213,296385,F,10,10,0,0,0,0.0,True,True
RAW_1D,FOCAL_A025_G3,selected_on_DS1,27390,213,296385,F,10,10,0,0,0,0.0,True,True
STFT_2D,BASELINE_CE,baseline,27390,213,296385,F,10,10,0,0,0,0.0,True,True
STFT_2D,WGAN_GP_X5,selected_on_DS1,27390,213,296385,F,10,10,0,0,0,0.0,True,True
RAW_1D,BASELINE_CE,baseline,27396,213,297570,F,10,10,0,0,0,0.0,True,True
RAW_1D,FOCAL_A025_G3,selected_on_DS1,27396,213,297570,F,10,10,0,0,0,0.0,True,True
STFT_2D,BASELINE_CE,baseline,27396,213,297570,F,10,10,0,0,0,0.0,True,True
STFT_2D,WGAN_GP_X5,selected_on_DS1,27396,213,297570,F,10,10,0,0,0,0.0,True,True
RAW_1D,BASELINE_CE,baseline,27402,213,298774,F,10,10,0,0,0,0.0,True,True
RAW_1D,FOCAL_A025_G3,selected_on_DS1,27402,213,298774,F,10,10,0,0,0,0.0,True,True
STFT_2D,BASELINE_CE,baseline,27402,213,298774,F,10,10,0,0,0,0.0,True,True
STFT_2D,WGAN_GP_X5,selected_on_DS1,27402,213,298774,F,10,10,0,0,0,0.0,True,True
RAW_1D,BASELINE_CE,baseline,27404,213,299176,F,10,10,0,0,0,0.0,True,True
RAW_1D,FOCAL_A025_G3,selected_on_DS1,27404,213,299176,F,10,10,0,0,0,0.0,True,True
STFT_2D,BASELINE_CE,baseline,27404,213,299176,F,10,10,0,0,0,0.0,True,True
STFT_2D,WGAN_GP_X5,selected_on_DS1,27404,213,299176,F,10,10,0,0,0,0.0,True,True
RAW_1D,BASELINE_CE,baseline,27406,213,299579,F,10,10,0,0,0,0.0,True,True
RAW_1D,FOCAL_A025_G3,selected_on_DS1,27406,213,299579,F,10,10,0,0,0,0.0,True,True
STFT_2D,BASELINE_CE,baseline,27406,213,299579,F,10,10,0,0,0,0.0,True,True
STFT_2D,WGAN_GP_X5,selected_on_DS1,27406,213,299579,F,10,10,0,0,0,0.0,True,True
RAW_1D,BASELINE_CE,baseline,27408,213,299980,F,10,10,0,0,0,0.0,True,True
RAW_1D,FOCAL_A025_G3,selected_on_DS1,27408,213,299980,F,10,10,0,0,0,0.0,True,True
STFT_2D,BASELINE_CE,baseline,27408,213,299980,F,10,10,0,0,0,0.0,True,True
STFT_2D,WGAN_GP_X5,selected_on_DS1,27408,213,299980,F,10,10,0,0,0,0.0,True,True
RAW_1D,BASELINE_CE,baseline,27410,213,300361,F,10,10,0,0,0,0.0,True,True
RAW_1D,FOCAL_A025_G3,selected_on_DS1,27410,213,300361,F,10,9,0,1,0,0.0,True,False
STFT_2D,BASELINE_CE,baseline,27410,213,300361,F,10,10,0,0,0,0.0,True,True
STFT_2D,WGAN_GP_X5,selected_on_DS1,27410,213,300361,F,10,9,0,1,0,0.0,True,False
STFT_2D,BASELINE_CE,baseline,27414,213,301165,F,10,10,0,0,0,0.0,True,True
RAW_1D,BASELINE_CE,baseline,27416,213,301577,F,10,10,0,0,0,0.0,True,True
RAW_1D,FOCAL_A025_G3,selected_on_DS1,27416,213,301577,F,10,10,0,0,0,0.0,True,True
STFT_2D,BASELINE_CE,baseline,27416,213,301577,F,10,10,0,0,0,0.0,True,True
STFT_2D,WGAN_GP_X5,selected_on_DS1,27416,213,301577,F,10,10,0,0,0,0.0,True,True
RAW_1D,BASELINE_CE,baseline,27426,213,303568,F,10,10,0,0,0,0.0,True,True
RAW_1D,FOCAL_A025_G3,selected_on_DS1,27426,213,303568,F,10,10,0,0,0,0.0,True,True
STFT_2D,BASELINE_CE,baseline,27426,213,303568,F,10,10,0,0,0,0.0,True,True
STFT_2D,WGAN_GP_X5,selected_on_DS1,27426,213,303568,F,10,10,0,0,0,0.0,True,True
RAW_1D,BASELINE_CE,baseline,27430,213,304368,F,10,10,0,0,0,0.0,True,True
STFT_2D,BASELINE_CE,baseline,27430,213,304368,F,10,10,0,0,0,0.0,True,True
STFT_2D,WGAN_GP_X5,selected_on_DS1,27430,213,304368,F,10,9,0,1,0,0.0,True,False
RAW_1D,BASELINE_CE,baseline,27448,213,307971,F,10,10,0,0,0,0.0,True,True
RAW_1D,FOCAL_A025_G3,selected_on_DS1,27448,213,307971,F,10,10,0,0,0,0.0,True,True
STFT_2D,BASELINE_CE,baseline,27448,213,307971,F,10,10,0,0,0,0.0,True,True
STFT_2D,WGAN_GP_X5,selected_on_DS1,27448,213,307971,F,10,10,0,0,0,0.0,True,True
RAW_1D,BASELINE_CE,baseline,27464,213,311179,F,10,10,0,0,0,0.0,True,True
RAW_1D,FOCAL_A025_G3,selected_on_DS1,27464,213,311179,F,10,10,0,0,0,0.0,True,True
STFT_2D,BASELINE_CE,baseline,27464,213,311179,F,10,10,0,0,0,0.0,True,True
STFT_2D,WGAN_GP_X5,selected_on_DS1,27464,213,311179,F,10,9,0,1,0,0.0,True,False
RAW_1D,BASELINE_CE,baseline,27480,213,314376,F,10,10,0,0,0,0.0,True,True
RAW_1D,FOCAL_A025_G3,selected_on_DS1,27480,213,314376,F,10,10,0,0,0,0.0,True,True
STFT_2D,BASELINE_CE,baseline,27480,213,314376,F,10,10,0,0,0,0.0,True,True
STFT_2D,WGAN_GP_X5,selected_on_DS1,27480,213,314376,F,10,10,0,0,0,0.0,True,True
RAW_1D,BASELINE_CE,baseline,27506,213,319554,F,10,10,0,0,0,0.0,True,True
RAW_1D,FOCAL_A025_G3,selected_on_DS1,27506,213,319554,F,10,10,0,0,0,0.0,True,True
STFT_2D,BASELINE_CE,baseline,27506,213,319554,F,10,10,0,0,0,0.0,True,True
STFT_2D,WGAN_GP_X5,selected_on_DS1,27506,213,319554,F,10,10,0,0,0,0.0,True,True
RAW_1D,BASELINE_CE,baseline,27508,213,319953,F,10,10,0,0,0,0.0,True,True
RAW_1D,FOCAL_A025_G3,selected_on_DS1,27508,213,319953,F,10,10,0,0,0,0.0,True,True
STFT_2D,BASELINE_CE,baseline,27508,213,319953,F,10,10,0,0,0,0.0,True,True
STFT_2D,WGAN_GP_X5,selected_on_DS1,27508,213,319953,F,10,10,0,0,0,0.0,True,True
RAW_1D,BASELINE_CE,baseline,27518,213,321935,F,10,10,0,0,0,0.0,True,True
RAW_1D,FOCAL_A025_G3,selected_on_DS1,27518,213,321935,F,10,10,0,0,0,0.0,True,True
RAW_1D,BASELINE_CE,baseline,27522,213,322720,F,10,10,0,0,0,0.0,True,True
RAW_1D,FOCAL_A025_G3,selected_on_DS1,27522,213,322720,F,10,10,0,0,0,0.0,True,True
STFT_2D,BASELINE_CE,baseline,27522,213,322720,F,10,10,0,0,0,0.0,True,True
STFT_2D,WGAN_GP_X5,selected_on_DS1,27522,213,322720,F,10,10,0,0,0,0.0,True,True
RAW_1D,BASELINE_CE,baseline,27530,213,324319,F,10,10,0,0,0,0.0,True,True
RAW_1D,FOCAL_A025_G3,selected_on_DS1,27530,213,324319,F,10,10,0,0,0,0.0,True,True
STFT_2D,BASELINE_CE,baseline,27530,213,324319,F,10,10,0,0,0,0.0,True,True
STFT_2D,WGAN_GP_X5,selected_on_DS1,27530,213,324319,F,10,10,0,0,0,0.0,True,True
RAW_1D,BASELINE_CE,baseline,27543,213,326896,F,10,7,1,2,0,0.0,True,False
RAW_1D,FOCAL_A025_G3,selected_on_DS1,27543,213,326896,F,10,6,0,4,0,0.0,True,False
STFT_2D,BASELINE_CE,baseline,27543,213,326896,F,10,10,0,0,0,0.0,True,True
STFT_2D,WGAN_GP_X5,selected_on_DS1,27543,213,326896,F,10,10,0,0,0,0.0,True,True
RAW_1D,BASELINE_CE,baseline,27546,213,327506,F,10,10,0,0,0,0.0,True,True
RAW_1D,FOCAL_A025_G3,selected_on_DS1,27546,213,327506,F,10,10,0,0,0,0.0,True,True
STFT_2D,BASELINE_CE,baseline,27546,213,327506,F,10,6,0,4,0,0.0,True,False
STFT_2D,WGAN_GP_X5,selected_on_DS1,27546,213,327506,F,10,7,0,3,0,0.0,True,False
RAW_1D,BASELINE_CE,baseline,27558,213,329917,F,10,10,0,0,0,0.0,True,True
RAW_1D,FOCAL_A025_G3,selected_on_DS1,27558,213,329917,F,10,10,0,0,0,0.0,True,True
STFT_2D,BASELINE_CE,baseline,27558,213,329917,F,10,10,0,0,0,0.0,True,True
STFT_2D,WGAN_GP_X5,selected_on_DS1,27558,213,329917,F,10,10,0,0,0,0.0,True,True
RAW_1D,BASELINE_CE,baseline,27560,213,330313,F,10,10,0,0,0,0.0,True,True
RAW_1D,FOCAL_A025_G3,selected_on_DS1,27560,213,330313,F,10,10,0,0,0,0.0,True,True
STFT_2D,BASELINE_CE,baseline,27560,213,330313,F,10,10,0,0,0,0.0,True,True
STFT_2D,WGAN_GP_X5,selected_on_DS1,27560,213,330313,F,10,10,0,0,0,0.0,True,True
RAW_1D,BASELINE_CE,baseline,27784,213,375088,F,10,10,0,0,0,0.0,True,True
RAW_1D,FOCAL_A025_G3,selected_on_DS1,27784,213,375088,F,10,10,0,0,0,0.0,True,True
STFT_2D,BASELINE_CE,baseline,27784,213,375088,F,10,10,0,0,0,0.0,True,True
STFT_2D,WGAN_GP_X5,selected_on_DS1,27784,213,375088,F,10,10,0,0,0,0.0,True,True
RAW_1D,BASELINE_CE,baseline,27786,213,375486,F,10,10,0,0,0,0.0,True,True
RAW_1D,FOCAL_A025_G3,selected_on_DS1,27786,213,375486,F,10,9,0,1,0,0.0,True,False
STFT_2D,BASELINE_CE,baseline,27786,213,375486,F,10,10,0,0,0,0.0,True,True
STFT_2D,WGAN_GP_X5,selected_on_DS1,27786,213,375486,F,10,10,0,0,0,0.0,True,True
RAW_1D,BASELINE_CE,baseline,27788,213,375893,F,10,10,0,0,0,0.0,True,True
RAW_1D,FOCAL_A025_G3,selected_on_DS1,27788,213,375893,F,10,10,0,0,0,0.0,True,True
STFT_2D,BASELINE_CE,baseline,27788,213,375893,F,10,10,0,0,0,0.0,True,True
STFT_2D,WGAN_GP_X5,selected_on_DS1,27788,213,375893,F,10,10,0,0,0,0.0,True,True
RAW_1D,BASELINE_CE,baseline,27798,213,377920,F,10,10,0,0,0,0.0,True,True
RAW_1D,FOCAL_A025_G3,selected_on_DS1,27798,213,377920,F,10,9,0,1,0,0.0,True,False
STFT_2D,BASELINE_CE,baseline,27798,213,377920,F,10,10,0,0,0,0.0,True,True
STFT_2D,WGAN_GP_X5,selected_on_DS1,27798,213,377920,F,10,10,0,0,0,0.0,True,True
RAW_1D,BASELINE_CE,baseline,27800,213,378316,F,10,10,0,0,0,0.0,True,True
RAW_1D,FOCAL_A025_G3,selected_on_DS1,27800,213,378316,F,10,9,0,1,0,0.0,True,False
STFT_2D,BASELINE_CE,baseline,27800,213,378316,F,10,10,0,0,0,0.0,True,True
STFT_2D,WGAN_GP_X5,selected_on_DS1,27800,213,378316,F,10,10,0,0,0,0.0,True,True
RAW_1D,BASELINE_CE,baseline,27802,213,378707,F,10,8,1,1,0,0.0,True,False
RAW_1D,FOCAL_A025_G3,selected_on_DS1,27802,213,378707,F,10,9,0,1,0,0.0,True,False
STFT_2D,BASELINE_CE,baseline,27802,213,378707,F,10,9,0,1,0,0.0,True,False
STFT_2D,WGAN_GP_X5,selected_on_DS1,27802,213,378707,F,10,9,0,1,0,0.0,True,False
RAW_1D,BASELINE_CE,baseline,27804,213,379120,F,10,10,0,0,0,0.0,True,True
RAW_1D,FOCAL_A025_G3,selected_on_DS1,27804,213,379120,F,10,10,0,0,0,0.0,True,True
STFT_2D,BASELINE_CE,baseline,27804,213,379120,F,10,10,0,0,0,0.0,True,True
STFT_2D,WGAN_GP_X5,selected_on_DS1,27804,213,379120,F,10,10,0,0,0,0.0,True,True
RAW_1D,BASELINE_CE,baseline,27810,213,380307,F,10,4,1,5,0,0.0,True,False
RAW_1D,FOCAL_A025_G3,selected_on_DS1,27810,213,380307,F,10,4,0,6,0,0.0,True,False
STFT_2D,BASELINE_CE,baseline,27810,213,380307,F,10,0,0,10,0,0.0,True,False
STFT_2D,WGAN_GP_X5,selected_on_DS1,27810,213,380307,F,10,0,0,10,0,0.0,True,False
RAW_1D,FOCAL_A025_G3,selected_on_DS1,27814,213,381127,F,10,9,0,1,0,0.0,True,False
STFT_2D,BASELINE_CE,baseline,27814,213,381127,F,10,10,0,0,0,0.0,True,True
STFT_2D,WGAN_GP_X5,selected_on_DS1,27814,213,381127,F,10,10,0,0,0,0.0,True,True
RAW_1D,BASELINE_CE,baseline,27822,213,382717,F,10,10,0,0,0,0.0,True,True
RAW_1D,FOCAL_A025_G3,selected_on_DS1,27822,213,382717,F,10,10,0,0,0,0.0,True,True
STFT_2D,BASELINE_CE,baseline,27822,213,382717,F,10,10,0,0,0,0.0,True,True
STFT_2D,WGAN_GP_X5,selected_on_DS1,27822,213,382717,F,10,10,0,0,0,0.0,True,True
RAW_1D,BASELINE_CE,baseline,27824,213,383123,F,10,10,0,0,0,0.0,True,True
RAW_1D,FOCAL_A025_G3,selected_on_DS1,27824,213,383123,F,10,10,0,0,0,0.0,True,True
STFT_2D,BASELINE_CE,baseline,27824,213,383123,F,10,10,0,0,0,0.0,True,True
STFT_2D,WGAN_GP_X5,selected_on_DS1,27824,213,383123,F,10,10,0,0,0,0.0,True,True
RAW_1D,BASELINE_CE,baseline,27826,213,383516,F,10,10,0,0,0,0.0,True,True
RAW_1D,FOCAL_A025_G3,selected_on_DS1,27826,213,383516,F,10,10,0,0,0,0.0,True,True
STFT_2D,BASELINE_CE,baseline,27826,213,383516,F,10,10,0,0,0,0.0,True,True
STFT_2D,WGAN_GP_X5,selected_on_DS1,27826,213,383516,F,10,10,0,0,0,0.0,True,True
RAW_1D,BASELINE_CE,baseline,27830,213,384328,F,10,10,0,0,0,0.0,True,True
RAW_1D,FOCAL_A025_G3,selected_on_DS1,27830,213,384328,F,10,10,0,0,0,0.0,True,True
STFT_2D,BASELINE_CE,baseline,27830,213,384328,F,10,9,0,1,0,0.0,True,False
STFT_2D,WGAN_GP_X5,selected_on_DS1,27830,213,384328,F,10,9,0,1,0,0.0,True,False
RAW_1D,BASELINE_CE,baseline,27834,213,385136,F,10,10,0,0,0,0.0,True,True
RAW_1D,FOCAL_A025_G3,selected_on_DS1,27834,213,385136,F,10,10,0,0,0,0.0,True,True
STFT_2D,BASELINE_CE,baseline,27834,213,385136,F,10,10,0,0,0,0.0,True,True
STFT_2D,WGAN_GP_X5,selected_on_DS1,27834,213,385136,F,10,10,0,0,0,0.0,True,True
RAW_1D,BASELINE_CE,baseline,27836,213,385536,F,10,9,0,1,0,0.0,True,False
RAW_1D,FOCAL_A025_G3,selected_on_DS1,27836,213,385536,F,10,10,0,0,0,0.0,True,True
STFT_2D,BASELINE_CE,baseline,27836,213,385536,F,10,10,0,0,0,0.0,True,True
STFT_2D,WGAN_GP_X5,selected_on_DS1,27836,213,385536,F,10,10,0,0,0,0.0,True,True
RAW_1D,BASELINE_CE,baseline,27850,213,388335,F,10,9,0,1,0,0.0,True,False
RAW_1D,FOCAL_A025_G3,selected_on_DS1,27850,213,388335,F,10,10,0,0,0,0.0,True,True
STFT_2D,BASELINE_CE,baseline,27850,213,388335,F,10,10,0,0,0,0.0,True,True
STFT_2D,WGAN_GP_X5,selected_on_DS1,27850,213,388335,F,10,10,0,0,0,0.0,True,True
RAW_1D,BASELINE_CE,baseline,27857,213,389740,F,10,10,0,0,0,0.0,True,True
RAW_1D,FOCAL_A025_G3,selected_on_DS1,27857,213,389740,F,10,10,0,0,0,0.0,True,True
STFT_2D,BASELINE_CE,baseline,27857,213,389740,F,10,10,0,0,0,0.0,True,True
STFT_2D,WGAN_GP_X5,selected_on_DS1,27857,213,389740,F,10,10,0,0,0,0.0,True,True
RAW_1D,BASELINE_CE,baseline,27871,213,392540,F,10,10,0,0,0,0.0,True,True
RAW_1D,FOCAL_A025_G3,selected_on_DS1,27871,213,392540,F,10,10,0,0,0,0.0,True,True
STFT_2D,BASELINE_CE,baseline,27871,213,392540,F,10,10,0,0,0,0.0,True,True
STFT_2D,WGAN_GP_X5,selected_on_DS1,27871,213,392540,F,10,10,0,0,0,0.0,True,True
RAW_1D,BASELINE_CE,baseline,27885,213,395357,F,10,10,0,0,0,0.0,True,True
RAW_1D,FOCAL_A025_G3,selected_on_DS1,27885,213,395357,F,10,10,0,0,0,0.0,True,True
STFT_2D,BASELINE_CE,baseline,27885,213,395357,F,10,10,0,0,0,0.0,True,True
STFT_2D,WGAN_GP_X5,selected_on_DS1,27885,213,395357,F,10,10,0,0,0,0.0,True,True
RAW_1D,BASELINE_CE,baseline,27893,213,396970,F,10,10,0,0,0,0.0,True,True
RAW_1D,FOCAL_A025_G3,selected_on_DS1,27893,213,396970,F,10,9,0,1,0,0.0,True,False
STFT_2D,BASELINE_CE,baseline,27893,213,396970,F,10,10,0,0,0,0.0,True,True
STFT_2D,WGAN_GP_X5,selected_on_DS1,27893,213,396970,F,10,10,0,0,0,0.0,True,True
RAW_1D,BASELINE_CE,baseline,27895,213,397372,F,10,10,0,0,0,0.0,True,True
RAW_1D,FOCAL_A025_G3,selected_on_DS1,27895,213,397372,F,10,10,0,0,0,0.0,True,True
STFT_2D,BASELINE_CE,baseline,27895,213,397372,F,10,10,0,0,0,0.0,True,True
STFT_2D,WGAN_GP_X5,selected_on_DS1,27895,213,397372,F,10,10,0,0,0,0.0,True,True
RAW_1D,BASELINE_CE,baseline,27897,213,397769,F,10,10,0,0,0,0.0,True,True
RAW_1D,FOCAL_A025_G3,selected_on_DS1,27897,213,397769,F,10,9,1,0,0,0.0,True,False
STFT_2D,BASELINE_CE,baseline,27897,213,397769,F,10,10,0,0,0,0.0,True,True
STFT_2D,WGAN_GP_X5,selected_on_DS1,27897,213,397769,F,10,10,0,0,0,0.0,True,True
RAW_1D,BASELINE_CE,baseline,27905,213,399370,F,10,10,0,0,0,0.0,True,True
RAW_1D,FOCAL_A025_G3,selected_on_DS1,27905,213,399370,F,10,10,0,0,0,0.0,True,True
STFT_2D,BASELINE_CE,baseline,27905,213,399370,F,10,10,0,0,0,0.0,True,True
STFT_2D,WGAN_GP_X5,selected_on_DS1,27905,213,399370,F,10,10,0,0,0,0.0,True,True
RAW_1D,BASELINE_CE,baseline,27907,213,399777,F,10,10,0,0,0,0.0,True,True
RAW_1D,FOCAL_A025_G3,selected_on_DS1,27907,213,399777,F,10,10,0,0,0,0.0,True,True
STFT_2D,BASELINE_CE,baseline,27907,213,399777,F,10,9,0,1,0,0.0,True,False
STFT_2D,WGAN_GP_X5,selected_on_DS1,27907,213,399777,F,10,10,0,0,0,0.0,True,True
RAW_1D,BASELINE_CE,baseline,27919,213,402184,F,10,10,0,0,0,0.0,True,True
STFT_2D,BASELINE_CE,baseline,27919,213,402184,F,10,9,0,1,0,0.0,True,False
STFT_2D,WGAN_GP_X5,selected_on_DS1,27919,213,402184,F,10,9,0,1,0,0.0,True,False
RAW_1D,BASELINE_CE,baseline,27925,213,403393,F,10,10,0,0,0,0.0,True,True
RAW_1D,FOCAL_A025_G3,selected_on_DS1,27925,213,403393,F,10,10,0,0,0,0.0,True,True
STFT_2D,BASELINE_CE,baseline,27925,213,403393,F,10,10,0,0,0,0.0,True,True
STFT_2D,WGAN_GP_X5,selected_on_DS1,27925,213,403393,F,10,10,0,0,0,0.0,True,True
RAW_1D,BASELINE_CE,baseline,27941,213,406607,F,10,9,1,0,0,0.0,True,False
RAW_1D,FOCAL_A025_G3,selected_on_DS1,27941,213,406607,F,10,9,0,1,0,0.0,True,False
STFT_2D,BASELINE_CE,baseline,27941,213,406607,F,10,10,0,0,0,0.0,True,True
STFT_2D,WGAN_GP_X5,selected_on_DS1,27941,213,406607,F,10,10,0,0,0,0.0,True,True
RAW_1D,BASELINE_CE,baseline,27943,213,407012,F,10,10,0,0,0,0.0,True,True
RAW_1D,FOCAL_A025_G3,selected_on_DS1,27943,213,407012,F,10,10,0,0,0,0.0,True,True
STFT_2D,BASELINE_CE,baseline,27943,213,407012,F,10,10,0,0,0,0.0,True,True
STFT_2D,WGAN_GP_X5,selected_on_DS1,27943,213,407012,F,10,10,0,0,0,0.0,True,True
RAW_1D,BASELINE_CE,baseline,27945,213,407419,F,10,9,1,0,0,0.0,True,False
RAW_1D,FOCAL_A025_G3,selected_on_DS1,27945,213,407419,F,10,10,0,0,0,0.0,True,True
STFT_2D,BASELINE_CE,baseline,27945,213,407419,F,10,10,0,0,0,0.0,True,True
STFT_2D,WGAN_GP_X5,selected_on_DS1,27945,213,407419,F,10,10,0,0,0,0.0,True,True
RAW_1D,BASELINE_CE,baseline,27947,213,407825,F,10,10,0,0,0,0.0,True,True
RAW_1D,FOCAL_A025_G3,selected_on_DS1,27947,213,407825,F,10,10,0,0,0,0.0,True,True
STFT_2D,BASELINE_CE,baseline,27947,213,407825,F,10,10,0,0,0,0.0,True,True
STFT_2D,WGAN_GP_X5,selected_on_DS1,27947,213,407825,F,10,10,0,0,0,0.0,True,True
RAW_1D,BASELINE_CE,baseline,27949,213,408217,F,10,10,0,0,0,0.0,True,True
RAW_1D,FOCAL_A025_G3,selected_on_DS1,27949,213,408217,F,10,10,0,0,0,0.0,True,True
STFT_2D,BASELINE_CE,baseline,27949,213,408217,F,10,10,0,0,0,0.0,True,True
STFT_2D,WGAN_GP_X5,selected_on_DS1,27949,213,408217,F,10,10,0,0,0,0.0,True,True
RAW_1D,BASELINE_CE,baseline,27951,213,408625,F,10,10,0,0,0,0.0,True,True
RAW_1D,FOCAL_A025_G3,selected_on_DS1,27951,213,408625,F,10,10,0,0,0,0.0,True,True
STFT_2D,BASELINE_CE,baseline,27951,213,408625,F,10,10,0,0,0,0.0,True,True
STFT_2D,WGAN_GP_X5,selected_on_DS1,27951,213,408625,F,10,10,0,0,0,0.0,True,True
RAW_1D,BASELINE_CE,baseline,27955,213,409421,F,10,10,0,0,0,0.0,True,True
RAW_1D,FOCAL_A025_G3,selected_on_DS1,27955,213,409421,F,10,10,0,0,0,0.0,True,True
STFT_2D,BASELINE_CE,baseline,27955,213,409421,F,10,10,0,0,0,0.0,True,True
STFT_2D,WGAN_GP_X5,selected_on_DS1,27955,213,409421,F,10,10,0,0,0,0.0,True,True
RAW_1D,BASELINE_CE,baseline,27967,213,411852,F,10,10,0,0,0,0.0,True,True
RAW_1D,FOCAL_A025_G3,selected_on_DS1,27967,213,411852,F,10,10,0,0,0,0.0,True,True
STFT_2D,BASELINE_CE,baseline,27967,213,411852,F,10,10,0,0,0,0.0,True,True
STFT_2D,WGAN_GP_X5,selected_on_DS1,27967,213,411852,F,10,10,0,0,0,0.0,True,True
RAW_1D,BASELINE_CE,baseline,27999,213,418295,F,10,10,0,0,0,0.0,True,True
RAW_1D,FOCAL_A025_G3,selected_on_DS1,27999,213,418295,F,10,10,0,0,0,0.0,True,True
STFT_2D,BASELINE_CE,baseline,27999,213,418295,F,10,10,0,0,0,0.0,True,True
STFT_2D,WGAN_GP_X5,selected_on_DS1,27999,213,418295,F,10,10,0,0,0,0.0,True,True
RAW_1D,BASELINE_CE,baseline,28003,213,419107,F,10,10,0,0,0,0.0,True,True
RAW_1D,FOCAL_A025_G3,selected_on_DS1,28003,213,419107,F,10,10,0,0,0,0.0,True,True
STFT_2D,BASELINE_CE,baseline,28003,213,419107,F,10,10,0,0,0,0.0,True,True
STFT_2D,WGAN_GP_X5,selected_on_DS1,28003,213,419107,F,10,10,0,0,0,0.0,True,True
RAW_1D,BASELINE_CE,baseline,28005,213,419507,F,10,10,0,0,0,0.0,True,True
RAW_1D,FOCAL_A025_G3,selected_on_DS1,28005,213,419507,F,10,10,0,0,0,0.0,True,True
STFT_2D,BASELINE_CE,baseline,28005,213,419507,F,10,10,0,0,0,0.0,True,True
STFT_2D,WGAN_GP_X5,selected_on_DS1,28005,213,419507,F,10,10,0,0,0,0.0,True,True
RAW_1D,BASELINE_CE,baseline,28007,213,419905,F,10,10,0,0,0,0.0,True,True
RAW_1D,FOCAL_A025_G3,selected_on_DS1,28007,213,419905,F,10,10,0,0,0,0.0,True,True
STFT_2D,BASELINE_CE,baseline,28007,213,419905,F,10,10,0,0,0,0.0,True,True
STFT_2D,WGAN_GP_X5,selected_on_DS1,28007,213,419905,F,10,10,0,0,0,0.0,True,True
RAW_1D,BASELINE_CE,baseline,28009,213,420313,F,10,10,0,0,0,0.0,True,True
RAW_1D,FOCAL_A025_G3,selected_on_DS1,28009,213,420313,F,10,10,0,0,0,0.0,True,True
STFT_2D,BASELINE_CE,baseline,28009,213,420313,F,10,10,0,0,0,0.0,True,True
STFT_2D,WGAN_GP_X5,selected_on_DS1,28009,213,420313,F,10,10,0,0,0,0.0,True,True
RAW_1D,BASELINE_CE,baseline,28015,213,421507,F,10,10,0,0,0,0.0,True,True
RAW_1D,FOCAL_A025_G3,selected_on_DS1,28015,213,421507,F,10,10,0,0,0,0.0,True,True
STFT_2D,BASELINE_CE,baseline,28015,213,421507,F,10,10,0,0,0,0.0,True,True
STFT_2D,WGAN_GP_X5,selected_on_DS1,28015,213,421507,F,10,10,0,0,0,0.0,True,True
RAW_1D,BASELINE_CE,baseline,28017,213,421910,F,10,9,0,1,0,0.0,True,False
RAW_1D,FOCAL_A025_G3,selected_on_DS1,28017,213,421910,F,10,9,0,1,0,0.0,True,False
STFT_2D,BASELINE_CE,baseline,28017,213,421910,F,10,10,0,0,0,0.0,True,True
STFT_2D,WGAN_GP_X5,selected_on_DS1,28017,213,421910,F,10,10,0,0,0,0.0,True,True
RAW_1D,BASELINE_CE,baseline,28019,213,422312,F,10,10,0,0,0,0.0,True,True
RAW_1D,FOCAL_A025_G3,selected_on_DS1,28019,213,422312,F,10,10,0,0,0,0.0,True,True
STFT_2D,BASELINE_CE,baseline,28019,213,422312,F,10,10,0,0,0,0.0,True,True
STFT_2D,WGAN_GP_X5,selected_on_DS1,28019,213,422312,F,10,10,0,0,0,0.0,True,True
RAW_1D,BASELINE_CE,baseline,28027,213,423924,F,10,10,0,0,0,0.0,True,True
RAW_1D,FOCAL_A025_G3,selected_on_DS1,28027,213,423924,F,10,10,0,0,0,0.0,True,True
STFT_2D,BASELINE_CE,baseline,28027,213,423924,F,10,10,0,0,0,0.0,True,True
STFT_2D,WGAN_GP_X5,selected_on_DS1,28027,213,423924,F,10,10,0,0,0,0.0,True,True
RAW_1D,BASELINE_CE,baseline,28031,213,424727,F,10,10,0,0,0,0.0,True,True
RAW_1D,FOCAL_A025_G3,selected_on_DS1,28031,213,424727,F,10,10,0,0,0,0.0,True,True
STFT_2D,BASELINE_CE,baseline,28031,213,424727,F,10,10,0,0,0,0.0,True,True
STFT_2D,WGAN_GP_X5,selected_on_DS1,28031,213,424727,F,10,10,0,0,0,0.0,True,True
RAW_1D,BASELINE_CE,baseline,28033,213,425137,F,10,10,0,0,0,0.0,True,True
RAW_1D,FOCAL_A025_G3,selected_on_DS1,28033,213,425137,F,10,10,0,0,0,0.0,True,True
STFT_2D,BASELINE_CE,baseline,28033,213,425137,F,10,10,0,0,0,0.0,True,True
STFT_2D,WGAN_GP_X5,selected_on_DS1,28033,213,425137,F,10,10,0,0,0,0.0,True,True
RAW_1D,BASELINE_CE,baseline,28035,213,425533,F,10,10,0,0,0,0.0,True,True
RAW_1D,FOCAL_A025_G3,selected_on_DS1,28035,213,425533,F,10,10,0,0,0,0.0,True,True
STFT_2D,BASELINE_CE,baseline,28035,213,425533,F,10,10,0,0,0,0.0,True,True
STFT_2D,WGAN_GP_X5,selected_on_DS1,28035,213,425533,F,10,10,0,0,0,0.0,True,True
RAW_1D,BASELINE_CE,baseline,28037,213,425927,F,10,10,0,0,0,0.0,True,True
RAW_1D,FOCAL_A025_G3,selected_on_DS1,28037,213,425927,F,10,9,0,1,0,0.0,True,False
STFT_2D,BASELINE_CE,baseline,28037,213,425927,F,10,10,0,0,0,0.0,True,True
STFT_2D,WGAN_GP_X5,selected_on_DS1,28037,213,425927,F,10,10,0,0,0,0.0,True,True
RAW_1D,BASELINE_CE,baseline,28049,213,428353,F,10,10,0,0,0,0.0,True,True
RAW_1D,FOCAL_A025_G3,selected_on_DS1,28049,213,428353,F,10,10,0,0,0,0.0,True,True
STFT_2D,BASELINE_CE,baseline,28049,213,428353,F,10,10,0,0,0,0.0,True,True
STFT_2D,WGAN_GP_X5,selected_on_DS1,28049,213,428353,F,10,10,0,0,0,0.0,True,True
RAW_1D,BASELINE_CE,baseline,28063,213,431172,F,10,10,0,0,0,0.0,True,True
RAW_1D,FOCAL_A025_G3,selected_on_DS1,28063,213,431172,F,10,9,0,1,0,0.0,True,False
STFT_2D,BASELINE_CE,baseline,28063,213,431172,F,10,10,0,0,0,0.0,True,True
STFT_2D,WGAN_GP_X5,selected_on_DS1,28063,213,431172,F,10,10,0,0,0,0.0,True,True
RAW_1D,BASELINE_CE,baseline,28293,213,477969,F,10,8,0,2,0,0.0,True,False
RAW_1D,FOCAL_A025_G3,selected_on_DS1,28293,213,477969,F,10,9,0,1,0,0.0,True,False
STFT_2D,BASELINE_CE,baseline,28293,213,477969,F,10,0,0,10,0,0.0,True,False
STFT_2D,WGAN_GP_X5,selected_on_DS1,28293,213,477969,F,10,0,0,10,0,0.0,True,False
RAW_1D,BASELINE_CE,baseline,28295,213,478372,F,10,10,0,0,0,0.0,True,True
RAW_1D,FOCAL_A025_G3,selected_on_DS1,28295,213,478372,F,10,10,0,0,0,0.0,True,True
STFT_2D,BASELINE_CE,baseline,28295,213,478372,F,10,10,0,0,0,0.0,True,True
STFT_2D,WGAN_GP_X5,selected_on_DS1,28295,213,478372,F,10,10,0,0,0,0.0,True,True
RAW_1D,BASELINE_CE,baseline,28297,213,478775,F,10,10,0,0,0,0.0,True,True
RAW_1D,FOCAL_A025_G3,selected_on_DS1,28297,213,478775,F,10,10,0,0,0,0.0,True,True
STFT_2D,BASELINE_CE,baseline,28297,213,478775,F,10,10,0,0,0,0.0,True,True
STFT_2D,WGAN_GP_X5,selected_on_DS1,28297,213,478775,F,10,9,0,1,0,0.0,True,False
RAW_1D,BASELINE_CE,baseline,28299,213,479190,F,10,10,0,0,0,0.0,True,True
RAW_1D,FOCAL_A025_G3,selected_on_DS1,28299,213,479190,F,10,10,0,0,0,0.0,True,True
STFT_2D,BASELINE_CE,baseline,28299,213,479190,F,10,10,0,0,0,0.0,True,True
STFT_2D,WGAN_GP_X5,selected_on_DS1,28299,213,479190,F,10,10,0,0,0,0.0,True,True
RAW_1D,BASELINE_CE,baseline,28301,213,479602,F,10,10,0,0,0,0.0,True,True
RAW_1D,FOCAL_A025_G3,selected_on_DS1,28301,213,479602,F,10,10,0,0,0,0.0,True,True
STFT_2D,BASELINE_CE,baseline,28301,213,479602,F,10,10,0,0,0,0.0,True,True
STFT_2D,WGAN_GP_X5,selected_on_DS1,28301,213,479602,F,10,10,0,0,0,0.0,True,True
RAW_1D,BASELINE_CE,baseline,28303,213,480004,F,10,10,0,0,0,0.0,True,True
RAW_1D,FOCAL_A025_G3,selected_on_DS1,28303,213,480004,F,10,10,0,0,0,0.0,True,True
STFT_2D,BASELINE_CE,baseline,28303,213,480004,F,10,10,0,0,0,0.0,True,True
STFT_2D,WGAN_GP_X5,selected_on_DS1,28303,213,480004,F,10,10,0,0,0,0.0,True,True
RAW_1D,BASELINE_CE,baseline,28305,213,480408,F,10,9,1,0,0,0.0,True,False
RAW_1D,FOCAL_A025_G3,selected_on_DS1,28305,213,480408,F,10,9,0,1,0,0.0,True,False
STFT_2D,BASELINE_CE,baseline,28305,213,480408,F,10,10,0,0,0,0.0,True,True
STFT_2D,WGAN_GP_X5,selected_on_DS1,28305,213,480408,F,10,10,0,0,0,0.0,True,True
RAW_1D,BASELINE_CE,baseline,28311,213,481637,F,10,10,0,0,0,0.0,True,True
RAW_1D,FOCAL_A025_G3,selected_on_DS1,28311,213,481637,F,10,10,0,0,0,0.0,True,True
STFT_2D,BASELINE_CE,baseline,28311,213,481637,F,10,10,0,0,0,0.0,True,True
STFT_2D,WGAN_GP_X5,selected_on_DS1,28311,213,481637,F,10,10,0,0,0,0.0,True,True
RAW_1D,BASELINE_CE,baseline,28313,213,482035,F,10,10,0,0,0,0.0,True,True
RAW_1D,FOCAL_A025_G3,selected_on_DS1,28313,213,482035,F,10,10,0,0,0,0.0,True,True
STFT_2D,BASELINE_CE,baseline,28313,213,482035,F,10,10,0,0,0,0.0,True,True
STFT_2D,WGAN_GP_X5,selected_on_DS1,28313,213,482035,F,10,10,0,0,0,0.0,True,True
RAW_1D,BASELINE_CE,baseline,28317,213,482847,F,10,8,0,2,0,0.0,True,False
STFT_2D,BASELINE_CE,baseline,28317,213,482847,F,10,0,0,10,0,0.0,True,False
STFT_2D,BASELINE_CE,baseline,28321,213,483662,F,10,2,0,8,0,0.0,True,False
STFT_2D,WGAN_GP_X5,selected_on_DS1,28321,213,483662,F,10,1,0,9,0,0.0,True,False
RAW_1D,BASELINE_CE,baseline,28325,213,484482,F,10,10,0,0,0,0.0,True,True
RAW_1D,FOCAL_A025_G3,selected_on_DS1,28325,213,484482,F,10,10,0,0,0,0.0,True,True
STFT_2D,BASELINE_CE,baseline,28325,213,484482,F,10,10,0,0,0,0.0,True,True
STFT_2D,WGAN_GP_X5,selected_on_DS1,28325,213,484482,F,10,10,0,0,0,0.0,True,True
RAW_1D,BASELINE_CE,baseline,28329,213,485295,F,10,10,0,0,0,0.0,True,True
RAW_1D,FOCAL_A025_G3,selected_on_DS1,28329,213,485295,F,10,10,0,0,0,0.0,True,True
STFT_2D,BASELINE_CE,baseline,28329,213,485295,F,10,10,0,0,0,0.0,True,True
STFT_2D,WGAN_GP_X5,selected_on_DS1,28329,213,485295,F,10,10,0,0,0,0.0,True,True
RAW_1D,BASELINE_CE,baseline,28333,213,486096,F,10,9,1,0,0,0.0,True,False
RAW_1D,FOCAL_A025_G3,selected_on_DS1,28333,213,486096,F,10,9,0,1,0,0.0,True,False
STFT_2D,BASELINE_CE,baseline,28333,213,486096,F,10,10,0,0,0,0.0,True,True
STFT_2D,WGAN_GP_X5,selected_on_DS1,28333,213,486096,F,10,10,0,0,0,0.0,True,True
RAW_1D,BASELINE_CE,baseline,28337,213,486914,F,10,10,0,0,0,0.0,True,True
RAW_1D,FOCAL_A025_G3,selected_on_DS1,28337,213,486914,F,10,9,0,1,0,0.0,True,False
STFT_2D,BASELINE_CE,baseline,28337,213,486914,F,10,10,0,0,0,0.0,True,True
STFT_2D,WGAN_GP_X5,selected_on_DS1,28337,213,486914,F,10,10,0,0,0,0.0,True,True
RAW_1D,BASELINE_CE,baseline,28341,213,487715,F,10,10,0,0,0,0.0,True,True
RAW_1D,FOCAL_A025_G3,selected_on_DS1,28341,213,487715,F,10,10,0,0,0,0.0,True,True
STFT_2D,BASELINE_CE,baseline,28341,213,487715,F,10,10,0,0,0,0.0,True,True
STFT_2D,WGAN_GP_X5,selected_on_DS1,28341,213,487715,F,10,10,0,0,0,0.0,True,True
RAW_1D,BASELINE_CE,baseline,28343,213,488135,F,10,10,0,0,0,0.0,True,True
RAW_1D,FOCAL_A025_G3,selected_on_DS1,28343,213,488135,F,10,10,0,0,0,0.0,True,True
STFT_2D,BASELINE_CE,baseline,28343,213,488135,F,10,10,0,0,0,0.0,True,True
STFT_2D,WGAN_GP_X5,selected_on_DS1,28343,213,488135,F,10,10,0,0,0,0.0,True,True
RAW_1D,BASELINE_CE,baseline,28345,213,488538,F,10,10,0,0,0,0.0,True,True
RAW_1D,FOCAL_A025_G3,selected_on_DS1,28345,213,488538,F,10,10,0,0,0,0.0,True,True
STFT_2D,BASELINE_CE,baseline,28345,213,488538,F,10,10,0,0,0,0.0,True,True
STFT_2D,WGAN_GP_X5,selected_on_DS1,28345,213,488538,F,10,10,0,0,0,0.0,True,True
RAW_1D,BASELINE_CE,baseline,28347,213,488940,F,10,10,0,0,0,0.0,True,True
RAW_1D,FOCAL_A025_G3,selected_on_DS1,28347,213,488940,F,10,10,0,0,0,0.0,True,True
STFT_2D,BASELINE_CE,baseline,28347,213,488940,F,10,10,0,0,0,0.0,True,True
STFT_2D,WGAN_GP_X5,selected_on_DS1,28347,213,488940,F,10,10,0,0,0,0.0,True,True
RAW_1D,BASELINE_CE,baseline,28349,213,489337,F,10,10,0,0,0,0.0,True,True
RAW_1D,FOCAL_A025_G3,selected_on_DS1,28349,213,489337,F,10,10,0,0,0,0.0,True,True
STFT_2D,BASELINE_CE,baseline,28349,213,489337,F,10,10,0,0,0,0.0,True,True
STFT_2D,WGAN_GP_X5,selected_on_DS1,28349,213,489337,F,10,10,0,0,0,0.0,True,True
RAW_1D,BASELINE_CE,baseline,28353,213,490150,F,10,10,0,0,0,0.0,True,True
RAW_1D,FOCAL_A025_G3,selected_on_DS1,28353,213,490150,F,10,10,0,0,0,0.0,True,True
STFT_2D,BASELINE_CE,baseline,28353,213,490150,F,10,10,0,0,0,0.0,True,True
STFT_2D,WGAN_GP_X5,selected_on_DS1,28353,213,490150,F,10,9,0,1,0,0.0,True,False
RAW_1D,BASELINE_CE,baseline,28361,213,491774,F,10,10,0,0,0,0.0,True,True
RAW_1D,FOCAL_A025_G3,selected_on_DS1,28361,213,491774,F,10,10,0,0,0,0.0,True,True
STFT_2D,BASELINE_CE,baseline,28361,213,491774,F,10,10,0,0,0,0.0,True,True
STFT_2D,WGAN_GP_X5,selected_on_DS1,28361,213,491774,F,10,10,0,0,0,0.0,True,True
RAW_1D,BASELINE_CE,baseline,28369,213,493403,F,10,10,0,0,0,0.0,True,True
RAW_1D,FOCAL_A025_G3,selected_on_DS1,28369,213,493403,F,10,10,0,0,0,0.0,True,True
STFT_2D,BASELINE_CE,baseline,28369,213,493403,F,10,10,0,0,0,0.0,True,True
STFT_2D,WGAN_GP_X5,selected_on_DS1,28369,213,493403,F,10,10,0,0,0,0.0,True,True
RAW_1D,BASELINE_CE,baseline,28379,213,495420,F,10,10,0,0,0,0.0,True,True
RAW_1D,FOCAL_A025_G3,selected_on_DS1,28379,213,495420,F,10,10,0,0,0,0.0,True,True
STFT_2D,BASELINE_CE,baseline,28379,213,495420,F,10,10,0,0,0,0.0,True,True
STFT_2D,WGAN_GP_X5,selected_on_DS1,28379,213,495420,F,10,10,0,0,0,0.0,True,True
RAW_1D,BASELINE_CE,baseline,28391,213,497856,F,10,10,0,0,0,0.0,True,True
RAW_1D,FOCAL_A025_G3,selected_on_DS1,28391,213,497856,F,10,10,0,0,0,0.0,True,True
STFT_2D,BASELINE_CE,baseline,28391,213,497856,F,10,10,0,0,0,0.0,True,True
STFT_2D,WGAN_GP_X5,selected_on_DS1,28391,213,497856,F,10,10,0,0,0,0.0,True,True
RAW_1D,BASELINE_CE,baseline,28407,213,501104,F,10,9,0,1,0,0.0,True,False
STFT_2D,BASELINE_CE,baseline,28407,213,501104,F,10,3,0,7,0,0.0,True,False
RAW_1D,BASELINE_CE,baseline,28419,213,503539,F,10,10,0,0,0,0.0,True,True
RAW_1D,FOCAL_A025_G3,selected_on_DS1,28419,213,503539,F,10,10,0,0,0,0.0,True,True
STFT_2D,BASELINE_CE,baseline,28419,213,503539,F,10,10,0,0,0,0.0,True,True
STFT_2D,WGAN_GP_X5,selected_on_DS1,28419,213,503539,F,10,10,0,0,0,0.0,True,True
RAW_1D,BASELINE_CE,baseline,28422,213,504147,F,10,9,0,1,0,0.0,True,False
RAW_1D,FOCAL_A025_G3,selected_on_DS1,28422,213,504147,F,10,7,2,1,0,0.0,True,False
STFT_2D,BASELINE_CE,baseline,28422,213,504147,F,10,4,0,6,0,0.0,True,False
STFT_2D,WGAN_GP_X5,selected_on_DS1,28422,213,504147,F,10,5,0,5,0,0.0,True,False
RAW_1D,BASELINE_CE,baseline,28426,213,504960,F,10,9,0,1,0,0.0,True,False
RAW_1D,FOCAL_A025_G3,selected_on_DS1,28426,213,504960,F,10,10,0,0,0,0.0,True,True
STFT_2D,WGAN_GP_X5,selected_on_DS1,28426,213,504960,F,10,9,0,1,0,0.0,True,False
RAW_1D,BASELINE_CE,baseline,28427,213,505165,F,10,10,0,0,0,0.0,True,True
RAW_1D,FOCAL_A025_G3,selected_on_DS1,28427,213,505165,F,10,10,0,0,0,0.0,True,True
STFT_2D,BASELINE_CE,baseline,28427,213,505165,F,10,10,0,0,0,0.0,True,True
STFT_2D,WGAN_GP_X5,selected_on_DS1,28427,213,505165,F,10,10,0,0,0,0.0,True,True
RAW_1D,BASELINE_CE,baseline,28429,213,505573,F,10,10,0,0,0,0.0,True,True
RAW_1D,FOCAL_A025_G3,selected_on_DS1,28429,213,505573,F,10,10,0,0,0,0.0,True,True
STFT_2D,BASELINE_CE,baseline,28429,213,505573,F,10,10,0,0,0,0.0,True,True
STFT_2D,WGAN_GP_X5,selected_on_DS1,28429,213,505573,F,10,10,0,0,0,0.0,True,True
RAW_1D,FOCAL_A025_G3,selected_on_DS1,28431,213,505987,F,10,10,0,0,0,0.0,True,True
STFT_2D,BASELINE_CE,baseline,28431,213,505987,F,10,10,0,0,0,0.0,True,True
STFT_2D,WGAN_GP_X5,selected_on_DS1,28431,213,505987,F,10,10,0,0,0,0.0,True,True
RAW_1D,BASELINE_CE,baseline,28433,213,506383,F,10,10,0,0,0,0.0,True,True
RAW_1D,FOCAL_A025_G3,selected_on_DS1,28433,213,506383,F,10,10,0,0,0,0.0,True,True
STFT_2D,BASELINE_CE,baseline,28433,213,506383,F,10,10,0,0,0,0.0,True,True
STFT_2D,WGAN_GP_X5,selected_on_DS1,28433,213,506383,F,10,10,0,0,0,0.0,True,True
RAW_1D,BASELINE_CE,baseline,28437,213,507196,F,10,10,0,0,0,0.0,True,True
RAW_1D,FOCAL_A025_G3,selected_on_DS1,28437,213,507196,F,10,10,0,0,0,0.0,True,True
STFT_2D,BASELINE_CE,baseline,28437,213,507196,F,10,10,0,0,0,0.0,True,True
STFT_2D,WGAN_GP_X5,selected_on_DS1,28437,213,507196,F,10,10,0,0,0,0.0,True,True
RAW_1D,BASELINE_CE,baseline,28445,213,508822,F,10,10,0,0,0,0.0,True,True
RAW_1D,FOCAL_A025_G3,selected_on_DS1,28445,213,508822,F,10,9,0,1,0,0.0,True,False
STFT_2D,BASELINE_CE,baseline,28445,213,508822,F,10,10,0,0,0,0.0,True,True
STFT_2D,WGAN_GP_X5,selected_on_DS1,28445,213,508822,F,10,10,0,0,0,0.0,True,True
RAW_1D,BASELINE_CE,baseline,28455,213,510860,F,10,10,0,0,0,0.0,True,True
RAW_1D,FOCAL_A025_G3,selected_on_DS1,28455,213,510860,F,10,10,0,0,0,0.0,True,True
STFT_2D,BASELINE_CE,baseline,28455,213,510860,F,10,10,0,0,0,0.0,True,True
STFT_2D,WGAN_GP_X5,selected_on_DS1,28455,213,510860,F,10,10,0,0,0,0.0,True,True
RAW_1D,BASELINE_CE,baseline,28457,213,511251,F,10,10,0,0,0,0.0,True,True
RAW_1D,FOCAL_A025_G3,selected_on_DS1,28457,213,511251,F,10,10,0,0,0,0.0,True,True
STFT_2D,BASELINE_CE,baseline,28457,213,511251,F,10,10,0,0,0,0.0,True,True
STFT_2D,WGAN_GP_X5,selected_on_DS1,28457,213,511251,F,10,10,0,0,0,0.0,True,True
RAW_1D,BASELINE_CE,baseline,28461,213,512069,F,10,10,0,0,0,0.0,True,True
RAW_1D,FOCAL_A025_G3,selected_on_DS1,28461,213,512069,F,10,10,0,0,0,0.0,True,True
STFT_2D,BASELINE_CE,baseline,28461,213,512069,F,10,10,0,0,0,0.0,True,True
STFT_2D,WGAN_GP_X5,selected_on_DS1,28461,213,512069,F,10,10,0,0,0,0.0,True,True
RAW_1D,BASELINE_CE,baseline,28465,213,512870,F,10,6,0,4,0,0.0,True,False
RAW_1D,FOCAL_A025_G3,selected_on_DS1,28465,213,512870,F,10,1,1,8,0,0.0,True,False
STFT_2D,BASELINE_CE,baseline,28465,213,512870,F,10,8,0,2,0,0.0,True,False
STFT_2D,WGAN_GP_X5,selected_on_DS1,28465,213,512870,F,10,9,0,1,0,0.0,True,False
RAW_1D,BASELINE_CE,baseline,28469,213,513688,F,10,10,0,0,0,0.0,True,True
RAW_1D,FOCAL_A025_G3,selected_on_DS1,28469,213,513688,F,10,10,0,0,0,0.0,True,True
STFT_2D,BASELINE_CE,baseline,28469,213,513688,F,10,10,0,0,0,0.0,True,True
STFT_2D,WGAN_GP_X5,selected_on_DS1,28469,213,513688,F,10,10,0,0,0,0.0,True,True
RAW_1D,BASELINE_CE,baseline,28470,213,513894,F,10,9,0,1,0,0.0,True,False
RAW_1D,FOCAL_A025_G3,selected_on_DS1,28470,213,513894,F,10,5,1,4,0,0.0,True,False
STFT_2D,BASELINE_CE,baseline,28470,213,513894,F,10,4,0,6,0,0.0,True,False
STFT_2D,WGAN_GP_X5,selected_on_DS1,28470,213,513894,F,10,6,0,4,0,0.0,True,False
RAW_1D,BASELINE_CE,baseline,28473,213,514506,F,10,10,0,0,0,0.0,True,True
RAW_1D,FOCAL_A025_G3,selected_on_DS1,28473,213,514506,F,10,10,0,0,0,0.0,True,True
STFT_2D,BASELINE_CE,baseline,28473,213,514506,F,10,10,0,0,0,0.0,True,True
STFT_2D,WGAN_GP_X5,selected_on_DS1,28473,213,514506,F,10,10,0,0,0,0.0,True,True
RAW_1D,BASELINE_CE,baseline,28475,213,514922,F,10,10,0,0,0,0.0,True,True
RAW_1D,FOCAL_A025_G3,selected_on_DS1,28475,213,514922,F,10,10,0,0,0,0.0,True,True
STFT_2D,BASELINE_CE,baseline,28475,213,514922,F,10,10,0,0,0,0.0,True,True
STFT_2D,WGAN_GP_X5,selected_on_DS1,28475,213,514922,F,10,10,0,0,0,0.0,True,True
RAW_1D,BASELINE_CE,baseline,28483,213,516531,F,10,9,0,1,0,0.0,True,False
RAW_1D,FOCAL_A025_G3,selected_on_DS1,28483,213,516531,F,10,10,0,0,0,0.0,True,True
STFT_2D,BASELINE_CE,baseline,28483,213,516531,F,10,10,0,0,0,0.0,True,True
STFT_2D,WGAN_GP_X5,selected_on_DS1,28483,213,516531,F,10,10,0,0,0,0.0,True,True
RAW_1D,BASELINE_CE,baseline,28487,213,517337,F,10,10,0,0,0,0.0,True,True
RAW_1D,FOCAL_A025_G3,selected_on_DS1,28487,213,517337,F,10,10,0,0,0,0.0,True,True
STFT_2D,BASELINE_CE,baseline,28487,213,517337,F,10,10,0,0,0,0.0,True,True
STFT_2D,WGAN_GP_X5,selected_on_DS1,28487,213,517337,F,10,10,0,0,0,0.0,True,True
RAW_1D,BASELINE_CE,baseline,28489,213,517754,F,10,10,0,0,0,0.0,True,True
RAW_1D,FOCAL_A025_G3,selected_on_DS1,28489,213,517754,F,10,10,0,0,0,0.0,True,True
STFT_2D,BASELINE_CE,baseline,28489,213,517754,F,10,10,0,0,0,0.0,True,True
STFT_2D,WGAN_GP_X5,selected_on_DS1,28489,213,517754,F,10,10,0,0,0,0.0,True,True
RAW_1D,BASELINE_CE,baseline,28501,213,520173,F,10,10,0,0,0,0.0,True,True
RAW_1D,FOCAL_A025_G3,selected_on_DS1,28501,213,520173,F,10,10,0,0,0,0.0,True,True
STFT_2D,BASELINE_CE,baseline,28501,213,520173,F,10,10,0,0,0,0.0,True,True
STFT_2D,WGAN_GP_X5,selected_on_DS1,28501,213,520173,F,10,10,0,0,0,0.0,True,True
RAW_1D,BASELINE_CE,baseline,28521,213,524247,F,10,10,0,0,0,0.0,True,True
RAW_1D,FOCAL_A025_G3,selected_on_DS1,28521,213,524247,F,10,10,0,0,0,0.0,True,True
STFT_2D,BASELINE_CE,baseline,28521,213,524247,F,10,10,0,0,0,0.0,True,True
STFT_2D,WGAN_GP_X5,selected_on_DS1,28521,213,524247,F,10,10,0,0,0,0.0,True,True
RAW_1D,BASELINE_CE,baseline,28523,213,524646,F,10,10,0,0,0,0.0,True,True
RAW_1D,FOCAL_A025_G3,selected_on_DS1,28523,213,524646,F,10,10,0,0,0,0.0,True,True
STFT_2D,BASELINE_CE,baseline,28523,213,524646,F,10,10,0,0,0,0.0,True,True
STFT_2D,WGAN_GP_X5,selected_on_DS1,28523,213,524646,F,10,10,0,0,0,0.0,True,True
RAW_1D,BASELINE_CE,baseline,28529,213,525866,F,10,10,0,0,0,0.0,True,True
RAW_1D,FOCAL_A025_G3,selected_on_DS1,28529,213,525866,F,10,9,0,1,0,0.0,True,False
STFT_2D,BASELINE_CE,baseline,28529,213,525866,F,10,10,0,0,0,0.0,True,True
STFT_2D,WGAN_GP_X5,selected_on_DS1,28529,213,525866,F,10,10,0,0,0,0.0,True,True
RAW_1D,BASELINE_CE,baseline,28531,213,526278,F,10,10,0,0,0,0.0,True,True
RAW_1D,FOCAL_A025_G3,selected_on_DS1,28531,213,526278,F,10,10,0,0,0,0.0,True,True
STFT_2D,BASELINE_CE,baseline,28531,213,526278,F,10,10,0,0,0,0.0,True,True
STFT_2D,WGAN_GP_X5,selected_on_DS1,28531,213,526278,F,10,10,0,0,0,0.0,True,True
RAW_1D,BASELINE_CE,baseline,28545,213,529130,F,10,9,0,1,0,0.0,True,False
RAW_1D,BASELINE_CE,baseline,28559,213,531984,F,10,9,0,1,0,0.0,True,False
RAW_1D,FOCAL_A025_G3,selected_on_DS1,28559,213,531984,F,10,10,0,0,0,0.0,True,True
STFT_2D,BASELINE_CE,baseline,28559,213,531984,F,10,10,0,0,0,0.0,True,True
STFT_2D,WGAN_GP_X5,selected_on_DS1,28559,213,531984,F,10,10,0,0,0,0.0,True,True
RAW_1D,BASELINE_CE,baseline,28563,213,532806,F,10,10,0,0,0,0.0,True,True
RAW_1D,FOCAL_A025_G3,selected_on_DS1,28563,213,532806,F,10,10,0,0,0,0.0,True,True
STFT_2D,BASELINE_CE,baseline,28563,213,532806,F,10,10,0,0,0,0.0,True,True
STFT_2D,WGAN_GP_X5,selected_on_DS1,28563,213,532806,F,10,9,0,1,0,0.0,True,False
RAW_1D,BASELINE_CE,baseline,28575,213,535255,F,10,10,0,0,0,0.0,True,True
RAW_1D,FOCAL_A025_G3,selected_on_DS1,28575,213,535255,F,10,10,0,0,0,0.0,True,True
STFT_2D,BASELINE_CE,baseline,28575,213,535255,F,10,10,0,0,0,0.0,True,True
STFT_2D,WGAN_GP_X5,selected_on_DS1,28575,213,535255,F,10,10,0,0,0,0.0,True,True
RAW_1D,BASELINE_CE,baseline,28756,213,572164,F,10,3,0,7,0,0.0,True,False
RAW_1D,FOCAL_A025_G3,selected_on_DS1,28756,213,572164,F,10,1,0,9,0,0.0,True,False
STFT_2D,BASELINE_CE,baseline,28756,213,572164,F,10,10,0,0,0,0.0,True,True
STFT_2D,WGAN_GP_X5,selected_on_DS1,28756,213,572164,F,10,10,0,0,0,0.0,True,True
RAW_1D,BASELINE_CE,baseline,28781,213,577280,F,10,10,0,0,0,0.0,True,True
RAW_1D,FOCAL_A025_G3,selected_on_DS1,28781,213,577280,F,10,10,0,0,0,0.0,True,True
STFT_2D,BASELINE_CE,baseline,28781,213,577280,F,10,10,0,0,0,0.0,True,True
STFT_2D,WGAN_GP_X5,selected_on_DS1,28781,213,577280,F,10,9,0,1,0,0.0,True,False
RAW_1D,BASELINE_CE,baseline,28791,213,579345,F,10,10,0,0,0,0.0,True,True
RAW_1D,FOCAL_A025_G3,selected_on_DS1,28791,213,579345,F,10,10,0,0,0,0.0,True,True
STFT_2D,BASELINE_CE,baseline,28791,213,579345,F,10,10,0,0,0,0.0,True,True
STFT_2D,WGAN_GP_X5,selected_on_DS1,28791,213,579345,F,10,10,0,0,0,0.0,True,True
RAW_1D,BASELINE_CE,baseline,28793,213,579751,F,10,10,0,0,0,0.0,True,True
RAW_1D,FOCAL_A025_G3,selected_on_DS1,28793,213,579751,F,10,10,0,0,0,0.0,True,True
STFT_2D,BASELINE_CE,baseline,28793,213,579751,F,10,10,0,0,0,0.0,True,True
STFT_2D,WGAN_GP_X5,selected_on_DS1,28793,213,579751,F,10,10,0,0,0,0.0,True,True
RAW_1D,BASELINE_CE,baseline,28795,213,580154,F,10,9,0,1,0,0.0,True,False
RAW_1D,FOCAL_A025_G3,selected_on_DS1,28795,213,580154,F,10,9,0,1,0,0.0,True,False
RAW_1D,BASELINE_CE,baseline,28797,213,580562,F,10,8,1,1,0,0.0,True,False
RAW_1D,FOCAL_A025_G3,selected_on_DS1,28797,213,580562,F,10,9,0,1,0,0.0,True,False
STFT_2D,BASELINE_CE,baseline,28797,213,580562,F,10,8,0,2,0,0.0,True,False
RAW_1D,BASELINE_CE,baseline,28801,213,581388,F,10,9,0,1,0,0.0,True,False
RAW_1D,FOCAL_A025_G3,selected_on_DS1,28801,213,581388,F,10,10,0,0,0,0.0,True,True
STFT_2D,BASELINE_CE,baseline,28801,213,581388,F,10,9,0,1,0,0.0,True,False
STFT_2D,WGAN_GP_X5,selected_on_DS1,28801,213,581388,F,10,9,0,1,0,0.0,True,False
RAW_1D,BASELINE_CE,baseline,28803,213,581781,F,10,10,0,0,0,0.0,True,True
RAW_1D,FOCAL_A025_G3,selected_on_DS1,28803,213,581781,F,10,10,0,0,0,0.0,True,True
STFT_2D,BASELINE_CE,baseline,28803,213,581781,F,10,10,0,0,0,0.0,True,True
STFT_2D,WGAN_GP_X5,selected_on_DS1,28803,213,581781,F,10,10,0,0,0,0.0,True,True
RAW_1D,BASELINE_CE,baseline,28805,213,582212,F,10,10,0,0,0,0.0,True,True
RAW_1D,FOCAL_A025_G3,selected_on_DS1,28805,213,582212,F,10,10,0,0,0,0.0,True,True
STFT_2D,BASELINE_CE,baseline,28805,213,582212,F,10,10,0,0,0,0.0,True,True
STFT_2D,WGAN_GP_X5,selected_on_DS1,28805,213,582212,F,10,10,0,0,0,0.0,True,True
RAW_1D,BASELINE_CE,baseline,28811,213,583424,F,10,9,0,1,0,0.0,True,False
RAW_1D,FOCAL_A025_G3,selected_on_DS1,28811,213,583424,F,10,10,0,0,0,0.0,True,True
STFT_2D,BASELINE_CE,baseline,28811,213,583424,F,10,10,0,0,0,0.0,True,True
STFT_2D,WGAN_GP_X5,selected_on_DS1,28811,213,583424,F,10,10,0,0,0,0.0,True,True
RAW_1D,BASELINE_CE,baseline,28865,213,594432,F,10,10,0,0,0,0.0,True,True
RAW_1D,FOCAL_A025_G3,selected_on_DS1,28865,213,594432,F,10,10,0,0,0,0.0,True,True
STFT_2D,BASELINE_CE,baseline,28865,213,594432,F,10,10,0,0,0,0.0,True,True
STFT_2D,WGAN_GP_X5,selected_on_DS1,28865,213,594432,F,10,10,0,0,0,0.0,True,True
RAW_1D,BASELINE_CE,baseline,28877,213,596875,F,10,10,0,0,0,0.0,True,True
RAW_1D,FOCAL_A025_G3,selected_on_DS1,28877,213,596875,F,10,10,0,0,0,0.0,True,True
STFT_2D,BASELINE_CE,baseline,28877,213,596875,F,10,10,0,0,0,0.0,True,True
STFT_2D,WGAN_GP_X5,selected_on_DS1,28877,213,596875,F,10,10,0,0,0,0.0,True,True
RAW_1D,BASELINE_CE,baseline,28879,213,597276,F,10,10,0,0,0,0.0,True,True
RAW_1D,FOCAL_A025_G3,selected_on_DS1,28879,213,597276,F,10,10,0,0,0,0.0,True,True
STFT_2D,BASELINE_CE,baseline,28879,213,597276,F,10,10,0,0,0,0.0,True,True
STFT_2D,WGAN_GP_X5,selected_on_DS1,28879,213,597276,F,10,10,0,0,0,0.0,True,True
RAW_1D,BASELINE_CE,baseline,28881,213,597686,F,10,10,0,0,0,0.0,True,True
RAW_1D,FOCAL_A025_G3,selected_on_DS1,28881,213,597686,F,10,10,0,0,0,0.0,True,True
STFT_2D,BASELINE_CE,baseline,28881,213,597686,F,10,10,0,0,0,0.0,True,True
STFT_2D,WGAN_GP_X5,selected_on_DS1,28881,213,597686,F,10,10,0,0,0,0.0,True,True
RAW_1D,BASELINE_CE,baseline,28883,213,598082,F,10,10,0,0,0,0.0,True,True
RAW_1D,FOCAL_A025_G3,selected_on_DS1,28883,213,598082,F,10,10,0,0,0,0.0,True,True
STFT_2D,BASELINE_CE,baseline,28883,213,598082,F,10,10,0,0,0,0.0,True,True
STFT_2D,WGAN_GP_X5,selected_on_DS1,28883,213,598082,F,10,10,0,0,0,0.0,True,True
RAW_1D,BASELINE_CE,baseline,28889,213,599302,F,10,10,0,0,0,0.0,True,True
RAW_1D,FOCAL_A025_G3,selected_on_DS1,28889,213,599302,F,10,10,0,0,0,0.0,True,True
RAW_1D,BASELINE_CE,baseline,28911,213,603789,F,10,10,0,0,0,0.0,True,True
RAW_1D,FOCAL_A025_G3,selected_on_DS1,28911,213,603789,F,10,10,0,0,0,0.0,True,True
STFT_2D,BASELINE_CE,baseline,28911,213,603789,F,10,10,0,0,0,0.0,True,True
STFT_2D,WGAN_GP_X5,selected_on_DS1,28911,213,603789,F,10,10,0,0,0,0.0,True,True
RAW_1D,BASELINE_CE,baseline,28935,213,608704,F,10,10,0,0,0,0.0,True,True
RAW_1D,FOCAL_A025_G3,selected_on_DS1,28935,213,608704,F,10,10,0,0,0,0.0,True,True
STFT_2D,BASELINE_CE,baseline,28935,213,608704,F,10,10,0,0,0,0.0,True,True
STFT_2D,WGAN_GP_X5,selected_on_DS1,28935,213,608704,F,10,10,0,0,0,0.0,True,True
RAW_1D,BASELINE_CE,baseline,28953,213,612381,F,10,10,0,0,0,0.0,True,True
RAW_1D,FOCAL_A025_G3,selected_on_DS1,28953,213,612381,F,10,10,0,0,0,0.0,True,True
STFT_2D,BASELINE_CE,baseline,28953,213,612381,F,10,10,0,0,0,0.0,True,True
STFT_2D,WGAN_GP_X5,selected_on_DS1,28953,213,612381,F,10,10,0,0,0,0.0,True,True
RAW_1D,BASELINE_CE,baseline,28969,213,615652,F,10,10,0,0,0,0.0,True,True
RAW_1D,FOCAL_A025_G3,selected_on_DS1,28969,213,615652,F,10,10,0,0,0,0.0,True,True
STFT_2D,BASELINE_CE,baseline,28969,213,615652,F,10,10,0,0,0,0.0,True,True
STFT_2D,WGAN_GP_X5,selected_on_DS1,28969,213,615652,F,10,10,0,0,0,0.0,True,True
RAW_1D,BASELINE_CE,baseline,28971,213,616062,F,10,10,0,0,0,0.0,True,True
RAW_1D,FOCAL_A025_G3,selected_on_DS1,28971,213,616062,F,10,10,0,0,0,0.0,True,True
STFT_2D,BASELINE_CE,baseline,28971,213,616062,F,10,10,0,0,0,0.0,True,True
STFT_2D,WGAN_GP_X5,selected_on_DS1,28971,213,616062,F,10,10,0,0,0,0.0,True,True
RAW_1D,BASELINE_CE,baseline,28977,213,617283,F,10,10,0,0,0,0.0,True,True
RAW_1D,FOCAL_A025_G3,selected_on_DS1,28977,213,617283,F,10,10,0,0,0,0.0,True,True
STFT_2D,BASELINE_CE,baseline,28977,213,617283,F,10,10,0,0,0,0.0,True,True
STFT_2D,WGAN_GP_X5,selected_on_DS1,28977,213,617283,F,10,10,0,0,0,0.0,True,True
RAW_1D,BASELINE_CE,baseline,28987,213,619329,F,10,10,0,0,0,0.0,True,True
RAW_1D,FOCAL_A025_G3,selected_on_DS1,28987,213,619329,F,10,10,0,0,0,0.0,True,True
STFT_2D,BASELINE_CE,baseline,28987,213,619329,F,10,10,0,0,0,0.0,True,True
STFT_2D,WGAN_GP_X5,selected_on_DS1,28987,213,619329,F,10,10,0,0,0,0.0,True,True
RAW_1D,BASELINE_CE,baseline,28989,213,619735,F,10,10,0,0,0,0.0,True,True
STFT_2D,BASELINE_CE,baseline,28989,213,619735,F,10,10,0,0,0,0.0,True,True
STFT_2D,WGAN_GP_X5,selected_on_DS1,28989,213,619735,F,10,9,0,1,0,0.0,True,False
RAW_1D,BASELINE_CE,baseline,29003,213,622593,F,10,10,0,0,0,0.0,True,True
RAW_1D,FOCAL_A025_G3,selected_on_DS1,29003,213,622593,F,10,10,0,0,0,0.0,True,True
STFT_2D,BASELINE_CE,baseline,29003,213,622593,F,10,10,0,0,0,0.0,True,True
STFT_2D,WGAN_GP_X5,selected_on_DS1,29003,213,622593,F,10,10,0,0,0,0.0,True,True
RAW_1D,BASELINE_CE,baseline,29007,213,623419,F,10,10,0,0,0,0.0,True,True
RAW_1D,FOCAL_A025_G3,selected_on_DS1,29007,213,623419,F,10,10,0,0,0,0.0,True,True
STFT_2D,BASELINE_CE,baseline,29007,213,623419,F,10,10,0,0,0,0.0,True,True
STFT_2D,WGAN_GP_X5,selected_on_DS1,29007,213,623419,F,10,10,0,0,0,0.0,True,True
RAW_1D,BASELINE_CE,baseline,29023,213,626680,F,10,10,0,0,0,0.0,True,True
RAW_1D,FOCAL_A025_G3,selected_on_DS1,29023,213,626680,F,10,10,0,0,0,0.0,True,True
STFT_2D,BASELINE_CE,baseline,29023,213,626680,F,10,10,0,0,0,0.0,True,True
STFT_2D,WGAN_GP_X5,selected_on_DS1,29023,213,626680,F,10,10,0,0,0,0.0,True,True
RAW_1D,BASELINE_CE,baseline,29025,213,627089,F,10,9,0,1,0,0.0,True,False
RAW_1D,FOCAL_A025_G3,selected_on_DS1,29025,213,627089,F,10,10,0,0,0,0.0,True,True
STFT_2D,BASELINE_CE,baseline,29025,213,627089,F,10,10,0,0,0,0.0,True,True
STFT_2D,WGAN_GP_X5,selected_on_DS1,29025,213,627089,F,10,10,0,0,0,0.0,True,True
RAW_1D,BASELINE_CE,baseline,29087,213,639795,F,10,10,0,0,0,0.0,True,True
RAW_1D,FOCAL_A025_G3,selected_on_DS1,29087,213,639795,F,10,10,0,0,0,0.0,True,True
STFT_2D,BASELINE_CE,baseline,29087,213,639795,F,10,10,0,0,0,0.0,True,True
STFT_2D,WGAN_GP_X5,selected_on_DS1,29087,213,639795,F,10,10,0,0,0,0.0,True,True
RAW_1D,BASELINE_CE,baseline,29089,213,640200,F,10,10,0,0,0,0.0,True,True
RAW_1D,FOCAL_A025_G3,selected_on_DS1,29089,213,640200,F,10,10,0,0,0,0.0,True,True
STFT_2D,BASELINE_CE,baseline,29089,213,640200,F,10,10,0,0,0,0.0,True,True
STFT_2D,WGAN_GP_X5,selected_on_DS1,29089,213,640200,F,10,10,0,0,0,0.0,True,True
RAW_1D,BASELINE_CE,baseline,29103,213,643055,F,10,10,0,0,0,0.0,True,True
RAW_1D,FOCAL_A025_G3,selected_on_DS1,29103,213,643055,F,10,10,0,0,0,0.0,True,True
STFT_2D,BASELINE_CE,baseline,29103,213,643055,F,10,10,0,0,0,0.0,True,True
STFT_2D,WGAN_GP_X5,selected_on_DS1,29103,213,643055,F,10,10,0,0,0,0.0,True,True
RAW_1D,BASELINE_CE,baseline,29107,213,643881,F,10,10,0,0,0,0.0,True,True
RAW_1D,FOCAL_A025_G3,selected_on_DS1,29107,213,643881,F,10,10,0,0,0,0.0,True,True
STFT_2D,BASELINE_CE,baseline,29107,213,643881,F,10,10,0,0,0,0.0,True,True
STFT_2D,WGAN_GP_X5,selected_on_DS1,29107,213,643881,F,10,10,0,0,0,0.0,True,True
RAW_1D,BASELINE_CE,baseline,29125,213,647546,F,10,10,0,0,0,0.0,True,True
RAW_1D,FOCAL_A025_G3,selected_on_DS1,29125,213,647546,F,10,10,0,0,0,0.0,True,True
STFT_2D,BASELINE_CE,baseline,29125,213,647546,F,10,10,0,0,0,0.0,True,True
STFT_2D,WGAN_GP_X5,selected_on_DS1,29125,213,647546,F,10,10,0,0,0,0.0,True,True
RAW_1D,BASELINE_CE,baseline,31227,214,603670,F,10,0,10,0,0,0.0,True,False
RAW_1D,FOCAL_A025_G3,selected_on_DS1,31227,214,603670,F,10,0,10,0,0,0.0,True,False
STFT_2D,BASELINE_CE,baseline,31227,214,603670,F,10,5,1,4,0,0.0,True,False
STFT_2D,WGAN_GP_X5,selected_on_DS1,31227,214,603670,F,10,3,3,4,0,0.0,True,False
RAW_1D,BASELINE_CE,baseline,31617,219,63190,F,10,0,10,0,0,0.0,True,False
RAW_1D,FOCAL_A025_G3,selected_on_DS1,31617,219,63190,F,10,0,10,0,0,0.0,True,False
STFT_2D,BASELINE_CE,baseline,31617,219,63190,F,10,9,1,0,0,0.0,True,False
STFT_2D,WGAN_GP_X5,selected_on_DS1,31617,219,63190,F,10,7,3,0,0,0.0,True,False
RAW_1D,BASELINE_CE,baseline,44155,233,60768,F,10,7,0,3,0,0.0,True,False
RAW_1D,FOCAL_A025_G3,selected_on_DS1,44155,233,60768,F,10,10,0,0,0,0.0,True,True
STFT_2D,BASELINE_CE,baseline,44155,233,60768,F,10,2,0,8,0,0.0,True,False
STFT_2D,WGAN_GP_X5,selected_on_DS1,44155,233,60768,F,10,0,0,10,0,0.0,True,False
RAW_1D,BASELINE_CE,baseline,44251,233,80775,F,10,10,0,0,0,0.0,True,True
RAW_1D,FOCAL_A025_G3,selected_on_DS1,44251,233,80775,F,10,10,0,0,0,0.0,True,True
STFT_2D,BASELINE_CE,baseline,44251,233,80775,F,10,0,0,10,0,0.0,True,False
STFT_2D,WGAN_GP_X5,selected_on_DS1,44251,233,80775,F,10,0,0,10,0,0.0,True,False
STFT_2D,BASELINE_CE,baseline,44307,233,92498,F,10,0,0,10,0,0.0,True,False
STFT_2D,WGAN_GP_X5,selected_on_DS1,44307,233,92498,F,10,0,0,10,0,0.0,True,False
RAW_1D,BASELINE_CE,baseline,44352,233,102038,F,10,10,0,0,0,0.0,True,True
STFT_2D,BASELINE_CE,baseline,44352,233,102038,F,10,10,0,0,0,0.0,True,True
STFT_2D,WGAN_GP_X5,selected_on_DS1,44352,233,102038,F,10,10,0,0,0,0.0,True,True
STFT_2D,BASELINE_CE,baseline,44635,233,162653,F,10,0,0,10,0,0.0,True,False
STFT_2D,WGAN_GP_X5,selected_on_DS1,44635,233,162653,F,10,0,0,10,0,0.0,True,False
STFT_2D,WGAN_GP_X5,selected_on_DS1,44947,233,229415,F,10,0,0,10,0,0.0,True,False
STFT_2D,BASELINE_CE,baseline,45478,233,341070,F,10,1,0,9,0,0.0,True,False
STFT_2D,WGAN_GP_X5,selected_on_DS1,45478,233,341070,F,10,3,0,7,0,0.0,True,False
RAW_1D,FOCAL_A025_G3,selected_on_DS1,22113,210,396466,F,10,7,0,2,1,0.1,False,False
RAW_1D,FOCAL_A025_G3,selected_on_DS1,26264,213,73938,F,10,9,0,0,1,0.1,False,False
RAW_1D,FOCAL_A025_G3,selected_on_DS1,26991,213,217104,F,10,8,0,1,1,0.1,False,False
STFT_2D,WGAN_GP_X5,selected_on_DS1,26991,213,217104,F,10,8,0,1,1,0.1,False,False
RAW_1D,BASELINE_CE,baseline,27308,213,280092,F,10,9,0,0,1,0.1,False,False
STFT_2D,WGAN_GP_X5,selected_on_DS1,27316,213,281700,F,10,7,0,2,1,0.1,False,False
RAW_1D,BASELINE_CE,baseline,27414,213,301165,F,10,9,0,0,1,0.1,False,False
RAW_1D,FOCAL_A025_G3,selected_on_DS1,27414,213,301165,F,10,9,0,0,1,0.1,False,False
STFT_2D,WGAN_GP_X5,selected_on_DS1,27414,213,301165,F,10,7,0,2,1,0.1,False,False
RAW_1D,BASELINE_CE,baseline,27814,213,381127,F,10,8,0,1,1,0.1,False,False
RAW_1D,FOCAL_A025_G3,selected_on_DS1,27919,213,402184,F,10,9,0,0,1,0.1,False,False
STFT_2D,WGAN_GP_X5,selected_on_DS1,28317,213,482847,F,10,0,0,9,1,0.1,False,False
RAW_1D,BASELINE_CE,baseline,28321,213,483662,F,10,8,0,1,1,0.1,False,False
RAW_1D,FOCAL_A025_G3,selected_on_DS1,28407,213,501104,F,10,8,0,1,1,0.1,False,False
STFT_2D,WGAN_GP_X5,selected_on_DS1,28407,213,501104,F,10,4,0,5,1,0.1,False,False
STFT_2D,BASELINE_CE,baseline,28426,213,504960,F,10,7,0,2,1,0.1,False,False
RAW_1D,BASELINE_CE,baseline,28431,213,505987,F,10,9,0,0,1,0.1,False,False
RAW_1D,FOCAL_A025_G3,selected_on_DS1,28545,213,529130,F,10,9,0,0,1,0.1,False,False
STFT_2D,BASELINE_CE,baseline,28795,213,580154,F,10,2,0,7,1,0.1,False,False
STFT_2D,WGAN_GP_X5,selected_on_DS1,28797,213,580562,F,10,5,0,4,1,0.1,False,False
STFT_2D,BASELINE_CE,baseline,28889,213,599302,F,10,6,0,3,1,0.1,False,False
STFT_2D,WGAN_GP_X5,selected_on_DS1,28889,213,599302,F,10,6,0,3,1,0.1,False,False
RAW_1D,FOCAL_A025_G3,selected_on_DS1,28989,213,619735,F,10,9,0,0,1,0.1,False,False
RAW_1D,BASELINE_CE,baseline,44254,233,81396,F,10,5,0,4,1,0.1,False,False
RAW_1D,FOCAL_A025_G3,selected_on_DS1,44254,233,81396,F,10,5,0,4,1,0.1,False,False
RAW_1D,BASELINE_CE,baseline,44635,233,162653,F,10,8,0,1,1,0.1,False,False
RAW_1D,FOCAL_A025_G3,selected_on_DS1,44635,233,162653,F,10,9,0,0,1,0.1,False,False
RAW_1D,BASELINE_CE,baseline,45478,233,341070,F,10,7,0,2,1,0.1,False,False
RAW_1D,FOCAL_A025_G3,selected_on_DS1,45478,233,341070,F,10,9,0,0,1,0.1,False,False
STFT_2D,WGAN_GP_X5,selected_on_DS1,16636,200,218881,F,10,8,0,0,2,0.2,False,False
RAW_1D,FOCAL_A025_G3,selected_on_DS1,27308,213,280092,F,10,8,0,0,2,0.2,False,False
STFT_2D,WGAN_GP_X5,selected_on_DS1,27308,213,280092,F,10,6,0,2,2,0.2,False,False
RAW_1D,FOCAL_A025_G3,selected_on_DS1,27430,213,304368,F,10,8,0,0,2,0.2,False,False
RAW_1D,BASELINE_CE,baseline,28291,213,477548,F,10,8,0,0,2,0.2,False,False
RAW_1D,FOCAL_A025_G3,selected_on_DS1,28291,213,477548,F,10,7,0,1,2,0.2,False,False
RAW_1D,FOCAL_A025_G3,selected_on_DS1,28317,213,482847,F,10,6,0,2,2,0.2,False,False
RAW_1D,BASELINE_CE,baseline,28327,213,484888,F,10,8,0,0,2,0.2,False,False
RAW_1D,BASELINE_CE,baseline,28331,213,485698,F,10,8,0,0,2,0.2,False,False
STFT_2D,WGAN_GP_X5,selected_on_DS1,28331,213,485698,F,10,4,0,4,2,0.2,False,False
STFT_2D,WGAN_GP_X5,selected_on_DS1,28795,213,580154,F,10,1,0,7,2,0.2,False,False
STFT_2D,BASELINE_CE,baseline,27308,213,280092,F,10,5,0,2,3,0.3,False,False
STFT_2D,WGAN_GP_X5,selected_on_DS1,28291,213,477548,F,10,0,0,7,3,0.3,False,False
RAW_1D,FOCAL_A025_G3,selected_on_DS1,28321,213,483662,F,10,7,0,0,3,0.3,False,False
RAW_1D,FOCAL_A025_G3,selected_on_DS1,44307,233,92498,F,10,7,0,0,3,0.3,False,False
RAW_1D,FOCAL_A025_G3,selected_on_DS1,44352,233,102038,F,10,7,0,0,3,0.3,False,False
RAW_1D,BASELINE_CE,baseline,44947,233,229415,F,10,3,0,4,3,0.3,False,False
RAW_1D,FOCAL_A025_G3,selected_on_DS1,46690,233,596390,F,10,4,0,3,3,0.3,False,False
STFT_2D,WGAN_GP_X5,selected_on_DS1,21828,210,326751,F,10,6,0,0,4,0.4,False,False
STFT_2D,BASELINE_CE,baseline,27518,213,321935,F,10,3,0,3,4,0.4,False,False
STFT_2D,WGAN_GP_X5,selected_on_DS1,27518,213,321935,F,10,3,0,3,4,0.4,False,False
STFT_2D,BASELINE_CE,baseline,28291,213,477548,F,10,0,0,6,4,0.4,False,False
STFT_2D,WGAN_GP_X5,selected_on_DS1,28327,213,484888,F,10,0,0,6,4,0.4,False,False
STFT_2D,WGAN_GP_X5,selected_on_DS1,28545,213,529130,F,10,1,0,5,4,0.4,False,False
STFT_2D,BASELINE_CE,baseline,44947,233,229415,F,10,0,0,6,4,0.4,False,False
RAW_1D,BASELINE_CE,baseline,46690,233,596390,F,10,4,0,2,4,0.4,False,False
STFT_2D,BASELINE_CE,baseline,16636,200,218881,F,10,5,0,0,5,0.5,False,False
STFT_2D,BASELINE_CE,baseline,21828,210,326751,F,10,5,0,0,5,0.5,False,False
RAW_1D,FOCAL_A025_G3,selected_on_DS1,28327,213,484888,F,10,5,0,0,5,0.5,False,False
STFT_2D,BASELINE_CE,baseline,28327,213,484888,F,10,0,0,5,5,0.5,False,False
RAW_1D,BASELINE_CE,baseline,44307,233,92498,F,10,3,0,2,5,0.5,False,False
RAW_1D,FOCAL_A025_G3,selected_on_DS1,44947,233,229415,F,10,5,0,0,5,0.5,False,False
RAW_1D,FOCAL_A025_G3,selected_on_DS1,28331,213,485698,F,10,3,0,1,6,0.6,False,False
RAW_1D,BASELINE_CE,baseline,45327,233,309628,F,10,1,0,3,6,0.6,False,False
STFT_2D,BASELINE_CE,baseline,28331,213,485698,F,10,2,0,1,7,0.7,False,False
RAW_1D,FOCAL_A025_G3,selected_on_DS1,45327,233,309628,F,10,1,0,2,7,0.7,False,False
STFT_2D,BASELINE_CE,baseline,28545,213,529130,F,10,0,0,2,8,0.8,False,False
STFT_2D,WGAN_GP_X5,selected_on_DS1,44630,233,161595,F,10,1,0,1,8,0.8,False,False
STFT_2D,WGAN_GP_X5,selected_on_DS1,44254,233,81396,F,10,1,0,0,9,0.9,False,False
RAW_1D,BASELINE_CE,baseline,44630,233,161595,F,10,1,0,0,9,0.9,False,False
RAW_1D,FOCAL_A025_G3,selected_on_DS1,44630,233,161595,F,10,1,0,0,9,0.9,False,False
STFT_2D,BASELINE_CE,baseline,44630,233,161595,F,10,1,0,0,9,0.9,False,False
STFT_2D,WGAN_GP_X5,selected_on_DS1,45327,233,309628,F,10,1,0,0,9,0.9,False,False
STFT_2D,WGAN_GP_X5,selected_on_DS1,46690,233,596390,F,10,1,0,0,9,0.9,False,False
STFT_2D,BASELINE_CE,baseline,44254,233,81396,F,10,0,0,0,10,1.0,False,False
STFT_2D,BASELINE_CE,baseline,45327,233,309628,F,10,0,0,0,10,1.0,False,False
STFT_2D,BASELINE_CE,baseline,46690,233,596390,F,10,0,0,0,10,1.0,False,False
