number,values_0,values_1,datetime_start,datetime_complete,duration,params_clip_pct,params_cwt_wavelet,params_image_size,params_norm_type,params_num_scales,params_scale_min,params_scale_span,params_scale_type,user_attrs_F1_F,user_attrs_F1_N,user_attrs_F1_S,user_attrs_F1_V,user_attrs_Recall_F,user_attrs_Recall_S,user_attrs_best_epoch_median,user_attrs_config,user_attrs_macro_f1_mean,user_attrs_macro_f1_std,user_attrs_min_rare_f1_mean,user_attrs_min_rare_f1_std,user_attrs_preprocessing_seconds,user_attrs_rare_macro_sf_mean,user_attrs_rare_macro_sf_std,user_attrs_run_results,user_attrs_total_seconds,user_attrs_training_seconds,system_attrs_NSGAIISampler:generation,state
42,0.31153400771338574,0.4648193293926326,2026-08-10 12:00:21.322461,2026-08-10 12:02:55.023735,0 days 00:02:33.701274,2,morl,192x192,linear,48,4.0,16,logarithmic,0.012345679012345678,0.5259158641462495,0.610722336414426,0.7102934379975095,0.018518518518518517,0.5314136125654451,9.0,"{'method': 'CWT', 'image_size': [192, 192], 'norm_type': 'linear', 'clip_pct': 2, 'wavelet': 'morl', 'scale_min': 4.0, 'scale_max': 20.0, 'scale_type': 'logarithmic', 'num_scales': 48}",0.4648193293926326,0.026258888176088714,0.012345679012345678,0.021383343303319473,12.615882396697998,0.31153400771338574,0.046961693041968774,"[{'seed': 42, 'Macro_F1': 0.4351871916548363, 'Rare_Macro_SF': 0.2574074074074074, 'Min_Rare_F1': 0.0, 'F1_N': 0.5625774473358116, 'F1_S': 0.5148148148148148, 'F1_V': 0.663356504468719, 'F1_F': 0.0, 'Recall_S': 0.36387434554973824, 'Recall_F': 0.0, 'best_epoch': 9}, {'seed': 43, 'Macro_F1': 0.4740692938733134, 'Rare_Macro_SF': 0.3414493190612593, 'Min_Rare_F1': 0.037037037037037035, 'F1_N': 0.4681404421326398, 'F1_S': 0.6458616010854816, 'F1_V': 0.7452380952380953, 'F1_F': 0.037037037037037035, 'Recall_S': 0.6230366492146597, 'Recall_F': 0.05555555555555555, 'best_epoch': 9}, {'seed': 44, 'Macro_F1': 0.48520150264974815, 'Rare_Macro_SF': 0.3357452966714906, 'Min_Rare_F1': 0.0, 'F1_N': 0.5470297029702971, 'F1_S': 0.6714905933429812, 'F1_V': 0.7222857142857143, 'F1_F': 0.0, 'Recall_S': 0.6073298429319371, 'Recall_F': 0.0, 'best_epoch': 8}]",153.40120768547058,140.6641447544098,2,COMPLETE
38,0.28150570500067534,0.4510095800407301,2026-08-10 11:53:59.379793,2026-08-10 11:55:25.119398,0 days 00:01:25.739605,1,cmor1.5-1.0,160x192,sqrt,64,6.0,16,logarithmic,0.0,0.5249082903188577,0.5630114100013507,0.7161186198427124,0.0,0.4432809773123909,3.0,"{'method': 'CWT', 'image_size': [160, 192], 'norm_type': 'sqrt', 'clip_pct': 1, 'wavelet': 'cmor1.5-1.0', 'scale_min': 6.0, 'scale_max': 22.0, 'scale_type': 'logarithmic', 'num_scales': 64}",0.4510095800407301,0.032925299361472635,0.0,0.0,15.967814683914185,0.28150570500067534,0.04477233749863426,"[{'seed': 42, 'Macro_F1': 0.45539977386589736, 'Rare_Macro_SF': 0.304857621440536, 'Min_Rare_F1': 0.0, 'F1_N': 0.5150812064965197, 'F1_S': 0.609715242881072, 'F1_V': 0.6968026460859978, 'F1_F': 0.0, 'Recall_S': 0.47643979057591623, 'Recall_F': 0.0, 'best_epoch': 4}, {'seed': 43, 'Macro_F1': 0.41610943784954024, 'Rare_Macro_SF': 0.22988505747126436, 'Min_Rare_F1': 0.0, 'F1_N': 0.5173824130879345, 'F1_S': 0.45977011494252873, 'F1_V': 0.6872852233676976, 'F1_F': 0.0, 'Recall_S': 0.31413612565445026, 'Recall_F': 0.0, 'best_epoch': 3}, {'seed': 44, 'Macro_F1': 0.48151952840675283, 'Rare_Macro_SF': 0.3097744360902256, 'Min_Rare_F1': 0.0, 'F1_N': 0.5422612513721186, 'F1_S': 0.6195488721804512, 'F1_V': 0.7642679900744417, 'F1_F': 0.0, 'Recall_S': 0.5392670157068062, 'Recall_F': 0.0, 'best_epoch': 2}]",85.4417417049408,69.3527090549469,2,COMPLETE
52,0.2733204908769113,0.4411682750275758,2026-08-10 12:20:45.552979,2026-08-10 12:22:11.390120,0 days 00:01:25.837141,1,gaus8,160x160,sqrt,64,1.0,16,logarithmic,0.0,0.535545642811902,0.5466409817538226,0.6824864755445784,0.0,0.4310645724258289,5.0,"{'method': 'CWT', 'image_size': [160, 160], 'norm_type': 'sqrt', 'clip_pct': 1, 'wavelet': 'gaus8', 'scale_min': 1.0, 'scale_max': 17.0, 'scale_type': 'logarithmic', 'num_scales': 64}",0.4411682750275758,0.04831877801218636,0.0,0.0,13.856900215148926,0.2733204908769113,0.08125463659877379,"[{'seed': 42, 'Macro_F1': 0.47881144037589174, 'Rare_Macro_SF': 0.34678624813153963, 'Min_Rare_F1': 0.0, 'F1_N': 0.5343347639484979, 'F1_S': 0.6935724962630793, 'F1_V': 0.6873385012919897, 'F1_F': 0.0, 'Recall_S': 0.6073298429319371, 'Recall_F': 0.0, 'best_epoch': 5}, {'seed': 43, 'Macro_F1': 0.3866823069597165, 'Rare_Macro_SF': 0.18604651162790697, 'Min_Rare_F1': 0.0, 'F1_N': 0.5395152792413066, 'F1_S': 0.37209302325581395, 'F1_V': 0.6351209253417456, 'F1_F': 0.0, 'Recall_S': 0.23036649214659685, 'Recall_F': 0.0, 'best_epoch': 7}, {'seed': 44, 'Macro_F1': 0.458011077747119, 'Rare_Macro_SF': 0.2871287128712871, 'Min_Rare_F1': 0.0, 'F1_N': 0.5327868852459017, 'F1_S': 0.5742574257425742, 'F1_V': 0.725, 'F1_F': 0.0, 'Recall_S': 0.45549738219895286, 'Recall_F': 0.0, 'best_epoch': 2}]",85.54558372497559,71.56726503372192,2,COMPLETE
62,0.2733204908769113,0.4411682750275758,2026-08-10 12:39:29.480794,2026-08-10 12:40:55.119557,0 days 00:01:25.638763,1,gaus8,160x160,sqrt,64,1.0,16,logarithmic,0.0,0.535545642811902,0.5466409817538226,0.6824864755445784,0.0,0.4310645724258289,5.0,"{'method': 'CWT', 'image_size': [160, 160], 'norm_type': 'sqrt', 'clip_pct': 1, 'wavelet': 'gaus8', 'scale_min': 1.0, 'scale_max': 17.0, 'scale_type': 'logarithmic', 'num_scales': 64}",0.4411682750275758,0.04831877801218636,0.0,0.0,13.65498161315918,0.2733204908769113,0.08125463659877379,"[{'seed': 42, 'Macro_F1': 0.47881144037589174, 'Rare_Macro_SF': 0.34678624813153963, 'Min_Rare_F1': 0.0, 'F1_N': 0.5343347639484979, 'F1_S': 0.6935724962630793, 'F1_V': 0.6873385012919897, 'F1_F': 0.0, 'Recall_S': 0.6073298429319371, 'Recall_F': 0.0, 'best_epoch': 5}, {'seed': 43, 'Macro_F1': 0.3866823069597165, 'Rare_Macro_SF': 0.18604651162790697, 'Min_Rare_F1': 0.0, 'F1_N': 0.5395152792413066, 'F1_S': 0.37209302325581395, 'F1_V': 0.6351209253417456, 'F1_F': 0.0, 'Recall_S': 0.23036649214659685, 'Recall_F': 0.0, 'best_epoch': 7}, {'seed': 44, 'Macro_F1': 0.458011077747119, 'Rare_Macro_SF': 0.2871287128712871, 'Min_Rare_F1': 0.0, 'F1_N': 0.5327868852459017, 'F1_S': 0.5742574257425742, 'F1_V': 0.725, 'F1_F': 0.0, 'Recall_S': 0.45549738219895286, 'Recall_F': 0.0, 'best_epoch': 2}]",85.33063888549805,71.54826641082764,3,COMPLETE
80,0.2733204908769113,0.4411682750275758,2026-08-10 13:13:36.088112,2026-08-10 13:15:02.166561,0 days 00:01:26.078449,1,gaus8,160x160,sqrt,64,1.0,16,logarithmic,0.0,0.535545642811902,0.5466409817538226,0.6824864755445784,0.0,0.4310645724258289,5.0,"{'method': 'CWT', 'image_size': [160, 160], 'norm_type': 'sqrt', 'clip_pct': 1, 'wavelet': 'gaus8', 'scale_min': 1.0, 'scale_max': 17.0, 'scale_type': 'logarithmic', 'num_scales': 64}",0.4411682750275758,0.04831877801218636,0.0,0.0,14.008926391601562,0.2733204908769113,0.08125463659877379,"[{'seed': 42, 'Macro_F1': 0.47881144037589174, 'Rare_Macro_SF': 0.34678624813153963, 'Min_Rare_F1': 0.0, 'F1_N': 0.5343347639484979, 'F1_S': 0.6935724962630793, 'F1_V': 0.6873385012919897, 'F1_F': 0.0, 'Recall_S': 0.6073298429319371, 'Recall_F': 0.0, 'best_epoch': 5}, {'seed': 43, 'Macro_F1': 0.3866823069597165, 'Rare_Macro_SF': 0.18604651162790697, 'Min_Rare_F1': 0.0, 'F1_N': 0.5395152792413066, 'F1_S': 0.37209302325581395, 'F1_V': 0.6351209253417456, 'F1_F': 0.0, 'Recall_S': 0.23036649214659685, 'Recall_F': 0.0, 'best_epoch': 7}, {'seed': 44, 'Macro_F1': 0.458011077747119, 'Rare_Macro_SF': 0.2871287128712871, 'Min_Rare_F1': 0.0, 'F1_N': 0.5327868852459017, 'F1_S': 0.5742574257425742, 'F1_V': 0.725, 'F1_F': 0.0, 'Recall_S': 0.45549738219895286, 'Recall_F': 0.0, 'best_epoch': 2}]",85.77571368217468,71.64631867408752,4,COMPLETE
83,0.2733204908769113,0.4411682750275758,2026-08-10 13:19:44.511779,2026-08-10 13:21:10.123647,0 days 00:01:25.611868,1,gaus8,160x160,sqrt,64,1.0,16,logarithmic,0.0,0.535545642811902,0.5466409817538226,0.6824864755445784,0.0,0.4310645724258289,5.0,"{'method': 'CWT', 'image_size': [160, 160], 'norm_type': 'sqrt', 'clip_pct': 1, 'wavelet': 'gaus8', 'scale_min': 1.0, 'scale_max': 17.0, 'scale_type': 'logarithmic', 'num_scales': 64}",0.4411682750275758,0.04831877801218636,0.0,0.0,13.639333963394165,0.2733204908769113,0.08125463659877379,"[{'seed': 42, 'Macro_F1': 0.47881144037589174, 'Rare_Macro_SF': 0.34678624813153963, 'Min_Rare_F1': 0.0, 'F1_N': 0.5343347639484979, 'F1_S': 0.6935724962630793, 'F1_V': 0.6873385012919897, 'F1_F': 0.0, 'Recall_S': 0.6073298429319371, 'Recall_F': 0.0, 'best_epoch': 5}, {'seed': 43, 'Macro_F1': 0.3866823069597165, 'Rare_Macro_SF': 0.18604651162790697, 'Min_Rare_F1': 0.0, 'F1_N': 0.5395152792413066, 'F1_S': 0.37209302325581395, 'F1_V': 0.6351209253417456, 'F1_F': 0.0, 'Recall_S': 0.23036649214659685, 'Recall_F': 0.0, 'best_epoch': 7}, {'seed': 44, 'Macro_F1': 0.458011077747119, 'Rare_Macro_SF': 0.2871287128712871, 'Min_Rare_F1': 0.0, 'F1_N': 0.5327868852459017, 'F1_S': 0.5742574257425742, 'F1_V': 0.725, 'F1_F': 0.0, 'Recall_S': 0.45549738219895286, 'Recall_F': 0.0, 'best_epoch': 2}]",85.29499697685242,71.53447961807251,4,COMPLETE
72,0.26782966086171184,0.43954902418617214,2026-08-10 12:58:12.923248,2026-08-10 12:59:54.849909,0 days 00:01:41.926661,1,gaus8,192x160,sqrt,80,2.0,16,logarithmic,0.0,0.5484717427202463,0.5356593217234237,0.6740650323010184,0.0,0.41797556719022694,4.0,"{'method': 'CWT', 'image_size': [192, 160], 'norm_type': 'sqrt', 'clip_pct': 1, 'wavelet': 'gaus8', 'scale_min': 2.0, 'scale_max': 18.0, 'scale_type': 'logarithmic', 'num_scales': 80}",0.43954902418617214,0.05867504224952465,0.0,0.0,16.091888666152954,0.26782966086171184,0.08722567307171265,"[{'seed': 42, 'Macro_F1': 0.4917287293917956, 'Rare_Macro_SF': 0.34316770186335405, 'Min_Rare_F1': 0.0, 'F1_N': 0.566120218579235, 'F1_S': 0.6863354037267081, 'F1_V': 0.7144592952612394, 'F1_F': 0.0, 'Recall_S': 0.5785340314136126, 'Recall_F': 0.0, 'best_epoch': 4}, {'seed': 43, 'Macro_F1': 0.376032986144898, 'Rare_Macro_SF': 0.1722689075630252, 'Min_Rare_F1': 0.0, 'F1_N': 0.5513264129181085, 'F1_S': 0.3445378151260504, 'F1_V': 0.6082677165354331, 'F1_F': 0.0, 'Recall_S': 0.21465968586387435, 'Recall_F': 0.0, 'best_epoch': 8}, {'seed': 44, 'Macro_F1': 0.4508853570218227, 'Rare_Macro_SF': 0.28805237315875615, 'Min_Rare_F1': 0.0, 'F1_N': 0.5279685966633955, 'F1_S': 0.5761047463175123, 'F1_V': 0.699468085106383, 'F1_F': 0.0, 'Recall_S': 0.4607329842931937, 'Recall_F': 0.0, 'best_epoch': 2}]",101.61090230941772,85.39974594116211,4,COMPLETE
57,0.25604761576482177,0.42056488490454796,2026-08-10 12:30:09.554028,2026-08-10 12:31:54.106502,0 days 00:01:44.552474,1,cmor1.5-1.0,160x192,linear,80,6.0,16,logarithmic,0.008888888888888889,0.4974262061927142,0.5032063426407547,0.6727381018958342,0.018518518518518517,0.4232111692844677,3.0,"{'method': 'CWT', 'image_size': [160, 192], 'norm_type': 'linear', 'clip_pct': 1, 'wavelet': 'cmor1.5-1.0', 'scale_min': 6.0, 'scale_max': 22.0, 'scale_type': 'logarithmic', 'num_scales': 80}",0.42056488490454796,0.04981276696971705,0.008888888888888889,0.015396007178390023,18.638365030288696,0.25604761576482177,0.08108542355716235,"[{'seed': 42, 'Macro_F1': 0.38576804696445816, 'Rare_Macro_SF': 0.21217712177121772, 'Min_Rare_F1': 0.0, 'F1_N': 0.4940530649588289, 'F1_S': 0.42435424354243545, 'F1_V': 0.6246648793565683, 'F1_F': 0.0, 'Recall_S': 0.3010471204188482, 'Recall_F': 0.0, 'best_epoch': 3}, {'seed': 43, 'Macro_F1': 0.3982997588337411, 'Rare_Macro_SF': 0.20634920634920634, 'Min_Rare_F1': 0.0, 'F1_N': 0.523517382413088, 'F1_S': 0.4126984126984127, 'F1_V': 0.6569832402234637, 'F1_F': 0.0, 'Recall_S': 0.27225130890052357, 'Recall_F': 0.0, 'best_epoch': 3}, {'seed': 44, 'Macro_F1': 0.47762684891544466, 'Rare_Macro_SF': 0.3496165191740413, 'Min_Rare_F1': 0.02666666666666667, 'F1_N': 0.47470817120622566, 'F1_S': 0.672566371681416, 'F1_V': 0.7365661861074705, 'F1_F': 0.02666666666666667, 'Recall_S': 0.6963350785340314, 'Recall_F': 0.05555555555555555, 'best_epoch': 8}]",104.2436146736145,85.48188972473145,3,COMPLETE
56,0.23235135291540135,0.42088135479465955,2026-08-10 12:27:45.639374,2026-08-10 12:30:09.362034,0 days 00:02:23.722660,2,gaus8,224x256,linear,80,2.0,16,logarithmic,0.0,0.5450981955406734,0.4647027058308027,0.6737245178071621,0.0,0.34816753926701566,2.0,"{'method': 'CWT', 'image_size': [224, 256], 'norm_type': 'linear', 'clip_pct': 2, 'wavelet': 'gaus8', 'scale_min': 2.0, 'scale_max': 18.0, 'scale_type': 'logarithmic', 'num_scales': 80}",0.42088135479465955,0.044137406347099235,0.0,0.0,18.23965334892273,0.23235135291540135,0.06857933585084466,"[{'seed': 42, 'Macro_F1': 0.4221546518405546, 'Rare_Macro_SF': 0.21928166351606806, 'Min_Rare_F1': 0.0, 'F1_N': 0.5467059980334317, 'F1_S': 0.43856332703213613, 'F1_V': 0.7033492822966507, 'F1_F': 0.0, 'Recall_S': 0.3036649214659686, 'Recall_F': 0.0, 'best_epoch': 2}, {'seed': 43, 'Macro_F1': 0.3761210768309731, 'Rare_Macro_SF': 0.17124735729386892, 'Min_Rare_F1': 0.0, 'F1_N': 0.5608108108108109, 'F1_S': 0.34249471458773784, 'F1_V': 0.6011787819253438, 'F1_F': 0.0, 'Recall_S': 0.21204188481675393, 'Recall_F': 0.0, 'best_epoch': 5}, {'seed': 44, 'Macro_F1': 0.46436833571245095, 'Rare_Macro_SF': 0.30652503793626706, 'Min_Rare_F1': 0.0, 'F1_N': 0.5277777777777778, 'F1_S': 0.6130500758725341, 'F1_V': 0.7166454891994918, 'F1_F': 0.0, 'Recall_S': 0.5287958115183246, 'Recall_F': 0.0, 'best_epoch': 2}]",143.408695936203,125.04197454452515,3,COMPLETE
68,0.22075219867408732,0.4155179548880903,2026-08-10 12:51:24.235087,2026-08-10 12:53:20.581006,0 days 00:01:56.345919,1,gaus8,160x192,sqrt,64,1.0,16,logarithmic,0.0,0.575085737269049,0.44150439734817465,0.6454816849351376,0.0,0.3010471204188481,6.0,"{'method': 'CWT', 'image_size': [160, 192], 'norm_type': 'sqrt', 'clip_pct': 1, 'wavelet': 'gaus8', 'scale_min': 1.0, 'scale_max': 17.0, 'scale_type': 'logarithmic', 'num_scales': 64}",0.4155179548880903,0.03201065902870964,0.0,0.0,14.090004682540894,0.22075219867408732,0.05593471765161897,"[{'seed': 42, 'Macro_F1': 0.40014617496611565, 'Rare_Macro_SF': 0.2172211350293542, 'Min_Rare_F1': 0.0, 'F1_N': 0.5135895032802249, 'F1_S': 0.4344422700587084, 'F1_V': 0.6525529265255293, 'F1_F': 0.0, 'Recall_S': 0.2905759162303665, 'Recall_F': 0.0, 'best_epoch': 5}, {'seed': 43, 'Macro_F1': 0.39409261715296195, 'Rare_Macro_SF': 0.16666666666666666, 'Min_Rare_F1': 0.0, 'F1_N': 0.6180371352785146, 'F1_S': 0.3333333333333333, 'F1_V': 0.625, 'F1_F': 0.0, 'Recall_S': 0.20157068062827224, 'Recall_F': 0.0, 'best_epoch': 9}, {'seed': 44, 'Macro_F1': 0.4523150725451933, 'Rare_Macro_SF': 0.2783687943262411, 'Min_Rare_F1': 0.0, 'F1_N': 0.5936305732484076, 'F1_S': 0.5567375886524822, 'F1_V': 0.6588921282798834, 'F1_F': 0.0, 'Recall_S': 0.4109947643979058, 'Recall_F': 0.0, 'best_epoch': 6}]",116.05732536315918,101.84705209732056,3,COMPLETE
93,0.21475270639376773,0.41323150890405397,2026-08-10 13:36:20.935547,2026-08-10 13:37:59.117393,0 days 00:01:38.181846,1,gaus8,160x160,sqrt,64,1.0,16,linear,0.0,0.5565341356743513,0.42950541278753546,0.6668864871543292,0.0,0.2897033158813263,6.0,"{'method': 'CWT', 'image_size': [160, 160], 'norm_type': 'sqrt', 'clip_pct': 1, 'wavelet': 'gaus8', 'scale_min': 1.0, 'scale_max': 17.0, 'scale_type': 'linear', 'num_scales': 64}",0.41323150890405397,0.042255517635466165,0.0,0.0,15.029747247695923,0.21475270639376773,0.07334213327046567,"[{'seed': 42, 'Macro_F1': 0.4137804838511414, 'Rare_Macro_SF': 0.21442885771543085, 'Min_Rare_F1': 0.0, 'F1_N': 0.5344995140913509, 'F1_S': 0.4288577154308617, 'F1_V': 0.691764705882353, 'F1_F': 0.0, 'Recall_S': 0.2801047120418848, 'Recall_F': 0.0, 'best_epoch': 4}, {'seed': 43, 'Macro_F1': 0.3707041784430639, 'Rare_Macro_SF': 0.14157303370786517, 'Min_Rare_F1': 0.0, 'F1_N': 0.5714285714285714, 'F1_S': 0.28314606741573034, 'F1_V': 0.6282420749279539, 'F1_F': 0.0, 'Recall_S': 0.1649214659685864, 'Recall_F': 0.0, 'best_epoch': 6}, {'seed': 44, 'Macro_F1': 0.45520986441795663, 'Rare_Macro_SF': 0.28825622775800713, 'Min_Rare_F1': 0.0, 'F1_N': 0.5636743215031316, 'F1_S': 0.5765124555160143, 'F1_V': 0.6806526806526807, 'F1_F': 0.0, 'Recall_S': 0.42408376963350786, 'Recall_F': 0.0, 'best_epoch': 8}]",97.83805656433105,82.68339490890503,5,COMPLETE
90,0.21073142460975158,0.41558133747622955,2026-08-10 13:31:41.333688,2026-08-10 13:33:08.969233,0 days 00:01:27.635545,1,gaus8,160x160,sqrt,64,2.0,16,linear,0.0,0.5656908323489733,0.42146284921950317,0.6751716683364416,0.0,0.28097731239092494,4.0,"{'method': 'CWT', 'image_size': [160, 160], 'norm_type': 'sqrt', 'clip_pct': 1, 'wavelet': 'gaus8', 'scale_min': 2.0, 'scale_max': 18.0, 'scale_type': 'linear', 'num_scales': 64}",0.41558133747622955,0.009705338734579232,0.0,0.0,15.211515426635742,0.21073142460975158,0.027290442868755194,"[{'seed': 42, 'Macro_F1': 0.4225165122431165, 'Rare_Macro_SF': 0.23574144486692014, 'Min_Rare_F1': 0.0, 'F1_N': 0.5441039925719592, 'F1_S': 0.4714828897338403, 'F1_V': 0.6744791666666666, 'F1_F': 0.0, 'Recall_S': 0.32460732984293195, 'Recall_F': 0.0, 'best_epoch': 4}, {'seed': 43, 'Macro_F1': 0.40449002966457814, 'Rare_Macro_SF': 0.18162393162393162, 'Min_Rare_F1': 0.0, 'F1_N': 0.6039488966318235, 'F1_S': 0.36324786324786323, 'F1_V': 0.6507633587786259, 'F1_F': 0.0, 'Recall_S': 0.22251308900523561, 'Recall_F': 0.0, 'best_epoch': 8}, {'seed': 44, 'Macro_F1': 0.419737470520994, 'Rare_Macro_SF': 0.21482889733840305, 'Min_Rare_F1': 0.0, 'F1_N': 0.5490196078431373, 'F1_S': 0.4296577946768061, 'F1_V': 0.7002724795640327, 'F1_F': 0.0, 'Recall_S': 0.29581151832460734, 'Recall_F': 0.0, 'best_epoch': 2}]",87.26962685585022,71.93131732940674,5,COMPLETE
94,0.20877884300776506,0.40550305704182393,2026-08-10 13:37:59.368512,2026-08-10 13:39:28.454384,0 days 00:01:29.085872,4,gaus8,160x160,sqrt,64,1.0,16,logarithmic,0.0,0.5240732707538222,0.4175576860155301,0.6803812713979437,0.0,0.3010471204188481,4.0,"{'method': 'CWT', 'image_size': [160, 160], 'norm_type': 'sqrt', 'clip_pct': 4, 'wavelet': 'gaus8', 'scale_min': 1.0, 'scale_max': 17.0, 'scale_type': 'logarithmic', 'num_scales': 64}",0.40550305704182393,0.06379305136458632,0.0,0.0,14.233374834060669,0.20877884300776506,0.10161926384324689,"[{'seed': 42, 'Macro_F1': 0.3768123580742043, 'Rare_Macro_SF': 0.14473684210526316, 'Min_Rare_F1': 0.0, 'F1_N': 0.5323590814196242, 'F1_S': 0.2894736842105263, 'F1_V': 0.6854166666666667, 'F1_F': 0.0, 'Recall_S': 0.17277486910994763, 'Recall_F': 0.0, 'best_epoch': 4}, {'seed': 43, 'Macro_F1': 0.361093098280618, 'Rare_Macro_SF': 0.15565031982942432, 'Min_Rare_F1': 0.0, 'F1_N': 0.49089165867689355, 'F1_S': 0.31130063965884863, 'F1_V': 0.6421800947867299, 'F1_F': 0.0, 'Recall_S': 0.19109947643979058, 'Recall_F': 0.0, 'best_epoch': 3}, {'seed': 44, 'Macro_F1': 0.47860371477064956, 'Rare_Macro_SF': 0.3259493670886076, 'Min_Rare_F1': 0.0, 'F1_N': 0.5489690721649485, 'F1_S': 0.6518987341772152, 'F1_V': 0.7135470527404343, 'F1_F': 0.0, 'Recall_S': 0.5392670157068062, 'Recall_F': 0.0, 'best_epoch': 8}]",88.78630018234253,74.4237654209137,5,COMPLETE
99,0.20877884300776506,0.40550305704182393,2026-08-10 13:45:16.162069,2026-08-10 13:46:44.983598,0 days 00:01:28.821529,4,gaus8,160x160,sqrt,64,1.0,16,logarithmic,0.0,0.5240732707538222,0.4175576860155301,0.6803812713979437,0.0,0.3010471204188481,4.0,"{'method': 'CWT', 'image_size': [160, 160], 'norm_type': 'sqrt', 'clip_pct': 4, 'wavelet': 'gaus8', 'scale_min': 1.0, 'scale_max': 17.0, 'scale_type': 'logarithmic', 'num_scales': 64}",0.40550305704182393,0.06379305136458632,0.0,0.0,13.89164662361145,0.20877884300776506,0.10161926384324689,"[{'seed': 42, 'Macro_F1': 0.3768123580742043, 'Rare_Macro_SF': 0.14473684210526316, 'Min_Rare_F1': 0.0, 'F1_N': 0.5323590814196242, 'F1_S': 0.2894736842105263, 'F1_V': 0.6854166666666667, 'F1_F': 0.0, 'Recall_S': 0.17277486910994763, 'Recall_F': 0.0, 'best_epoch': 4}, {'seed': 43, 'Macro_F1': 0.361093098280618, 'Rare_Macro_SF': 0.15565031982942432, 'Min_Rare_F1': 0.0, 'F1_N': 0.49089165867689355, 'F1_S': 0.31130063965884863, 'F1_V': 0.6421800947867299, 'F1_F': 0.0, 'Recall_S': 0.19109947643979058, 'Recall_F': 0.0, 'best_epoch': 3}, {'seed': 44, 'Macro_F1': 0.47860371477064956, 'Rare_Macro_SF': 0.3259493670886076, 'Min_Rare_F1': 0.0, 'F1_N': 0.5489690721649485, 'F1_S': 0.6518987341772152, 'F1_V': 0.7135470527404343, 'F1_F': 0.0, 'Recall_S': 0.5392670157068062, 'Recall_F': 0.0, 'best_epoch': 8}]",88.49617910385132,74.47584915161133,5,COMPLETE
2,0.2073980491343098,0.40755599969186046,2026-08-10 10:44:58.473362,2026-08-10 10:46:57.243294,0 days 00:01:58.769932,4,gaus8,160x192,sqrt,48,1.0,16,linear,0.0,0.562913533132902,0.4147960982686196,0.6525143673659201,0.0,0.27486910994764396,8.0,"{'method': 'CWT', 'image_size': [160, 192], 'norm_type': 'sqrt', 'clip_pct': 4, 'wavelet': 'gaus8', 'scale_min': 1.0, 'scale_max': 17.0, 'scale_type': 'linear', 'num_scales': 48}",0.40755599969186046,0.050041387456057795,0.0,0.0,13.330236673355103,0.2073980491343098,0.0737356332102542,"[{'seed': 42, 'Macro_F1': 0.37500294592384775, 'Rare_Macro_SF': 0.1609442060085837, 'Min_Rare_F1': 0.0, 'F1_N': 0.5081967213114754, 'F1_S': 0.3218884120171674, 'F1_V': 0.6699266503667481, 'F1_F': 0.0, 'Recall_S': 0.19633507853403143, 'Recall_F': 0.0, 'best_epoch': 4}, {'seed': 43, 'Macro_F1': 0.38248806532275625, 'Rare_Macro_SF': 0.16883116883116883, 'Min_Rare_F1': 0.0, 'F1_N': 0.5919075144508671, 'F1_S': 0.33766233766233766, 'F1_V': 0.6003824091778203, 'F1_F': 0.0, 'Recall_S': 0.20418848167539266, 'Recall_F': 0.0, 'best_epoch': 11}, {'seed': 44, 'Macro_F1': 0.46517698782897726, 'Rare_Macro_SF': 0.2924187725631769, 'Min_Rare_F1': 0.0, 'F1_N': 0.5886363636363636, 'F1_S': 0.5848375451263538, 'F1_V': 0.6872340425531915, 'F1_F': 0.0, 'Recall_S': 0.42408376963350786, 'Recall_F': 0.0, 'best_epoch': 8}]",118.4685378074646,105.01860094070435,0,COMPLETE
84,0.2073980491343098,0.40755599969186046,2026-08-10 13:21:10.338684,2026-08-10 13:23:09.562208,0 days 00:01:59.223524,4,gaus8,160x192,sqrt,48,1.0,16,linear,0.0,0.562913533132902,0.4147960982686196,0.6525143673659201,0.0,0.27486910994764396,8.0,"{'method': 'CWT', 'image_size': [160, 192], 'norm_type': 'sqrt', 'clip_pct': 4, 'wavelet': 'gaus8', 'scale_min': 1.0, 'scale_max': 17.0, 'scale_type': 'linear', 'num_scales': 48}",0.40755599969186046,0.050041387456057795,0.0,0.0,13.494612216949463,0.2073980491343098,0.0737356332102542,"[{'seed': 42, 'Macro_F1': 0.37500294592384775, 'Rare_Macro_SF': 0.1609442060085837, 'Min_Rare_F1': 0.0, 'F1_N': 0.5081967213114754, 'F1_S': 0.3218884120171674, 'F1_V': 0.6699266503667481, 'F1_F': 0.0, 'Recall_S': 0.19633507853403143, 'Recall_F': 0.0, 'best_epoch': 4}, {'seed': 43, 'Macro_F1': 0.38248806532275625, 'Rare_Macro_SF': 0.16883116883116883, 'Min_Rare_F1': 0.0, 'F1_N': 0.5919075144508671, 'F1_S': 0.33766233766233766, 'F1_V': 0.6003824091778203, 'F1_F': 0.0, 'Recall_S': 0.20418848167539266, 'Recall_F': 0.0, 'best_epoch': 11}, {'seed': 44, 'Macro_F1': 0.46517698782897726, 'Rare_Macro_SF': 0.2924187725631769, 'Min_Rare_F1': 0.0, 'F1_N': 0.5886363636363636, 'F1_S': 0.5848375451263538, 'F1_V': 0.6872340425531915, 'F1_F': 0.0, 'Recall_S': 0.42408376963350786, 'Recall_F': 0.0, 'best_epoch': 8}]",118.89799904823303,105.27976894378662,4,COMPLETE
22,0.2069221036579573,0.4149743483995661,2026-08-10 11:25:47.434138,2026-08-10 11:27:29.593931,0 days 00:01:42.159793,1,gaus8,160x192,sqrt,48,1.0,16,logarithmic,0.0,0.6049493054388793,0.4138442073159146,0.6411038808434705,0.0,0.280977312390925,5.0,"{'method': 'CWT', 'image_size': [160, 192], 'norm_type': 'sqrt', 'clip_pct': 1, 'wavelet': 'gaus8', 'scale_min': 1.0, 'scale_max': 17.0, 'scale_type': 'logarithmic', 'num_scales': 48}",0.4149743483995661,0.05069311609263349,0.0,0.0,12.79259181022644,0.2069221036579573,0.08318528061223633,"[{'seed': 42, 'Macro_F1': 0.4661063217312111, 'Rare_Macro_SF': 0.2877442273534636, 'Min_Rare_F1': 0.0, 'F1_N': 0.6102941176470589, 'F1_S': 0.5754884547069272, 'F1_V': 0.6786427145708582, 'F1_F': 0.0, 'Recall_S': 0.42408376963350786, 'Recall_F': 0.0, 'best_epoch': 4}, {'seed': 43, 'Macro_F1': 0.3647317939701713, 'Rare_Macro_SF': 0.12155963302752294, 'Min_Rare_F1': 0.0, 'F1_N': 0.6009732360097324, 'F1_S': 0.24311926605504589, 'F1_V': 0.6148346738159071, 'F1_F': 0.0, 'Recall_S': 0.1387434554973822, 'Recall_F': 0.0, 'best_epoch': 5}, {'seed': 44, 'Macro_F1': 0.4140849294973159, 'Rare_Macro_SF': 0.21146245059288538, 'Min_Rare_F1': 0.0, 'F1_N': 0.6035805626598465, 'F1_S': 0.42292490118577075, 'F1_V': 0.6298342541436464, 'F1_F': 0.0, 'Recall_S': 0.2801047120418848, 'Recall_F': 0.0, 'best_epoch': 6}]",101.8561749458313,88.94842052459717,1,COMPLETE
36,0.20500623547745378,0.39568462061806625,2026-08-10 11:49:28.425219,2026-08-10 11:52:26.733558,0 days 00:02:58.308339,4,gaus8,224x256,linear,64,4.0,16,logarithmic,0.017094017094017092,0.5713985193620301,0.39291845386089047,0.6013274921553275,0.018518518518518517,0.25218150087260033,4.0,"{'method': 'CWT', 'image_size': [224, 256], 'norm_type': 'linear', 'clip_pct': 4, 'wavelet': 'gaus8', 'scale_min': 4.0, 'scale_max': 20.0, 'scale_type': 'logarithmic', 'num_scales': 64}",0.39568462061806625,0.018683310065531415,0.017094017094017092,0.029607706112288502,16.85120677947998,0.20500623547745378,0.024720752575907733,"[{'seed': 42, 'Macro_F1': 0.3765398404301256, 'Rare_Macro_SF': 0.1777301927194861, 'Min_Rare_F1': 0.0, 'F1_N': 0.5674518201284796, 'F1_S': 0.3554603854389722, 'F1_V': 0.5832471561530507, 'F1_F': 0.0, 'Recall_S': 0.21727748691099477, 'Recall_F': 0.0, 'best_epoch': 4}, {'seed': 43, 'Macro_F1': 0.4138694504750401, 'Rare_Macro_SF': 0.22593320235756384, 'Min_Rare_F1': 0.0, 'F1_N': 0.5733333333333334, 'F1_S': 0.4518664047151277, 'F1_V': 0.6302780638516993, 'F1_F': 0.0, 'Recall_S': 0.3010471204188482, 'Recall_F': 0.0, 'best_epoch': 4}, {'seed': 44, 'Macro_F1': 0.3966445709490332, 'Rare_Macro_SF': 0.21135531135531135, 'Min_Rare_F1': 0.05128205128205128, 'F1_N': 0.5734104046242775, 'F1_S': 0.37142857142857144, 'F1_V': 0.5904572564612326, 'F1_F': 0.05128205128205128, 'Recall_S': 0.23821989528795812, 'Recall_F': 0.05555555555555555, 'best_epoch': 7}]",178.00788378715515,161.0379672050476,2,COMPLETE
87,0.20500623547745378,0.39568462061806625,2026-08-10 13:26:02.119438,2026-08-10 13:29:01.116099,0 days 00:02:58.996661,4,gaus8,224x256,linear,64,4.0,16,logarithmic,0.017094017094017092,0.5713985193620301,0.39291845386089047,0.6013274921553275,0.018518518518518517,0.25218150087260033,4.0,"{'method': 'CWT', 'image_size': [224, 256], 'norm_type': 'linear', 'clip_pct': 4, 'wavelet': 'gaus8', 'scale_min': 4.0, 'scale_max': 20.0, 'scale_type': 'logarithmic', 'num_scales': 64}",0.39568462061806625,0.018683310065531415,0.017094017094017092,0.029607706112288502,17.146559953689575,0.20500623547745378,0.024720752575907733,"[{'seed': 42, 'Macro_F1': 0.3765398404301256, 'Rare_Macro_SF': 0.1777301927194861, 'Min_Rare_F1': 0.0, 'F1_N': 0.5674518201284796, 'F1_S': 0.3554603854389722, 'F1_V': 0.5832471561530507, 'F1_F': 0.0, 'Recall_S': 0.21727748691099477, 'Recall_F': 0.0, 'best_epoch': 4}, {'seed': 43, 'Macro_F1': 0.4138694504750401, 'Rare_Macro_SF': 0.22593320235756384, 'Min_Rare_F1': 0.0, 'F1_N': 0.5733333333333334, 'F1_S': 0.4518664047151277, 'F1_V': 0.6302780638516993, 'F1_F': 0.0, 'Recall_S': 0.3010471204188482, 'Recall_F': 0.0, 'best_epoch': 4}, {'seed': 44, 'Macro_F1': 0.3966445709490332, 'Rare_Macro_SF': 0.21135531135531135, 'Min_Rare_F1': 0.05128205128205128, 'F1_N': 0.5734104046242775, 'F1_S': 0.37142857142857144, 'F1_V': 0.5904572564612326, 'F1_F': 0.05128205128205128, 'Recall_S': 0.23821989528795812, 'Recall_F': 0.05555555555555555, 'best_epoch': 7}]",178.65479397773743,161.38358163833618,4,COMPLETE
3,0.18089059586415104,0.4091057077663982,2026-08-10 10:46:57.444516,2026-08-10 10:49:15.758258,0 days 00:02:18.313742,2,gaus8,224x256,log1p,80,2.0,16,logarithmic,0.027777777777777776,0.5492215901908735,0.33400341395052435,0.7254200491464177,0.018518518518518517,0.262652705061082,2.0,"{'method': 'CWT', 'image_size': [224, 256], 'norm_type': 'log1p', 'clip_pct': 2, 'wavelet': 'gaus8', 'scale_min': 2.0, 'scale_max': 18.0, 'scale_type': 'logarithmic', 'num_scales': 80}",0.4091057077663982,0.061549288423416615,0.027777777777777776,0.048112522432468816,18.5214364528656,0.18089059586415104,0.1443635129768671,"[{'seed': 42, 'Macro_F1': 0.4738379651684234, 'Rare_Macro_SF': 0.3060523587350959, 'Min_Rare_F1': 0.08333333333333333, 'F1_N': 0.5642775881683731, 'F1_S': 0.5287713841368584, 'F1_V': 0.7189695550351288, 'F1_F': 0.08333333333333333, 'Recall_S': 0.44502617801047123, 'Recall_F': 0.05555555555555555, 'best_epoch': 4}, {'seed': 43, 'Macro_F1': 0.35133060340406874, 'Rare_Macro_SF': 0.02295918367346939, 'Min_Rare_F1': 0.0, 'F1_N': 0.5784982935153583, 'F1_S': 0.04591836734693878, 'F1_V': 0.780905752753978, 'F1_F': 0.0, 'Recall_S': 0.02356020942408377, 'Recall_F': 0.0, 'best_epoch': 2}, {'seed': 44, 'Macro_F1': 0.40214855472670263, 'Rare_Macro_SF': 0.2136602451838879, 'Min_Rare_F1': 0.0, 'F1_N': 0.5048888888888889, 'F1_S': 0.4273204903677758, 'F1_V': 0.6763848396501457, 'F1_F': 0.0, 'Recall_S': 0.3193717277486911, 'Recall_F': 0.0, 'best_epoch': 2}]",138.0149805545807,119.37000107765198,0,COMPLETE
20,0.18089059586415104,0.4091057077663982,2026-08-10 11:19:58.652220,2026-08-10 11:22:16.484124,0 days 00:02:17.831904,2,gaus8,224x256,log1p,80,2.0,16,logarithmic,0.027777777777777776,0.5492215901908735,0.33400341395052435,0.7254200491464177,0.018518518518518517,0.262652705061082,2.0,"{'method': 'CWT', 'image_size': [224, 256], 'norm_type': 'log1p', 'clip_pct': 2, 'wavelet': 'gaus8', 'scale_min': 2.0, 'scale_max': 18.0, 'scale_type': 'logarithmic', 'num_scales': 80}",0.4091057077663982,0.061549288423416615,0.027777777777777776,0.048112522432468816,17.97257113456726,0.18089059586415104,0.1443635129768671,"[{'seed': 42, 'Macro_F1': 0.4738379651684234, 'Rare_Macro_SF': 0.3060523587350959, 'Min_Rare_F1': 0.08333333333333333, 'F1_N': 0.5642775881683731, 'F1_S': 0.5287713841368584, 'F1_V': 0.7189695550351288, 'F1_F': 0.08333333333333333, 'Recall_S': 0.44502617801047123, 'Recall_F': 0.05555555555555555, 'best_epoch': 4}, {'seed': 43, 'Macro_F1': 0.35133060340406874, 'Rare_Macro_SF': 0.02295918367346939, 'Min_Rare_F1': 0.0, 'F1_N': 0.5784982935153583, 'F1_S': 0.04591836734693878, 'F1_V': 0.780905752753978, 'F1_F': 0.0, 'Recall_S': 0.02356020942408377, 'Recall_F': 0.0, 'best_epoch': 2}, {'seed': 44, 'Macro_F1': 0.40214855472670263, 'Rare_Macro_SF': 0.2136602451838879, 'Min_Rare_F1': 0.0, 'F1_N': 0.5048888888888889, 'F1_S': 0.4273204903677758, 'F1_V': 0.6763848396501457, 'F1_F': 0.0, 'Recall_S': 0.3193717277486911, 'Recall_F': 0.0, 'best_epoch': 2}]",137.54268097877502,119.45572304725647,1,COMPLETE
54,0.18089059586415104,0.4091057077663982,2026-08-10 12:23:53.990593,2026-08-10 12:26:11.953255,0 days 00:02:17.962662,2,gaus8,224x256,log1p,80,2.0,16,logarithmic,0.027777777777777776,0.5492215901908735,0.33400341395052435,0.7254200491464177,0.018518518518518517,0.262652705061082,2.0,"{'method': 'CWT', 'image_size': [224, 256], 'norm_type': 'log1p', 'clip_pct': 2, 'wavelet': 'gaus8', 'scale_min': 2.0, 'scale_max': 18.0, 'scale_type': 'logarithmic', 'num_scales': 80}",0.4091057077663982,0.061549288423416615,0.027777777777777776,0.048112522432468816,18.13520908355713,0.18089059586415104,0.1443635129768671,"[{'seed': 42, 'Macro_F1': 0.4738379651684234, 'Rare_Macro_SF': 0.3060523587350959, 'Min_Rare_F1': 0.08333333333333333, 'F1_N': 0.5642775881683731, 'F1_S': 0.5287713841368584, 'F1_V': 0.7189695550351288, 'F1_F': 0.08333333333333333, 'Recall_S': 0.44502617801047123, 'Recall_F': 0.05555555555555555, 'best_epoch': 4}, {'seed': 43, 'Macro_F1': 0.35133060340406874, 'Rare_Macro_SF': 0.02295918367346939, 'Min_Rare_F1': 0.0, 'F1_N': 0.5784982935153583, 'F1_S': 0.04591836734693878, 'F1_V': 0.780905752753978, 'F1_F': 0.0, 'Recall_S': 0.02356020942408377, 'Recall_F': 0.0, 'best_epoch': 2}, {'seed': 44, 'Macro_F1': 0.40214855472670263, 'Rare_Macro_SF': 0.2136602451838879, 'Min_Rare_F1': 0.0, 'F1_N': 0.5048888888888889, 'F1_S': 0.4273204903677758, 'F1_V': 0.6763848396501457, 'F1_F': 0.0, 'Recall_S': 0.3193717277486911, 'Recall_F': 0.0, 'best_epoch': 2}]",137.63955950737,119.37538766860962,3,COMPLETE
96,0.17447682079308072,0.3853263352188596,2026-08-10 13:41:10.823582,2026-08-10 13:42:51.664978,0 days 00:01:40.841396,5,gaus8,160x192,linear,80,6.0,16,logarithmic,0.024691358024691357,0.5788469602381898,0.3242622835614701,0.6135047390510874,0.018518518518518517,0.19720767888307156,4.0,"{'method': 'CWT', 'image_size': [160, 192], 'norm_type': 'linear', 'clip_pct': 5, 'wavelet': 'gaus8', 'scale_min': 6.0, 'scale_max': 22.0, 'scale_type': 'logarithmic', 'num_scales': 80}",0.3853263352188596,0.008001951716444003,0.024691358024691357,0.042766686606638946,17.982367038726807,0.17447682079308072,0.033926027967102645,"[{'seed': 42, 'Macro_F1': 0.3872192417361371, 'Rare_Macro_SF': 0.17025862068965517, 'Min_Rare_F1': 0.0, 'F1_N': 0.6115107913669064, 'F1_S': 0.34051724137931033, 'F1_V': 0.5968489341983317, 'F1_F': 0.0, 'Recall_S': 0.20680628272251309, 'Recall_F': 0.0, 'best_epoch': 4}, {'seed': 43, 'Macro_F1': 0.3765476466496638, 'Rare_Macro_SF': 0.14285714285714285, 'Min_Rare_F1': 0.0, 'F1_N': 0.6090225563909775, 'F1_S': 0.2857142857142857, 'F1_V': 0.6114537444933921, 'F1_F': 0.0, 'Recall_S': 0.16753926701570682, 'Recall_F': 0.0, 'best_epoch': 7}, {'seed': 44, 'Macro_F1': 0.392212117270778, 'Rare_Macro_SF': 0.21031469883244414, 'Min_Rare_F1': 0.07407407407407407, 'F1_N': 0.5160075329566854, 'F1_S': 0.3465553235908142, 'F1_V': 0.6322115384615384, 'F1_F': 0.07407407407407407, 'Recall_S': 0.21727748691099477, 'Recall_F': 0.05555555555555555, 'best_epoch': 2}]",100.53101468086243,82.42994737625122,5,COMPLETE
59,0.16438543653706109,0.4086690847723713,2026-08-10 12:33:04.205385,2026-08-10 12:34:33.738825,0 days 00:01:29.533440,2,gaus8,160x192,linear,80,2.0,96,logarithmic,0.043478260869565216,0.6016891964679562,0.2852926122045569,0.7042162695474069,0.05555555555555555,0.17277486910994763,3.0,"{'method': 'CWT', 'image_size': [160, 192], 'norm_type': 'linear', 'clip_pct': 2, 'wavelet': 'gaus8', 'scale_min': 2.0, 'scale_max': 98.0, 'scale_type': 'logarithmic', 'num_scales': 80}",0.4086690847723713,0.04134593830246756,0.043478260869565216,0.07530655685082076,19.871992826461792,0.16438543653706109,0.06530374344079233,"[{'seed': 42, 'Macro_F1': 0.41807242838845243, 'Rare_Macro_SF': 0.1649048625792812, 'Min_Rare_F1': 0.0, 'F1_N': 0.5681528662420382, 'F1_S': 0.3298097251585624, 'F1_V': 0.7743271221532091, 'F1_F': 0.0, 'Recall_S': 0.20418848167539266, 'Recall_F': 0.0, 'best_epoch': 4}, {'seed': 43, 'Macro_F1': 0.44450343966577105, 'Rare_Macro_SF': 0.2294279176201373, 'Min_Rare_F1': 0.13043478260869565, 'F1_N': 0.6219512195121951, 'F1_S': 0.32842105263157895, 'F1_V': 0.6972067039106146, 'F1_F': 0.13043478260869565, 'Recall_S': 0.20418848167539266, 'Recall_F': 0.16666666666666666, 'best_epoch': 3}, {'seed': 44, 'Macro_F1': 0.3634313862628904, 'Rare_Macro_SF': 0.0988235294117647, 'Min_Rare_F1': 0.0, 'F1_N': 0.614963503649635, 'F1_S': 0.1976470588235294, 'F1_V': 0.6411149825783972, 'F1_F': 0.0, 'Recall_S': 0.1099476439790576, 'Recall_F': 0.0, 'best_epoch': 2}]",89.23961567878723,69.24690127372742,3,COMPLETE
71,0.16366698050055223,0.43761132188156227,2026-08-10 12:56:32.125632,2026-08-10 12:58:12.728290,0 days 00:01:40.602658,1,mexh,128x160,sqrt,96,6.0,32,logarithmic,0.3016304347826087,0.6476441037395649,0.025703526218495764,0.7754672227855798,0.35185185185185186,0.013089005235602094,9.0,"{'method': 'CWT', 'image_size': [128, 160], 'norm_type': 'sqrt', 'clip_pct': 1, 'wavelet': 'mexh', 'scale_min': 6.0, 'scale_max': 38.0, 'scale_type': 'logarithmic', 'num_scales': 96}",0.43761132188156227,0.023082909075945676,0.025703526218495764,0.015252144063863991,20.89286994934082,0.16366698050055223,0.047266138412770727,"[{'seed': 42, 'Macro_F1': 0.4534715193308323, 'Rare_Macro_SF': 0.20796035805626598, 'Min_Rare_F1': 0.04092071611253197, 'F1_N': 0.6348884381338742, 'F1_S': 0.04092071611253197, 'F1_V': 0.7630769230769231, 'F1_F': 0.375, 'Recall_S': 0.020942408376963352, 'Recall_F': 0.5, 'best_epoch': 9}, {'seed': 43, 'Macro_F1': 0.41112963847903516, 'Rare_Macro_SF': 0.11390398550724637, 'Min_Rare_F1': 0.010416666666666666, 'F1_N': 0.6362735381565907, 'F1_S': 0.010416666666666666, 'F1_V': 0.7804370447450573, 'F1_F': 0.21739130434782608, 'Recall_S': 0.005235602094240838, 'Recall_F': 0.2777777777777778, 'best_epoch': 9}, {'seed': 44, 'Macro_F1': 0.44823280783481945, 'Rare_Macro_SF': 0.16913659793814434, 'Min_Rare_F1': 0.02577319587628866, 'F1_N': 0.6717703349282297, 'F1_S': 0.02577319587628866, 'F1_V': 0.7828877005347593, 'F1_F': 0.3125, 'Recall_S': 0.013089005235602094, 'Recall_F': 0.2777777777777778, 'best_epoch': 9}]",100.30780076980591,79.29612612724304,3,COMPLETE
91,0.15913557749244528,0.37884891159403683,2026-08-10 13:33:09.225647,2026-08-10 13:34:43.124918,0 days 00:01:33.899271,4,gaus8,160x192,sqrt,48,4.0,16,linear,0.0,0.570305942821764,0.31827115498489056,0.6268185485694929,0.0,0.19458987783595114,5.0,"{'method': 'CWT', 'image_size': [160, 192], 'norm_type': 'sqrt', 'clip_pct': 4, 'wavelet': 'gaus8', 'scale_min': 4.0, 'scale_max': 20.0, 'scale_type': 'linear', 'num_scales': 48}",0.37884891159403683,0.009516990625882304,0.0,0.0,14.007357597351074,0.15913557749244528,0.0202119251867496,"[{'seed': 42, 'Macro_F1': 0.3738885240366111, 'Rare_Macro_SF': 0.14444444444444443, 'Min_Rare_F1': 0.0, 'F1_N': 0.5737538148524923, 'F1_S': 0.28888888888888886, 'F1_V': 0.6329113924050633, 'F1_F': 0.0, 'Recall_S': 0.17015706806282724, 'Recall_F': 0.0, 'best_epoch': 5}, {'seed': 43, 'Macro_F1': 0.37283681315961703, 'Rare_Macro_SF': 0.15077605321507762, 'Min_Rare_F1': 0.0, 'F1_N': 0.5993189557321226, 'F1_S': 0.30155210643015523, 'F1_V': 0.5904761904761905, 'F1_F': 0.0, 'Recall_S': 0.17801047120418848, 'Recall_F': 0.0, 'best_epoch': 5}, {'seed': 44, 'Macro_F1': 0.38982139758588236, 'Rare_Macro_SF': 0.18218623481781376, 'Min_Rare_F1': 0.0, 'F1_N': 0.5378450578806767, 'F1_S': 0.3643724696356275, 'F1_V': 0.6570680628272252, 'F1_F': 0.0, 'Recall_S': 0.2356020942408377, 'Recall_F': 0.0, 'best_epoch': 2}]",93.59388780593872,79.45870161056519,5,COMPLETE
16,0.15724338812220287,0.4071747932755712,2026-08-10 11:13:48.057999,2026-08-10 11:15:02.854994,0 days 00:01:14.796995,1,gaus8,160x160,linear,64,1.0,128,logarithmic,0.06060606060606061,0.6217106322672078,0.25388071563834513,0.6925017645906713,0.05555555555555555,0.14921465968586387,3.0,"{'method': 'CWT', 'image_size': [160, 160], 'norm_type': 'linear', 'clip_pct': 1, 'wavelet': 'gaus8', 'scale_min': 1.0, 'scale_max': 129.0, 'scale_type': 'logarithmic', 'num_scales': 64}",0.4071747932755712,0.02575686481679897,0.06060606060606061,0.10497277621629561,16.8985755443573,0.15724338812220287,0.06498741332597807,"[{'seed': 42, 'Macro_F1': 0.3970256065228185, 'Rare_Macro_SF': 0.09905660377358491, 'Min_Rare_F1': 0.0, 'F1_N': 0.6265822784810127, 'F1_S': 0.19811320754716982, 'F1_V': 0.7634069400630915, 'F1_F': 0.0, 'Recall_S': 0.1099476439790576, 'Recall_F': 0.0, 'best_epoch': 4}, {'seed': 43, 'Macro_F1': 0.4364601609349846, 'Rare_Macro_SF': 0.2273744152938784, 'Min_Rare_F1': 0.18181818181818182, 'F1_N': 0.6259541984732825, 'F1_S': 0.27293064876957496, 'F1_V': 0.6651376146788991, 'F1_F': 0.18181818181818182, 'Recall_S': 0.15968586387434555, 'Recall_F': 0.16666666666666666, 'best_epoch': 3}, {'seed': 44, 'Macro_F1': 0.38803861236891046, 'Rare_Macro_SF': 0.1452991452991453, 'Min_Rare_F1': 0.0, 'F1_N': 0.6125954198473282, 'F1_S': 0.2905982905982906, 'F1_V': 0.648960739030023, 'F1_F': 0.0, 'Recall_S': 0.17801047120418848, 'Recall_F': 0.0, 'best_epoch': 2}]",74.5084285736084,57.48935317993164,0,COMPLETE
82,0.15623708088214824,0.3645148861862835,2026-08-10 13:18:01.925137,2026-08-10 13:19:44.308609,0 days 00:01:42.383472,1,gaus8,160x192,linear,48,4.0,16,logarithmic,0.0,0.5665724482383858,0.3124741617642965,0.579012934742452,0.0,0.18848167539267013,6.0,"{'method': 'CWT', 'image_size': [160, 192], 'norm_type': 'linear', 'clip_pct': 1, 'wavelet': 'gaus8', 'scale_min': 4.0, 'scale_max': 20.0, 'scale_type': 'logarithmic', 'num_scales': 48}",0.3645148861862835,0.008798595339140933,0.0,0.0,13.176345109939575,0.15623708088214824,0.007987882486186378,"[{'seed': 42, 'Macro_F1': 0.36421226803059764, 'Rare_Macro_SF': 0.14855875831485588, 'Min_Rare_F1': 0.0, 'F1_N': 0.6018957345971564, 'F1_S': 0.29711751662971175, 'F1_V': 0.5578358208955224, 'F1_F': 0.0, 'Recall_S': 0.17539267015706805, 'Recall_F': 0.0, 'best_epoch': 6}, {'seed': 43, 'Macro_F1': 0.3734608866533021, 'Rare_Macro_SF': 0.1645021645021645, 'Min_Rare_F1': 0.0, 'F1_N': 0.5973715651135006, 'F1_S': 0.329004329004329, 'F1_V': 0.5674676524953789, 'F1_F': 0.0, 'Recall_S': 0.19895287958115182, 'Recall_F': 0.0, 'best_epoch': 7}, {'seed': 44, 'Macro_F1': 0.3558715038749509, 'Rare_Macro_SF': 0.15565031982942432, 'Min_Rare_F1': 0.0, 'F1_N': 0.5004500450045004, 'F1_S': 0.31130063965884863, 'F1_V': 0.6117353308364545, 'F1_F': 0.0, 'Recall_S': 0.19109947643979058, 'Recall_F': 0.0, 'best_epoch': 2}]",102.07719469070435,88.77064156532288,4,COMPLETE
70,0.15604043723597574,0.3991036164074429,2026-08-10 12:54:25.178505,2026-08-10 12:56:31.922865,0 days 00:02:06.744360,2,gaus8,192x224,sqrt,48,1.0,32,logarithmic,0.0,0.5886186356567781,0.3120808744719515,0.6957149555010423,0.0,0.18673647469458987,5.0,"{'method': 'CWT', 'image_size': [192, 224], 'norm_type': 'sqrt', 'clip_pct': 2, 'wavelet': 'gaus8', 'scale_min': 1.0, 'scale_max': 33.0, 'scale_type': 'logarithmic', 'num_scales': 48}",0.3991036164074429,0.0067272770258974286,0.0,0.0,13.99146556854248,0.15604043723597574,0.0075224926852612,"[{'seed': 42, 'Macro_F1': 0.40614429356757875, 'Rare_Macro_SF': 0.15350877192982457, 'Min_Rare_F1': 0.0, 'F1_N': 0.6098964326812428, 'F1_S': 0.30701754385964913, 'F1_V': 0.7076631977294229, 'F1_F': 0.0, 'Recall_S': 0.18324607329842932, 'Recall_F': 0.0, 'best_epoch': 2}, {'seed': 43, 'Macro_F1': 0.39842544337994656, 'Rare_Macro_SF': 0.15011037527593818, 'Min_Rare_F1': 0.0, 'F1_N': 0.6020524515393386, 'F1_S': 0.30022075055187636, 'F1_V': 0.6914285714285714, 'F1_F': 0.0, 'Recall_S': 0.17801047120418848, 'Recall_F': 0.0, 'best_epoch': 5}, {'seed': 44, 'Macro_F1': 0.39274111227480357, 'Rare_Macro_SF': 0.1645021645021645, 'Min_Rare_F1': 0.0, 'F1_N': 0.5539070227497527, 'F1_S': 0.329004329004329, 'F1_V': 0.6880530973451328, 'F1_F': 0.0, 'Recall_S': 0.19895287958115182, 'Recall_F': 0.0, 'best_epoch': 6}]",126.44260931015015,112.33307647705078,3,COMPLETE
66,0.15501060800091745,0.3667075108902975,2026-08-10 12:45:44.643288,2026-08-10 12:49:09.677904,0 days 00:03:25.034616,1,gaus8,224x256,sqrt,80,6.0,16,logarithmic,0.0,0.5846236429121161,0.3100212160018349,0.5721851846472393,0.0,0.1849912739965096,7.0,"{'method': 'CWT', 'image_size': [224, 256], 'norm_type': 'sqrt', 'clip_pct': 1, 'wavelet': 'gaus8', 'scale_min': 6.0, 'scale_max': 22.0, 'scale_type': 'logarithmic', 'num_scales': 80}",0.3667075108902975,0.006453385059259851,0.0,0.0,19.397101163864136,0.15501060800091745,0.00791223347175904,"[{'seed': 42, 'Macro_F1': 0.3694979624222076, 'Rare_Macro_SF': 0.1504424778761062, 'Min_Rare_F1': 0.0, 'F1_N': 0.5949214026602176, 'F1_S': 0.3008849557522124, 'F1_V': 0.5821854912764004, 'F1_F': 0.0, 'Recall_S': 0.17801047120418848, 'Recall_F': 0.0, 'best_epoch': 4}, {'seed': 43, 'Macro_F1': 0.3593284557560263, 'Rare_Macro_SF': 0.1504424778761062, 'Min_Rare_F1': 0.0, 'F1_N': 0.575796178343949, 'F1_S': 0.3008849557522124, 'F1_V': 0.5606326889279437, 'F1_F': 0.0, 'Recall_S': 0.17801047120418848, 'Recall_F': 0.0, 'best_epoch': 7}, {'seed': 44, 'Macro_F1': 0.37129611449265876, 'Rare_Macro_SF': 0.16414686825053995, 'Min_Rare_F1': 0.0, 'F1_N': 0.5831533477321814, 'F1_S': 0.3282937365010799, 'F1_V': 0.5737373737373738, 'F1_F': 0.0, 'Recall_S': 0.19895287958115182, 'Recall_F': 0.0, 'best_epoch': 8}]",204.73419713974,185.21951866149902,3,COMPLETE
24,0.15188286476750168,0.3776570976208924,2026-08-10 11:29:19.886195,2026-08-10 11:31:13.686098,0 days 00:01:53.799903,2,morl,192x224,linear,48,4.0,32,logarithmic,0.003472222222222222,0.5260819324235485,0.3002935073127812,0.6807807285250177,0.018518518518518517,0.18324607329842932,3.0,"{'method': 'CWT', 'image_size': [192, 224], 'norm_type': 'linear', 'clip_pct': 2, 'wavelet': 'morl', 'scale_min': 4.0, 'scale_max': 36.0, 'scale_type': 'logarithmic', 'num_scales': 48}",0.3776570976208924,0.022245528184427685,0.003472222222222222,0.006014065304058602,14.242724180221558,0.15188286476750168,0.013168396097762594,"[{'seed': 42, 'Macro_F1': 0.3765841659274813, 'Rare_Macro_SF': 0.14298611111111112, 'Min_Rare_F1': 0.010416666666666666, 'F1_N': 0.5674518201284796, 'F1_S': 0.27555555555555555, 'F1_V': 0.6529126213592233, 'F1_F': 0.010416666666666666, 'Recall_S': 0.16230366492146597, 'Recall_F': 0.05555555555555555, 'best_epoch': 3}, {'seed': 43, 'Macro_F1': 0.35596744960596843, 'Rare_Macro_SF': 0.14565217391304347, 'Min_Rare_F1': 0.0, 'F1_N': 0.4673157162726008, 'F1_S': 0.29130434782608694, 'F1_V': 0.665249734325186, 'F1_F': 0.0, 'Recall_S': 0.17539267015706805, 'Recall_F': 0.0, 'best_epoch': 5}, {'seed': 44, 'Macro_F1': 0.40041967732922756, 'Rare_Macro_SF': 0.1670103092783505, 'Min_Rare_F1': 0.0, 'F1_N': 0.5434782608695652, 'F1_S': 0.334020618556701, 'F1_V': 0.724179829890644, 'F1_F': 0.0, 'Recall_S': 0.21204188481675393, 'Recall_F': 0.0, 'best_epoch': 2}]",113.50297832489014,99.13784527778625,1,COMPLETE
47,0.1510946043470912,0.4349562057281633,2026-08-10 12:10:21.595505,2026-08-10 12:11:51.949239,0 days 00:01:30.353734,4,mexh,128x160,sqrt,96,6.0,32,logarithmic,0.28496221974482844,0.6553566156691403,0.017226988949353986,0.7822789985493303,0.25925925925925924,0.008726003490401396,6.0,"{'method': 'CWT', 'image_size': [128, 160], 'norm_type': 'sqrt', 'clip_pct': 4, 'wavelet': 'mexh', 'scale_min': 6.0, 'scale_max': 38.0, 'scale_type': 'logarithmic', 'num_scales': 96}",0.4349562057281633,0.031447022386294404,0.017226988949353986,0.007789652671119699,21.328192472457886,0.1510946043470912,0.051001814685725566,"[{'seed': 42, 'Macro_F1': 0.43456758147179225, 'Rare_Macro_SF': 0.13822699040090344, 'Min_Rare_F1': 0.015584415584415584, 'F1_N': 0.6660268714011516, 'F1_S': 0.015584415584415584, 'F1_V': 0.7957894736842105, 'F1_F': 0.2608695652173913, 'Recall_S': 0.007853403141361256, 'Recall_F': 0.16666666666666666, 'best_epoch': 8}, {'seed': 43, 'Macro_F1': 0.4037052965126435, 'Rare_Macro_SF': 0.10775890775890776, 'Min_Rare_F1': 0.01038961038961039, 'F1_N': 0.6272991287512101, 'F1_S': 0.01038961038961039, 'F1_V': 0.7720042417815483, 'F1_F': 0.20512820512820512, 'Recall_S': 0.005235602094240838, 'Recall_F': 0.2222222222222222, 'best_epoch': 5}, {'seed': 44, 'Macro_F1': 0.46659573920005415, 'Rare_Macro_SF': 0.20729791488146243, 'Min_Rare_F1': 0.02570694087403599, 'F1_N': 0.6727438468550593, 'F1_S': 0.02570694087403599, 'F1_V': 0.7790432801822323, 'F1_F': 0.3888888888888889, 'Recall_S': 0.013089005235602094, 'Recall_F': 0.3888888888888889, 'best_epoch': 6}]",90.05309414863586,68.60553550720215,2,COMPLETE
73,0.1510946043470912,0.4349562057281633,2026-08-10 12:59:55.039870,2026-08-10 13:01:25.010774,0 days 00:01:29.970904,4,mexh,128x160,sqrt,96,6.0,32,logarithmic,0.28496221974482844,0.6553566156691403,0.017226988949353986,0.7822789985493303,0.25925925925925924,0.008726003490401396,6.0,"{'method': 'CWT', 'image_size': [128, 160], 'norm_type': 'sqrt', 'clip_pct': 4, 'wavelet': 'mexh', 'scale_min': 6.0, 'scale_max': 38.0, 'scale_type': 'logarithmic', 'num_scales': 96}",0.4349562057281633,0.031447022386294404,0.017226988949353986,0.007789652671119699,21.04989981651306,0.1510946043470912,0.051001814685725566,"[{'seed': 42, 'Macro_F1': 0.43456758147179225, 'Rare_Macro_SF': 0.13822699040090344, 'Min_Rare_F1': 0.015584415584415584, 'F1_N': 0.6660268714011516, 'F1_S': 0.015584415584415584, 'F1_V': 0.7957894736842105, 'F1_F': 0.2608695652173913, 'Recall_S': 0.007853403141361256, 'Recall_F': 0.16666666666666666, 'best_epoch': 8}, {'seed': 43, 'Macro_F1': 0.4037052965126435, 'Rare_Macro_SF': 0.10775890775890776, 'Min_Rare_F1': 0.01038961038961039, 'F1_N': 0.6272991287512101, 'F1_S': 0.01038961038961039, 'F1_V': 0.7720042417815483, 'F1_F': 0.20512820512820512, 'Recall_S': 0.005235602094240838, 'Recall_F': 0.2222222222222222, 'best_epoch': 5}, {'seed': 44, 'Macro_F1': 0.46659573920005415, 'Rare_Macro_SF': 0.20729791488146243, 'Min_Rare_F1': 0.02570694087403599, 'F1_N': 0.6727438468550593, 'F1_S': 0.02570694087403599, 'F1_V': 0.7790432801822323, 'F1_F': 0.3888888888888889, 'Recall_S': 0.013089005235602094, 'Recall_F': 0.3888888888888889, 'best_epoch': 6}]",89.67799401283264,68.51284766197205,4,COMPLETE
39,0.1505142780230355,0.40617685933704295,2026-08-10 11:55:25.314269,2026-08-10 11:56:31.842638,0 days 00:01:06.528369,2,gaus8,128x160,linear,80,2.0,128,logarithmic,0.07912457912457913,0.628930717161554,0.22190397692149186,0.6947481641405467,0.0925925925925926,0.1273996509598604,3.0,"{'method': 'CWT', 'image_size': [128, 160], 'norm_type': 'linear', 'clip_pct': 2, 'wavelet': 'gaus8', 'scale_min': 2.0, 'scale_max': 130.0, 'scale_type': 'logarithmic', 'num_scales': 80}",0.40617685933704295,0.036352831115437516,0.07912457912457913,0.09317235085536507,19.603639841079712,0.1505142780230355,0.04851446604977715,"[{'seed': 42, 'Macro_F1': 0.4328409651048793, 'Rare_Macro_SF': 0.17342995169082126, 'Min_Rare_F1': 0.05555555555555555, 'F1_N': 0.6495901639344263, 'F1_S': 0.29130434782608694, 'F1_V': 0.7349137931034483, 'F1_F': 0.05555555555555555, 'Recall_S': 0.17539267015706805, 'Recall_F': 0.05555555555555555, 'best_epoch': 4}, {'seed': 43, 'Macro_F1': 0.4209214413620442, 'Rare_Macro_SF': 0.1833261525204653, 'Min_Rare_F1': 0.18181818181818182, 'F1_N': 0.6198267564966313, 'F1_S': 0.1848341232227488, 'F1_V': 0.6972067039106146, 'F1_F': 0.18181818181818182, 'Recall_S': 0.10209424083769633, 'Recall_F': 0.2222222222222222, 'best_epoch': 3}, {'seed': 44, 'Macro_F1': 0.36476817154420543, 'Rare_Macro_SF': 0.0947867298578199, 'Min_Rare_F1': 0.0, 'F1_N': 0.6173752310536045, 'F1_S': 0.1895734597156398, 'F1_V': 0.6521239954075775, 'F1_F': 0.0, 'Recall_S': 0.10471204188481675, 'Recall_F': 0.0, 'best_epoch': 2}]",66.23487162590027,46.50706100463867,2,COMPLETE
69,0.1493627672458803,0.3624551964867082,2026-08-10 12:53:20.777527,2026-08-10 12:54:24.976943,0 days 00:01:04.199416,2,gaus8,128x128,linear,80,4.0,16,logarithmic,0.0,0.5133633432402939,0.2987255344917606,0.6377319082147784,0.0,0.18673647469458987,2.0,"{'method': 'CWT', 'image_size': [128, 128], 'norm_type': 'linear', 'clip_pct': 2, 'wavelet': 'gaus8', 'scale_min': 4.0, 'scale_max': 20.0, 'scale_type': 'logarithmic', 'num_scales': 80}",0.3624551964867082,0.021429109810723403,0.0,0.0,16.000815629959106,0.1493627672458803,0.04414771135871197,"[{'seed': 42, 'Macro_F1': 0.33807641177343356, 'Rare_Macro_SF': 0.09859154929577464, 'Min_Rare_F1': 0.0, 'F1_N': 0.5346534653465347, 'F1_S': 0.19718309859154928, 'F1_V': 0.6204690831556503, 'F1_F': 0.0, 'Recall_S': 0.1099476439790576, 'Recall_F': 0.0, 'best_epoch': 2}, {'seed': 43, 'Macro_F1': 0.37831376984295517, 'Rare_Macro_SF': 0.17078189300411523, 'Min_Rare_F1': 0.0, 'F1_N': 0.5058717253839206, 'F1_S': 0.34156378600823045, 'F1_V': 0.6658195679796697, 'F1_F': 0.0, 'Recall_S': 0.21727748691099477, 'Recall_F': 0.0, 'best_epoch': 4}, {'seed': 44, 'Macro_F1': 0.37097540784373595, 'Rare_Macro_SF': 0.178714859437751, 'Min_Rare_F1': 0.0, 'F1_N': 0.4995648389904265, 'F1_S': 0.357429718875502, 'F1_V': 0.6269070735090153, 'F1_F': 0.0, 'Recall_S': 0.23298429319371727, 'Recall_F': 0.0, 'best_epoch': 2}]",63.91133904457092,47.78544354438782,3,COMPLETE
18,0.1487265790595468,0.42153168444793027,2026-08-10 11:16:12.171646,2026-08-10 11:17:47.640158,0 days 00:01:35.468512,4,mexh,128x160,sqrt,128,6.0,32,logarithmic,0.2888618627749063,0.6228930208548459,0.008591295344187374,0.7657805588177816,0.3333333333333333,0.004363001745200698,6.0,"{'method': 'CWT', 'image_size': [128, 160], 'norm_type': 'sqrt', 'clip_pct': 4, 'wavelet': 'mexh', 'scale_min': 6.0, 'scale_max': 38.0, 'scale_type': 'logarithmic', 'num_scales': 128}",0.42153168444793027,0.014515103738332312,0.008591295344187374,0.01069199763521066,26.709768056869507,0.1487265790595468,0.009685650018031329,"[{'seed': 42, 'Macro_F1': 0.4359821203720155, 'Rare_Macro_SF': 0.15384615384615385, 'Min_Rare_F1': 0.0, 'F1_N': 0.6547507055503292, 'F1_S': 0.0, 'F1_V': 0.7814854682454252, 'F1_F': 0.3076923076923077, 'Recall_S': 0.0, 'Recall_F': 0.2222222222222222, 'best_epoch': 8}, {'seed': 43, 'Macro_F1': 0.4069527658707226, 'Rare_Macro_SF': 0.15477807971014493, 'Min_Rare_F1': 0.005208333333333333, 'F1_N': 0.5789473684210527, 'F1_S': 0.005208333333333333, 'F1_V': 0.7393075356415478, 'F1_F': 0.30434782608695654, 'Recall_S': 0.002617801047120419, 'Recall_F': 0.3888888888888889, 'best_epoch': 5}, {'seed': 44, 'Macro_F1': 0.4216601671010527, 'Rare_Macro_SF': 0.13755550362234165, 'Min_Rare_F1': 0.02056555269922879, 'F1_N': 0.6349809885931559, 'F1_S': 0.02056555269922879, 'F1_V': 0.7765486725663717, 'F1_F': 0.2545454545454545, 'Recall_S': 0.010471204188481676, 'Recall_F': 0.3888888888888889, 'best_epoch': 6}]",95.17168116569519,68.35005950927734,1,COMPLETE
76,0.1487265790595468,0.42153168444793027,2026-08-10 13:05:50.414339,2026-08-10 13:07:25.751724,0 days 00:01:35.337385,4,mexh,128x160,sqrt,128,6.0,32,logarithmic,0.2888618627749063,0.6228930208548459,0.008591295344187374,0.7657805588177816,0.3333333333333333,0.004363001745200698,6.0,"{'method': 'CWT', 'image_size': [128, 160], 'norm_type': 'sqrt', 'clip_pct': 4, 'wavelet': 'mexh', 'scale_min': 6.0, 'scale_max': 38.0, 'scale_type': 'logarithmic', 'num_scales': 128}",0.42153168444793027,0.014515103738332312,0.008591295344187374,0.01069199763521066,26.362495183944702,0.1487265790595468,0.009685650018031329,"[{'seed': 42, 'Macro_F1': 0.4359821203720155, 'Rare_Macro_SF': 0.15384615384615385, 'Min_Rare_F1': 0.0, 'F1_N': 0.6547507055503292, 'F1_S': 0.0, 'F1_V': 0.7814854682454252, 'F1_F': 0.3076923076923077, 'Recall_S': 0.0, 'Recall_F': 0.2222222222222222, 'best_epoch': 8}, {'seed': 43, 'Macro_F1': 0.4069527658707226, 'Rare_Macro_SF': 0.15477807971014493, 'Min_Rare_F1': 0.005208333333333333, 'F1_N': 0.5789473684210527, 'F1_S': 0.005208333333333333, 'F1_V': 0.7393075356415478, 'F1_F': 0.30434782608695654, 'Recall_S': 0.002617801047120419, 'Recall_F': 0.3888888888888889, 'best_epoch': 5}, {'seed': 44, 'Macro_F1': 0.4216601671010527, 'Rare_Macro_SF': 0.13755550362234165, 'Min_Rare_F1': 0.02056555269922879, 'F1_N': 0.6349809885931559, 'F1_S': 0.02056555269922879, 'F1_V': 0.7765486725663717, 'F1_F': 0.2545454545454545, 'Recall_S': 0.010471204188481676, 'Recall_F': 0.3888888888888889, 'best_epoch': 6}]",95.04047870635986,68.5619866847992,4,COMPLETE
21,0.14852598345001525,0.3796899207048064,2026-08-10 11:22:16.673559,2026-08-10 11:25:47.237262,0 days 00:03:30.563703,2,gaus8,224x256,log1p,80,6.0,16,logarithmic,0.03508771929824561,0.5790794023839861,0.26196424760178494,0.642628313535209,0.018518518518518517,0.1518324607329843,9.0,"{'method': 'CWT', 'image_size': [224, 256], 'norm_type': 'log1p', 'clip_pct': 2, 'wavelet': 'gaus8', 'scale_min': 6.0, 'scale_max': 22.0, 'scale_type': 'logarithmic', 'num_scales': 80}",0.3796899207048064,0.015987294466592063,0.03508771929824561,0.0607737125462764,19.29398512840271,0.14852598345001525,0.020434732580871653,"[{'seed': 42, 'Macro_F1': 0.3741491401082052, 'Rare_Macro_SF': 0.16553480475382004, 'Min_Rare_F1': 0.10526315789473684, 'F1_N': 0.5518905872888173, 'F1_S': 0.22580645161290322, 'F1_V': 0.6136363636363636, 'F1_F': 0.10526315789473684, 'Recall_S': 0.12827225130890052, 'Recall_F': 0.05555555555555555, 'best_epoch': 4}, {'seed': 43, 'Macro_F1': 0.36721011765525824, 'Rare_Macro_SF': 0.12585812356979406, 'Min_Rare_F1': 0.0, 'F1_N': 0.5771971496437055, 'F1_S': 0.2517162471395881, 'F1_V': 0.6399270738377393, 'F1_F': 0.0, 'Recall_S': 0.14397905759162305, 'Recall_F': 0.0, 'best_epoch': 9}, {'seed': 44, 'Macro_F1': 0.3977105043509558, 'Rare_Macro_SF': 0.15418502202643172, 'Min_Rare_F1': 0.0, 'F1_N': 0.6081504702194357, 'F1_S': 0.30837004405286345, 'F1_V': 0.6743215031315241, 'F1_F': 0.0, 'Recall_S': 0.18324607329842932, 'Recall_F': 0.0, 'best_epoch': 9}]",210.26061296463013,190.84515237808228,1,COMPLETE
40,0.14749634611428258,0.35275635405233086,2026-08-10 11:56:32.039105,2026-08-10 11:58:43.021322,0 days 00:02:10.982217,2,cmor1.5-1.0,192x192,linear,64,4.0,32,logarithmic,0.011904761904761904,0.54376066571278,0.28308793032380325,0.5722720582679783,0.037037037037037035,0.17452006980802792,6.0,"{'method': 'CWT', 'image_size': [192, 192], 'norm_type': 'linear', 'clip_pct': 2, 'wavelet': 'cmor1.5-1.0', 'scale_min': 4.0, 'scale_max': 36.0, 'scale_type': 'logarithmic', 'num_scales': 64}",0.35275635405233086,0.02008260231241442,0.011904761904761904,0.020619652471058063,17.37380337715149,0.14749634611428258,0.02469226273229806,"[{'seed': 42, 'Macro_F1': 0.3298817953593119, 'Rare_Macro_SF': 0.1302424639580603, 'Min_Rare_F1': 0.03571428571428571, 'F1_N': 0.5070422535211268, 'F1_S': 0.22477064220183487, 'F1_V': 0.552, 'F1_F': 0.03571428571428571, 'Recall_S': 0.12827225130890052, 'Recall_F': 0.1111111111111111, 'best_epoch': 7}, {'seed': 43, 'Macro_F1': 0.3608956280792095, 'Rare_Macro_SF': 0.17578125, 'Min_Rare_F1': 0.0, 'F1_N': 0.5169712793733682, 'F1_S': 0.3515625, 'F1_V': 0.5750487329434698, 'F1_F': 0.0, 'Recall_S': 0.2356020942408377, 'Recall_F': 0.0, 'best_epoch': 6}, {'seed': 44, 'Macro_F1': 0.36749163871847135, 'Rare_Macro_SF': 0.13646532438478748, 'Min_Rare_F1': 0.0, 'F1_N': 0.6072684642438453, 'F1_S': 0.27293064876957496, 'F1_V': 0.5897674418604651, 'F1_F': 0.0, 'Recall_S': 0.15968586387434555, 'Recall_F': 0.0, 'best_epoch': 4}]",130.67886233329773,113.18605017662048,2,COMPLETE
13,0.14697795519950593,0.34836868425381756,2026-08-10 11:08:17.112318,2026-08-10 11:09:57.306418,0 days 00:01:40.194100,1,cmor1.5-1.0,192x192,log1p,64,4.0,32,logarithmic,0.023716153127917833,0.47309471834886,0.270239757271094,0.6264241082673982,0.037037037037037035,0.17102966841186737,3.0,"{'method': 'CWT', 'image_size': [192, 192], 'norm_type': 'log1p', 'clip_pct': 1, 'wavelet': 'cmor1.5-1.0', 'scale_min': 4.0, 'scale_max': 36.0, 'scale_type': 'logarithmic', 'num_scales': 64}",0.34836868425381756,0.0271571542229045,0.023716153127917833,0.02381007304249258,17.504361391067505,0.14697795519950593,0.04153874932876929,"[{'seed': 42, 'Macro_F1': 0.37685716683462567, 'Rare_Macro_SF': 0.13119207414509426, 'Min_Rare_F1': 0.047619047619047616, 'F1_N': 0.607940446650124, 'F1_S': 0.21476510067114093, 'F1_V': 0.63710407239819, 'F1_F': 0.047619047619047616, 'Recall_S': 0.1256544502617801, 'Recall_F': 0.05555555555555555, 'best_epoch': 3}, {'seed': 43, 'Macro_F1': 0.32277473831224024, 'Rare_Macro_SF': 0.19409553295002213, 'Min_Rare_F1': 0.023529411764705882, 'F1_N': 0.2956204379562044, 'F1_S': 0.36466165413533835, 'F1_V': 0.6072874493927125, 'F1_F': 0.023529411764705882, 'Recall_S': 0.25392670157068065, 'Recall_F': 0.05555555555555555, 'best_epoch': 4}, {'seed': 44, 'Macro_F1': 0.34547414761458667, 'Rare_Macro_SF': 0.11564625850340136, 'Min_Rare_F1': 0.0, 'F1_N': 0.5157232704402516, 'F1_S': 0.23129251700680273, 'F1_V': 0.6348808030112923, 'F1_F': 0.0, 'Recall_S': 0.13350785340314136, 'Recall_F': 0.0, 'best_epoch': 2}]",99.89339685440063,82.26443862915039,0,COMPLETE
77,0.1429116830539742,0.37429319957308343,2026-08-10 13:07:25.944467,2026-08-10 13:09:10.521144,0 days 00:01:44.576677,2,morl,192x192,linear,48,8.0,16,logarithmic,0.0,0.5602217094843486,0.2858233661079484,0.651127722700037,0.0,0.17277486910994763,4.0,"{'method': 'CWT', 'image_size': [192, 192], 'norm_type': 'linear', 'clip_pct': 2, 'wavelet': 'morl', 'scale_min': 8.0, 'scale_max': 24.0, 'scale_type': 'logarithmic', 'num_scales': 48}",0.37429319957308343,0.006515495551681966,0.0,0.0,13.763848304748535,0.1429116830539742,0.04227455551290331,"[{'seed': 42, 'Macro_F1': 0.3746660816050724, 'Rare_Macro_SF': 0.15384615384615385, 'Min_Rare_F1': 0.0, 'F1_N': 0.5695364238410596, 'F1_S': 0.3076923076923077, 'F1_V': 0.6214355948869223, 'F1_F': 0.0, 'Recall_S': 0.18324607329842932, 'Recall_F': 0.0, 'best_epoch': 4}, {'seed': 43, 'Macro_F1': 0.3806142466689992, 'Rare_Macro_SF': 0.17864476386036962, 'Min_Rare_F1': 0.0, 'F1_N': 0.5542725173210161, 'F1_S': 0.35728952772073924, 'F1_V': 0.6108949416342413, 'F1_F': 0.0, 'Recall_S': 0.22774869109947643, 'Recall_F': 0.0, 'best_epoch': 6}, {'seed': 44, 'Macro_F1': 0.3675992704451788, 'Rare_Macro_SF': 0.09624413145539906, 'Min_Rare_F1': 0.0, 'F1_N': 0.5568561872909699, 'F1_S': 0.19248826291079812, 'F1_V': 0.7210526315789474, 'F1_F': 0.0, 'Recall_S': 0.10732984293193717, 'Recall_F': 0.0, 'best_epoch': 1}]",104.27292943000793,90.3876576423645,4,COMPLETE
15,0.13903460901796127,0.3763815733234645,2026-08-10 11:12:19.660408,2026-08-10 11:13:47.858834,0 days 00:01:28.198426,4,morl,128x128,sqrt,128,1.0,64,logarithmic,0.0196078431372549,0.5437671858153199,0.25846137489866766,0.6836898894426154,0.018518518518518517,0.156195462478185,5.0,"{'method': 'CWT', 'image_size': [128, 128], 'norm_type': 'sqrt', 'clip_pct': 4, 'wavelet': 'morl', 'scale_min': 1.0, 'scale_max': 65.0, 'scale_type': 'logarithmic', 'num_scales': 128}",0.3763815733234645,0.032243809195387066,0.0196078431372549,0.03396178054056622,23.879350662231445,0.13903460901796127,0.056871627020662896,"[{'seed': 42, 'Macro_F1': 0.3415221797118239, 'Rare_Macro_SF': 0.08353221957040573, 'Min_Rare_F1': 0.0, 'F1_N': 0.49395973154362416, 'F1_S': 0.16706443914081145, 'F1_V': 0.70506454816286, 'F1_F': 0.0, 'Recall_S': 0.09162303664921466, 'Recall_F': 0.0, 'best_epoch': 5}, {'seed': 43, 'Macro_F1': 0.3824851834617698, 'Rare_Macro_SF': 0.19718309859154928, 'Min_Rare_F1': 0.0, 'F1_N': 0.528, 'F1_S': 0.39436619718309857, 'F1_V': 0.6075745366639806, 'F1_F': 0.0, 'Recall_S': 0.25654450261780104, 'Recall_F': 0.0, 'best_epoch': 8}, {'seed': 44, 'Macro_F1': 0.4051373567967998, 'Rare_Macro_SF': 0.13638850889192886, 'Min_Rare_F1': 0.058823529411764705, 'F1_N': 0.6093418259023354, 'F1_S': 0.21395348837209302, 'F1_V': 0.738430583501006, 'F1_F': 0.058823529411764705, 'Recall_S': 0.12041884816753927, 'Recall_F': 0.05555555555555555, 'best_epoch': 2}]",87.90403461456299,63.90086054801941,0,COMPLETE
51,0.13815617059911278,0.41568049633231546,2026-08-10 12:17:33.324416,2026-08-10 12:20:45.363284,0 days 00:03:12.038868,2,morl,224x224,linear,128,8.0,128,linear,0.26601601601601604,0.6359484557577509,0.01029632518220954,0.7504611883732855,0.2777777777777778,0.005235602094240837,5.0,"{'method': 'CWT', 'image_size': [224, 224], 'norm_type': 'linear', 'clip_pct': 2, 'wavelet': 'morl', 'scale_min': 8.0, 'scale_max': 136.0, 'scale_type': 'linear', 'num_scales': 128}",0.41568049633231546,0.01135738472204944,0.01029632518220954,0.00889353410909785,46.327556133270264,0.13815617059911278,0.003130975835183684,"[{'seed': 42, 'Macro_F1': 0.40261956859834536, 'Rare_Macro_SF': 0.1352827763496144, 'Min_Rare_F1': 0.02056555269922879, 'F1_N': 0.6172607879924953, 'F1_S': 0.02056555269922879, 'F1_V': 0.7226519337016575, 'F1_F': 0.25, 'Recall_S': 0.010471204188481676, 'Recall_F': 0.2777777777777778, 'best_epoch': 5}, {'seed': 43, 'Macro_F1': 0.42118660051117807, 'Rare_Macro_SF': 0.13769267989216838, 'Min_Rare_F1': 0.005115089514066497, 'F1_N': 0.6460348162475822, 'F1_S': 0.005115089514066497, 'F1_V': 0.7633262260127932, 'F1_F': 0.2702702702702703, 'Recall_S': 0.002617801047120419, 'Recall_F': 0.2777777777777778, 'best_epoch': 4}, {'seed': 44, 'Macro_F1': 0.4232353198874229, 'Rare_Macro_SF': 0.14149305555555555, 'Min_Rare_F1': 0.005208333333333333, 'F1_N': 0.6445497630331753, 'F1_S': 0.005208333333333333, 'F1_V': 0.7654054054054054, 'F1_F': 0.2777777777777778, 'Recall_S': 0.002617801047120419, 'Recall_F': 0.2777777777777778, 'best_epoch': 7}]",191.73301911354065,145.27806091308594,2,COMPLETE
60,0.13815617059911278,0.41568049633231546,2026-08-10 12:34:33.937953,2026-08-10 12:37:44.540002,0 days 00:03:10.602049,2,morl,224x224,linear,128,8.0,128,linear,0.26601601601601604,0.6359484557577509,0.01029632518220954,0.7504611883732855,0.2777777777777778,0.005235602094240837,5.0,"{'method': 'CWT', 'image_size': [224, 224], 'norm_type': 'linear', 'clip_pct': 2, 'wavelet': 'morl', 'scale_min': 8.0, 'scale_max': 136.0, 'scale_type': 'linear', 'num_scales': 128}",0.41568049633231546,0.01135738472204944,0.01029632518220954,0.00889353410909785,44.95433831214905,0.13815617059911278,0.003130975835183684,"[{'seed': 42, 'Macro_F1': 0.40261956859834536, 'Rare_Macro_SF': 0.1352827763496144, 'Min_Rare_F1': 0.02056555269922879, 'F1_N': 0.6172607879924953, 'F1_S': 0.02056555269922879, 'F1_V': 0.7226519337016575, 'F1_F': 0.25, 'Recall_S': 0.010471204188481676, 'Recall_F': 0.2777777777777778, 'best_epoch': 5}, {'seed': 43, 'Macro_F1': 0.42118660051117807, 'Rare_Macro_SF': 0.13769267989216838, 'Min_Rare_F1': 0.005115089514066497, 'F1_N': 0.6460348162475822, 'F1_S': 0.005115089514066497, 'F1_V': 0.7633262260127932, 'F1_F': 0.2702702702702703, 'Recall_S': 0.002617801047120419, 'Recall_F': 0.2777777777777778, 'best_epoch': 4}, {'seed': 44, 'Macro_F1': 0.4232353198874229, 'Rare_Macro_SF': 0.14149305555555555, 'Min_Rare_F1': 0.005208333333333333, 'F1_N': 0.6445497630331753, 'F1_S': 0.005208333333333333, 'F1_V': 0.7654054054054054, 'F1_F': 0.2777777777777778, 'Recall_S': 0.002617801047120419, 'Recall_F': 0.2777777777777778, 'best_epoch': 7}]",190.31837701797485,145.24524855613708,3,COMPLETE
61,0.1375334113852747,0.3774810981769768,2026-08-10 12:37:44.749214,2026-08-10 12:39:29.273182,0 days 00:01:44.523968,2,cmor1.5-1.0,192x192,log1p,48,4.0,16,logarithmic,0.0,0.5143981401459241,0.2750668227705494,0.7204594297914338,0.0,0.2033158813263525,4.0,"{'method': 'CWT', 'image_size': [192, 192], 'norm_type': 'log1p', 'clip_pct': 2, 'wavelet': 'cmor1.5-1.0', 'scale_min': 4.0, 'scale_max': 20.0, 'scale_type': 'logarithmic', 'num_scales': 48}",0.3774810981769768,0.06623397509862668,0.0,0.0,13.940757036209106,0.1375334113852747,0.15185126050215,"[{'seed': 42, 'Macro_F1': 0.36271649856578214, 'Rare_Macro_SF': 0.11210762331838565, 'Min_Rare_F1': 0.0, 'F1_N': 0.4896810506566604, 'F1_S': 0.2242152466367713, 'F1_V': 0.7369696969696969, 'F1_F': 0.0, 'Recall_S': 0.13089005235602094, 'Recall_F': 0.0, 'best_epoch': 4}, {'seed': 43, 'Macro_F1': 0.3198753651910953, 'Rare_Macro_SF': 0.0, 'Min_Rare_F1': 0.0, 'F1_N': 0.5415335463258786, 'F1_S': 0.0, 'F1_V': 0.7379679144385026, 'F1_F': 0.0, 'Recall_S': 0.0, 'Recall_F': 0.0, 'best_epoch': 1}, {'seed': 44, 'Macro_F1': 0.449851430774053, 'Rare_Macro_SF': 0.30049261083743845, 'Min_Rare_F1': 0.0, 'F1_N': 0.5119798234552333, 'F1_S': 0.6009852216748769, 'F1_V': 0.6864406779661016, 'F1_F': 0.0, 'Recall_S': 0.4790575916230366, 'Recall_F': 0.0, 'best_epoch': 6}]",104.18448758125305,90.10169100761414,3,COMPLETE
26,0.13393675086350612,0.4004280268700367,2026-08-10 11:32:29.095716,2026-08-10 11:34:47.607555,0 days 00:02:18.511839,2,gaus8,224x224,linear,64,1.0,128,logarithmic,0.05333333333333334,0.6323099317112787,0.21454016839367893,0.7015286740418561,0.037037037037037035,0.12041884816753927,3.0,"{'method': 'CWT', 'image_size': [224, 224], 'norm_type': 'linear', 'clip_pct': 2, 'wavelet': 'gaus8', 'scale_min': 1.0, 'scale_max': 129.0, 'scale_type': 'logarithmic', 'num_scales': 64}",0.4004280268700367,0.02671341533461621,0.05333333333333334,0.09237604307034013,18.783419609069824,0.13393675086350612,0.05844746080073455,"[{'seed': 42, 'Macro_F1': 0.3846604549127015, 'Rare_Macro_SF': 0.0883054892601432, 'Min_Rare_F1': 0.0, 'F1_N': 0.6246246246246246, 'F1_S': 0.1766109785202864, 'F1_V': 0.737406216505895, 'F1_F': 0.0, 'Recall_S': 0.0968586387434555, 'Recall_F': 0.0, 'best_epoch': 6}, {'seed': 43, 'Macro_F1': 0.4312714364250481, 'Rare_Macro_SF': 0.19981566820276497, 'Min_Rare_F1': 0.16, 'F1_N': 0.6369668246445498, 'F1_S': 0.23963133640552994, 'F1_V': 0.6884875846501128, 'F1_F': 0.16, 'Recall_S': 0.13612565445026178, 'Recall_F': 0.1111111111111111, 'best_epoch': 3}, {'seed': 44, 'Macro_F1': 0.3853521892723606, 'Rare_Macro_SF': 0.1136890951276102, 'Min_Rare_F1': 0.0, 'F1_N': 0.6353383458646616, 'F1_S': 0.2273781902552204, 'F1_V': 0.6786922209695603, 'F1_F': 0.0, 'Recall_S': 0.12827225130890052, 'Recall_F': 0.0, 'best_epoch': 2}]",138.1928050518036,119.28460121154785,1,COMPLETE
43,0.13148790936141191,0.3809435708903641,2026-08-10 12:02:55.219755,2026-08-10 12:04:04.461133,0 days 00:01:09.241378,5,morl,128x128,log1p,80,1.0,64,logarithmic,0.0058997050147492625,0.5445827841175065,0.25707611370807454,0.7162156807211263,0.018518518518518517,0.15270506108202442,3.0,"{'method': 'CWT', 'image_size': [128, 128], 'norm_type': 'log1p', 'clip_pct': 5, 'wavelet': 'morl', 'scale_min': 1.0, 'scale_max': 65.0, 'scale_type': 'logarithmic', 'num_scales': 80}",0.3809435708903641,0.032314365754510646,0.0058997050147492625,0.010218588835214615,16.604244709014893,0.13148790936141191,0.026855646658708814,"[{'seed': 42, 'Macro_F1': 0.3538581223274198, 'Rare_Macro_SF': 0.11161731207289294, 'Min_Rare_F1': 0.0, 'F1_N': 0.5200517464424321, 'F1_S': 0.22323462414578588, 'F1_V': 0.6721461187214612, 'F1_F': 0.0, 'Recall_S': 0.12827225130890052, 'Recall_F': 0.0, 'best_epoch': 5}, {'seed': 43, 'Macro_F1': 0.3722601373566772, 'Rare_Macro_SF': 0.12080536912751678, 'Min_Rare_F1': 0.0, 'F1_N': 0.5277401894451962, 'F1_S': 0.24161073825503357, 'F1_V': 0.7196896217264791, 'F1_F': 0.0, 'Recall_S': 0.14136125654450263, 'Recall_F': 0.0, 'best_epoch': 3}, {'seed': 44, 'Macro_F1': 0.41671245298699555, 'Rare_Macro_SF': 0.16204104688382603, 'Min_Rare_F1': 0.017699115044247787, 'F1_N': 0.585956416464891, 'F1_S': 0.30638297872340425, 'F1_V': 0.756811301715439, 'F1_F': 0.017699115044247787, 'Recall_S': 0.18848167539267016, 'Recall_F': 0.05555555555555555, 'best_epoch': 2}]",68.94769477844238,52.21888470649719,2,COMPLETE
79,0.1313256422607889,0.3534411815966054,2026-08-10 13:12:09.011907,2026-08-10 13:13:35.888131,0 days 00:01:26.876224,1,cmor1.5-1.0,160x192,sqrt,80,6.0,32,logarithmic,0.030829459261071692,0.5515826729625576,0.23182182526050613,0.5995307689022863,0.0925925925925926,0.15008726003490402,2.0,"{'method': 'CWT', 'image_size': [160, 192], 'norm_type': 'sqrt', 'clip_pct': 1, 'wavelet': 'cmor1.5-1.0', 'scale_min': 6.0, 'scale_max': 38.0, 'scale_type': 'logarithmic', 'num_scales': 80}",0.3534411815966054,0.06929025934622025,0.030829459261071692,0.02989884095011525,20.07654094696045,0.1313256422607889,0.11375889461076141,"[{'seed': 42, 'Macro_F1': 0.3958247405048841, 'Rare_Macro_SF': 0.19448489261012014, 'Min_Rare_F1': 0.05970149253731343, 'F1_N': 0.5688311688311688, 'F1_S': 0.32926829268292684, 'F1_V': 0.6254980079681275, 'F1_F': 0.05970149253731343, 'Recall_S': 0.21204188481675393, 'Recall_F': 0.2222222222222222, 'best_epoch': 5}, {'seed': 43, 'Macro_F1': 0.2734798054876666, 'Rare_Macro_SF': 0.0, 'Min_Rare_F1': 0.0, 'F1_N': 0.5283720930232558, 'F1_S': 0.0, 'F1_V': 0.5655471289274107, 'F1_F': 0.0, 'Recall_S': 0.0, 'Recall_F': 0.0, 'best_epoch': 1}, {'seed': 44, 'Macro_F1': 0.39101899879726554, 'Rare_Macro_SF': 0.1994920341722466, 'Min_Rare_F1': 0.03278688524590164, 'F1_N': 0.5575447570332481, 'F1_S': 0.36619718309859156, 'F1_V': 0.6075471698113207, 'F1_F': 0.03278688524590164, 'Recall_S': 0.23821989528795812, 'Recall_F': 0.05555555555555555, 'best_epoch': 2}]",86.57734274864197,66.37802147865295,4,COMPLETE
55,0.1274402772637017,0.41421461282292565,2026-08-10 12:26:12.161106,2026-08-10 12:27:45.443024,0 days 00:01:33.281918,4,gaus8,160x160,linear,48,1.0,128,linear,0.2515262515262515,0.645448339129484,0.0033543030011518545,0.7565295576348156,0.20370370370370372,0.0017452006980802793,5.0,"{'method': 'CWT', 'image_size': [160, 160], 'norm_type': 'linear', 'clip_pct': 4, 'wavelet': 'gaus8', 'scale_min': 1.0, 'scale_max': 129.0, 'scale_type': 'linear', 'num_scales': 48}",0.41421461282292565,0.021032564774157485,0.0033543030011518545,0.0029049185052756883,18.573310136795044,0.1274402772637017,0.03543397451742594,"[{'seed': 42, 'Macro_F1': 0.4041709877082728, 'Rare_Macro_SF': 0.11790350707227282, 'Min_Rare_F1': 0.005037783375314861, 'F1_N': 0.6415094339622641, 'F1_S': 0.005037783375314861, 'F1_V': 0.7393675027262814, 'F1_F': 0.23076923076923078, 'Recall_S': 0.002617801047120419, 'Recall_F': 0.16666666666666666, 'best_epoch': 5}, {'seed': 43, 'Macro_F1': 0.4383861767336344, 'Rare_Macro_SF': 0.16666666666666666, 'Min_Rare_F1': 0.0, 'F1_N': 0.6447876447876448, 'F1_S': 0.0, 'F1_V': 0.7754237288135594, 'F1_F': 0.3333333333333333, 'Recall_S': 0.0, 'Recall_F': 0.3333333333333333, 'best_epoch': 4}, {'seed': 44, 'Macro_F1': 0.40008667402686987, 'Rare_Macro_SF': 0.09775065805216558, 'Min_Rare_F1': 0.005025125628140704, 'F1_N': 0.6500479386385427, 'F1_S': 0.005025125628140704, 'F1_V': 0.7547974413646056, 'F1_F': 0.19047619047619047, 'Recall_S': 0.002617801047120419, 'Recall_F': 0.1111111111111111, 'best_epoch': 6}]",92.9779303073883,74.28072786331177,3,COMPLETE
46,0.12671188572256922,0.3767561500656151,2026-08-10 12:08:21.241311,2026-08-10 12:10:21.389358,0 days 00:02:00.148047,2,morl,224x224,linear,64,1.0,32,logarithmic,0.014814814814814815,0.545500656570162,0.23860895663032364,0.7081001722471599,0.14814814814814814,0.13961605584642234,3.0,"{'method': 'CWT', 'image_size': [224, 224], 'norm_type': 'linear', 'clip_pct': 2, 'wavelet': 'morl', 'scale_min': 1.0, 'scale_max': 33.0, 'scale_type': 'logarithmic', 'num_scales': 64}",0.3767561500656151,0.048377088260363986,0.014814814814814815,0.02566001196398337,15.764304161071777,0.12671188572256922,0.04541621393414353,"[{'seed': 42, 'Macro_F1': 0.33121833404006407, 'Rare_Macro_SF': 0.08076009501187649, 'Min_Rare_F1': 0.0, 'F1_N': 0.5378151260504201, 'F1_S': 0.16152019002375298, 'F1_V': 0.6255380200860832, 'F1_F': 0.0, 'Recall_S': 0.08900523560209424, 'Recall_F': 0.0, 'best_epoch': 3}, {'seed': 43, 'Macro_F1': 0.4275442149584316, 'Rare_Macro_SF': 0.17157287157287157, 'Min_Rare_F1': 0.044444444444444446, 'F1_N': 0.5493910690121786, 'F1_S': 0.2987012987012987, 'F1_V': 0.8176400476758046, 'F1_F': 0.044444444444444446, 'Recall_S': 0.1806282722513089, 'Recall_F': 0.4444444444444444, 'best_epoch': 3}, {'seed': 44, 'Macro_F1': 0.3715059011983496, 'Rare_Macro_SF': 0.12780269058295965, 'Min_Rare_F1': 0.0, 'F1_N': 0.5492957746478874, 'F1_S': 0.2556053811659193, 'F1_V': 0.6811224489795918, 'F1_F': 0.0, 'Recall_S': 0.14921465968586387, 'Recall_F': 0.0, 'best_epoch': 2}]",119.84637117385864,103.9653308391571,2,COMPLETE
98,0.12271415268980697,0.35828892965012554,2026-08-10 13:43:57.325707,2026-08-10 13:45:15.961168,0 days 00:01:18.635461,1,gaus8,160x160,log1p,48,1.0,16,logarithmic,0.006289308176100628,0.5114737274220033,0.2391389972035133,0.6762536857988851,0.018518518518518517,0.15270506108202445,5.0,"{'method': 'CWT', 'image_size': [160, 160], 'norm_type': 'log1p', 'clip_pct': 1, 'wavelet': 'gaus8', 'scale_min': 1.0, 'scale_max': 17.0, 'scale_type': 'logarithmic', 'num_scales': 48}",0.35828892965012554,0.009967890396870228,0.006289308176100628,0.010893401305464637,12.284831047058105,0.12271415268980697,0.02640117904072658,"[{'seed': 42, 'Macro_F1': 0.3472046658611395, 'Rare_Macro_SF': 0.09752920035938904, 'Min_Rare_F1': 0.018867924528301886, 'F1_N': 0.5270935960591133, 'F1_S': 0.1761904761904762, 'F1_V': 0.6666666666666666, 'F1_F': 0.018867924528301886, 'Recall_S': 0.0968586387434555, 'Recall_F': 0.05555555555555555, 'best_epoch': 5}, {'seed': 43, 'Macro_F1': 0.36114532865467097, 'Rare_Macro_SF': 0.12043010752688173, 'Min_Rare_F1': 0.0, 'F1_N': 0.5280172413793104, 'F1_S': 0.24086021505376345, 'F1_V': 0.67570385818561, 'F1_F': 0.0, 'Recall_S': 0.14659685863874344, 'Recall_F': 0.0, 'best_epoch': 5}, {'seed': 44, 'Macro_F1': 0.3665167944345663, 'Rare_Macro_SF': 0.15018315018315018, 'Min_Rare_F1': 0.0, 'F1_N': 0.4793103448275862, 'F1_S': 0.30036630036630035, 'F1_V': 0.6863905325443787, 'F1_F': 0.0, 'Recall_S': 0.21465968586387435, 'Recall_F': 0.0, 'best_epoch': 2}]",78.32227730751038,65.9158411026001,5,COMPLETE
31,0.11880561008453532,0.3400936647134742,2026-08-10 11:40:57.932095,2026-08-10 11:42:11.185555,0 days 00:01:13.253460,1,cmor1.5-1.0,160x160,linear,64,1.0,32,logarithmic,0.0,0.5171795503594472,0.23761122016907063,0.6055838883253787,0.0,0.13787085514834205,2.0,"{'method': 'CWT', 'image_size': [160, 160], 'norm_type': 'linear', 'clip_pct': 1, 'wavelet': 'cmor1.5-1.0', 'scale_min': 1.0, 'scale_max': 33.0, 'scale_type': 'logarithmic', 'num_scales': 64}",0.3400936647134742,0.009771931469044768,0.0,0.0,15.276437520980835,0.11880561008453532,0.01880869686161515,"[{'seed': 42, 'Macro_F1': 0.35027029916685903, 'Rare_Macro_SF': 0.12415349887133183, 'Min_Rare_F1': 0.0, 'F1_N': 0.5768772348033373, 'F1_S': 0.24830699774266365, 'F1_V': 0.5758969641214351, 'F1_F': 0.0, 'Recall_S': 0.14397905759162305, 'Recall_F': 0.0, 'best_epoch': 5}, {'seed': 43, 'Macro_F1': 0.33078424241377746, 'Rare_Macro_SF': 0.1343612334801762, 'Min_Rare_F1': 0.0, 'F1_N': 0.4713375796178344, 'F1_S': 0.2687224669603524, 'F1_V': 0.583076923076923, 'F1_F': 0.0, 'Recall_S': 0.15968586387434555, 'Recall_F': 0.0, 'best_epoch': 2}, {'seed': 44, 'Macro_F1': 0.3392264525597859, 'Rare_Macro_SF': 0.0979020979020979, 'Min_Rare_F1': 0.0, 'F1_N': 0.50332383665717, 'F1_S': 0.1958041958041958, 'F1_V': 0.6577777777777778, 'F1_F': 0.0, 'Recall_S': 0.1099476439790576, 'Recall_F': 0.0, 'best_epoch': 2}]",72.9437985420227,57.542545557022095,1,COMPLETE
58,0.11607879522494159,0.37879243290085984,2026-08-10 12:31:54.312254,2026-08-10 12:33:03.997709,0 days 00:01:09.685455,4,gaus8,128x160,sqrt,64,4.0,32,logarithmic,0.0,0.5863591147125061,0.23215759044988318,0.6966530264410501,0.0,0.13263525305410123,4.0,"{'method': 'CWT', 'image_size': [128, 160], 'norm_type': 'sqrt', 'clip_pct': 4, 'wavelet': 'gaus8', 'scale_min': 4.0, 'scale_max': 36.0, 'scale_type': 'logarithmic', 'num_scales': 64}",0.37879243290085984,0.024205040779441713,0.0,0.0,15.76768970489502,0.11607879522494159,0.025443546560356974,"[{'seed': 42, 'Macro_F1': 0.40212669737814083, 'Rare_Macro_SF': 0.1447661469933185, 'Min_Rare_F1': 0.0, 'F1_N': 0.5908096280087527, 'F1_S': 0.289532293986637, 'F1_V': 0.7281648675171737, 'F1_F': 0.0, 'Recall_S': 0.17015706806282724, 'Recall_F': 0.0, 'best_epoch': 4}, {'seed': 43, 'Macro_F1': 0.35380170973812297, 'Rare_Macro_SF': 0.09624413145539906, 'Min_Rare_F1': 0.0, 'F1_N': 0.5824308062575211, 'F1_S': 0.19248826291079812, 'F1_V': 0.6402877697841727, 'F1_F': 0.0, 'Recall_S': 0.10732984293193717, 'Recall_F': 0.0, 'best_epoch': 6}, {'seed': 44, 'Macro_F1': 0.38044889158631573, 'Rare_Macro_SF': 0.10722610722610723, 'Min_Rare_F1': 0.0, 'F1_N': 0.5858369098712446, 'F1_S': 0.21445221445221446, 'F1_V': 0.7215064420218038, 'F1_F': 0.0, 'Recall_S': 0.12041884816753927, 'Recall_F': 0.0, 'best_epoch': 2}]",69.38590574264526,53.49674320220947,3,COMPLETE
75,0.11554800980946993,0.3550806514092641,2026-08-10 13:02:59.534330,2026-08-10 13:05:50.209316,0 days 00:02:50.674986,2,gaus8,224x256,linear,48,2.0,16,linear,0.0,0.5458956417934587,0.23109601961893986,0.6433309442246578,0.0,0.14223385689354276,6.0,"{'method': 'CWT', 'image_size': [224, 256], 'norm_type': 'linear', 'clip_pct': 2, 'wavelet': 'gaus8', 'scale_min': 2.0, 'scale_max': 18.0, 'scale_type': 'linear', 'num_scales': 48}",0.3550806514092641,0.04034439714679892,0.0,0.0,15.155027627944946,0.11554800980946993,0.1003656782237158,"[{'seed': 42, 'Macro_F1': 0.38558636697627885, 'Rare_Macro_SF': 0.18105263157894738, 'Min_Rare_F1': 0.0, 'F1_N': 0.5867287543655413, 'F1_S': 0.36210526315789476, 'F1_V': 0.5935114503816794, 'F1_F': 0.0, 'Recall_S': 0.225130890052356, 'Recall_F': 0.0, 'best_epoch': 7}, {'seed': 43, 'Macro_F1': 0.3093364609319086, 'Rare_Macro_SF': 0.0, 'Min_Rare_F1': 0.0, 'F1_N': 0.5160744500846024, 'F1_S': 0.0, 'F1_V': 0.7212713936430318, 'F1_F': 0.0, 'Recall_S': 0.0, 'Recall_F': 0.0, 'best_epoch': 1}, {'seed': 44, 'Macro_F1': 0.37031912631960484, 'Rare_Macro_SF': 0.16559139784946236, 'Min_Rare_F1': 0.0, 'F1_N': 0.5348837209302325, 'F1_S': 0.3311827956989247, 'F1_V': 0.6152099886492622, 'F1_F': 0.0, 'Recall_S': 0.20157068062827224, 'Recall_F': 0.0, 'best_epoch': 6}]",170.37148141860962,155.08848214149475,4,COMPLETE
45,0.11496881977207084,0.36433311265174534,2026-08-10 12:06:35.983002,2026-08-10 12:08:21.031146,0 days 00:01:45.048144,2,morl,192x224,linear,64,1.0,32,logarithmic,0.011001100110011,0.5522224618670316,0.2189365394341307,0.6751723491958082,0.0925925925925926,0.1256544502617801,3.0,"{'method': 'CWT', 'image_size': [192, 224], 'norm_type': 'linear', 'clip_pct': 2, 'wavelet': 'morl', 'scale_min': 1.0, 'scale_max': 33.0, 'scale_type': 'logarithmic', 'num_scales': 64}",0.36433311265174534,0.04137620897430232,0.011001100110011,0.01905446432969062,15.034525632858276,0.11496881977207084,0.034875191882380405,"[{'seed': 42, 'Macro_F1': 0.319891191093865, 'Rare_Macro_SF': 0.0746987951807229, 'Min_Rare_F1': 0.0, 'F1_N': 0.5318559556786704, 'F1_S': 0.1493975903614458, 'F1_V': 0.5983112183353438, 'F1_F': 0.0, 'Recall_S': 0.08115183246073299, 'Recall_F': 0.0, 'best_epoch': 3}, {'seed': 43, 'Macro_F1': 0.4017421403013423, 'Rare_Macro_SF': 0.1349526752219641, 'Min_Rare_F1': 0.033003300330033, 'F1_N': 0.5642775881683731, 'F1_S': 0.23690205011389523, 'F1_V': 0.772785622593068, 'F1_F': 0.033003300330033, 'Recall_S': 0.13612565445026178, 'Recall_F': 0.2777777777777778, 'best_epoch': 3}, {'seed': 44, 'Macro_F1': 0.3713660065600288, 'Rare_Macro_SF': 0.1352549889135255, 'Min_Rare_F1': 0.0, 'F1_N': 0.5605338417540515, 'F1_S': 0.270509977827051, 'F1_V': 0.6544202066590127, 'F1_F': 0.0, 'Recall_S': 0.15968586387434555, 'Recall_F': 0.0, 'best_epoch': 2}]",104.74981904029846,89.59430241584778,2,COMPLETE
48,0.10899577088577528,0.41975005926507025,2026-08-10 12:11:52.147608,2026-08-10 12:13:44.125695,0 days 00:01:51.978087,2,mexh,160x160,sqrt,96,8.0,16,logarithmic,0.14682539682539683,0.6772753435575064,0.07116614494615375,0.7837333517312243,0.12962962962962962,0.037521815008726006,9.0,"{'method': 'CWT', 'image_size': [160, 160], 'norm_type': 'sqrt', 'clip_pct': 2, 'wavelet': 'mexh', 'scale_min': 8.0, 'scale_max': 24.0, 'scale_type': 'logarithmic', 'num_scales': 96}",0.41975005926507025,0.0388153872187438,0.05327996608436514,0.04644440571181769,20.99807381629944,0.10899577088577528,0.07220236433333711,"[{'seed': 42, 'Macro_F1': 0.38305803405723826, 'Rare_Macro_SF': 0.026829268292682926, 'Min_Rare_F1': 0.0, 'F1_N': 0.6870937790157846, 'F1_S': 0.05365853658536585, 'F1_V': 0.7914798206278026, 'F1_F': 0.0, 'Recall_S': 0.028795811518324606, 'Recall_F': 0.0, 'best_epoch': 5}, {'seed': 43, 'Macro_F1': 0.460387454723172, 'Rare_Macro_SF': 0.1623134328358209, 'Min_Rare_F1': 0.07462686567164178, 'F1_N': 0.7021883920076119, 'F1_S': 0.07462686567164178, 'F1_V': 0.8147345612134345, 'F1_F': 0.25, 'Recall_S': 0.03926701570680628, 'Recall_F': 0.16666666666666666, 'best_epoch': 9}, {'seed': 44, 'Macro_F1': 0.4158046890148006, 'Rare_Macro_SF': 0.13784461152882205, 'Min_Rare_F1': 0.08521303258145363, 'F1_N': 0.6425438596491229, 'F1_S': 0.08521303258145363, 'F1_V': 0.7449856733524355, 'F1_F': 0.19047619047619047, 'Recall_S': 0.04450261780104712, 'Recall_F': 0.2222222222222222, 'best_epoch': 9}]",111.67582392692566,90.55866384506226,2,COMPLETE
53,0.10594902061634992,0.4049827270510324,2026-08-10 12:22:11.579996,2026-08-10 12:23:53.793854,0 days 00:01:42.213858,4,mexh,160x192,sqrt,48,6.0,16,logarithmic,0.1644518272425249,0.6422892661603187,0.04744621399017493,0.765743600811111,0.16666666666666666,0.02443280977312391,6.0,"{'method': 'CWT', 'image_size': [160, 192], 'norm_type': 'sqrt', 'clip_pct': 4, 'wavelet': 'mexh', 'scale_min': 6.0, 'scale_max': 22.0, 'scale_type': 'logarithmic', 'num_scales': 48}",0.4049827270510324,0.04050180658041541,0.03896444978321988,0.033834265200937894,12.832299947738647,0.10594902061634992,0.08211116849198935,"[{'seed': 42, 'Macro_F1': 0.41318460260337403, 'Rare_Macro_SF': 0.1375997099347353, 'Min_Rare_F1': 0.06091370558375635, 'F1_N': 0.6304801670146137, 'F1_S': 0.06091370558375635, 'F1_V': 0.7470588235294118, 'F1_F': 0.21428571428571427, 'Recall_S': 0.031413612565445025, 'Recall_F': 0.16666666666666666, 'best_epoch': 9}, {'seed': 43, 'Macro_F1': 0.44075588192090565, 'Rare_Macro_SF': 0.16752470560388188, 'Min_Rare_F1': 0.05597964376590331, 'F1_N': 0.6463414634146342, 'F1_S': 0.05597964376590331, 'F1_V': 0.7816326530612245, 'F1_F': 0.27906976744186046, 'Recall_S': 0.028795811518324606, 'Recall_F': 0.3333333333333333, 'best_epoch': 6}, {'seed': 44, 'Macro_F1': 0.3610076966288175, 'Rare_Macro_SF': 0.01272264631043257, 'Min_Rare_F1': 0.0, 'F1_N': 0.6500461680517082, 'F1_S': 0.02544529262086514, 'F1_V': 0.7685393258426966, 'F1_F': 0.0, 'Recall_S': 0.013089005235602094, 'Recall_F': 0.0, 'best_epoch': 1}]",101.90370965003967,88.95073914527893,2,COMPLETE
5,0.10497436020511836,0.39891058175690713,2026-08-10 10:50:40.886806,2026-08-10 10:52:34.622406,0 days 00:01:53.735600,2,morl,192x224,linear,48,4.0,64,logarithmic,0.0,0.622126171008972,0.2099487204102367,0.7635674356084197,0.0,0.12041884816753927,3.0,"{'method': 'CWT', 'image_size': [192, 224], 'norm_type': 'linear', 'clip_pct': 2, 'wavelet': 'morl', 'scale_min': 4.0, 'scale_max': 68.0, 'scale_type': 'logarithmic', 'num_scales': 48}",0.39891058175690713,0.037004586955982494,0.0,0.0,14.647717475891113,0.10497436020511836,0.04518292863722647,"[{'seed': 42, 'Macro_F1': 0.40592913715154455, 'Rare_Macro_SF': 0.10697674418604651, 'Min_Rare_F1': 0.0, 'F1_N': 0.6312684365781711, 'F1_S': 0.21395348837209302, 'F1_V': 0.7784946236559139, 'F1_F': 0.0, 'Recall_S': 0.12041884816753927, 'Recall_F': 0.0, 'best_epoch': 3}, {'seed': 43, 'Macro_F1': 0.3588993264979251, 'Rare_Macro_SF': 0.058823529411764705, 'Min_Rare_F1': 0.0, 'F1_N': 0.6039387308533917, 'F1_S': 0.11764705882352941, 'F1_V': 0.7140115163147792, 'F1_F': 0.0, 'Recall_S': 0.06282722513089005, 'Recall_F': 0.0, 'best_epoch': 5}, {'seed': 44, 'Macro_F1': 0.4319032816212518, 'Rare_Macro_SF': 0.14912280701754385, 'Min_Rare_F1': 0.0, 'F1_N': 0.6311713455953534, 'F1_S': 0.2982456140350877, 'F1_V': 0.798196166854566, 'F1_F': 0.0, 'Recall_S': 0.17801047120418848, 'Recall_F': 0.0, 'best_epoch': 2}]",113.44056582450867,98.67406797409058,0,COMPLETE
50,0.10356315365492237,0.4096515098997484,2026-08-10 12:15:32.895935,2026-08-10 12:17:33.123340,0 days 00:02:00.227405,2,gaus8,192x224,log1p,48,4.0,64,logarithmic,0.0,0.6652181776083003,0.20712630730984474,0.7662615546808488,0.0,0.1169284467713787,3.0,"{'method': 'CWT', 'image_size': [192, 224], 'norm_type': 'log1p', 'clip_pct': 2, 'wavelet': 'gaus8', 'scale_min': 4.0, 'scale_max': 68.0, 'scale_type': 'logarithmic', 'num_scales': 48}",0.4096515098997484,0.020147640390037053,0.0,0.0,16.026108264923096,0.10356315365492237,0.03638164619722906,"[{'seed': 42, 'Macro_F1': 0.3937559629558744, 'Rare_Macro_SF': 0.07729468599033816, 'Min_Rare_F1': 0.0, 'F1_N': 0.6576139670223085, 'F1_S': 0.15458937198067632, 'F1_V': 0.7628205128205128, 'F1_F': 0.0, 'Recall_S': 0.08376963350785341, 'Recall_F': 0.0, 'best_epoch': 6}, {'seed': 43, 'Macro_F1': 0.40288785571144203, 'Rare_Macro_SF': 0.0883054892601432, 'Min_Rare_F1': 0.0, 'F1_N': 0.6640625, 'F1_S': 0.1766109785202864, 'F1_V': 0.7708779443254818, 'F1_F': 0.0, 'Recall_S': 0.0968586387434555, 'Recall_F': 0.0, 'best_epoch': 3}, {'seed': 44, 'Macro_F1': 0.43231071103192886, 'Rare_Macro_SF': 0.14508928571428573, 'Min_Rare_F1': 0.0, 'F1_N': 0.6739780658025922, 'F1_S': 0.29017857142857145, 'F1_V': 0.7650862068965517, 'F1_F': 0.0, 'Recall_S': 0.17015706806282724, 'Recall_F': 0.0, 'best_epoch': 2}]",119.91404318809509,103.76213955879211,2,COMPLETE
92,0.10321668434075644,0.35601330409168885,2026-08-10 13:34:43.329946,2026-08-10 13:36:20.711771,0 days 00:01:37.381825,5,gaus8,160x192,sqrt,64,1.0,16,logarithmic,0.0,0.544001239906569,0.20643336868151288,0.6736186077786736,0.0,0.1300174520069808,5.0,"{'method': 'CWT', 'image_size': [160, 192], 'norm_type': 'sqrt', 'clip_pct': 5, 'wavelet': 'gaus8', 'scale_min': 1.0, 'scale_max': 17.0, 'scale_type': 'logarithmic', 'num_scales': 64}",0.35601330409168885,0.03529107646366902,0.0,0.0,14.280783653259277,0.10321668434075644,0.09066060183312952,"[{'seed': 42, 'Macro_F1': 0.37331678054338446, 'Rare_Macro_SF': 0.13968957871396895, 'Min_Rare_F1': 0.0, 'F1_N': 0.5524861878453039, 'F1_S': 0.2793791574279379, 'F1_V': 0.6614017769002961, 'F1_F': 0.0, 'Recall_S': 0.1649214659685864, 'Recall_F': 0.0, 'best_epoch': 5}, {'seed': 43, 'Macro_F1': 0.37931312850335136, 'Rare_Macro_SF': 0.16996047430830039, 'Min_Rare_F1': 0.0, 'F1_N': 0.5492772667542707, 'F1_S': 0.33992094861660077, 'F1_V': 0.6280542986425339, 'F1_F': 0.0, 'Recall_S': 0.225130890052356, 'Recall_F': 0.0, 'best_epoch': 7}, {'seed': 44, 'Macro_F1': 0.31541000322833074, 'Rare_Macro_SF': 0.0, 'Min_Rare_F1': 0.0, 'F1_N': 0.5302402651201326, 'F1_S': 0.0, 'F1_V': 0.7313997477931904, 'F1_F': 0.0, 'Recall_S': 0.0, 'Recall_F': 0.0, 'best_epoch': 1}]",97.06433033943176,82.65958881378174,5,COMPLETE
64,0.10126625826540936,0.4080603728762109,2026-08-10 12:43:19.584681,2026-08-10 12:44:48.441343,0 days 00:01:28.856662,2,mexh,160x160,log1p,96,2.0,16,logarithmic,0.10945398687334172,0.6625732128752015,0.09307852965747702,0.7671357620988232,0.0925925925925926,0.04973821989528796,5.0,"{'method': 'CWT', 'image_size': [160, 160], 'norm_type': 'log1p', 'clip_pct': 2, 'wavelet': 'mexh', 'scale_min': 2.0, 'scale_max': 18.0, 'scale_type': 'logarithmic', 'num_scales': 96}",0.4080603728762109,0.021503752588482743,0.07391058290888512,0.04102874138785857,16.92643976211548,0.10126625826540936,0.0373961886683269,"[{'seed': 42, 'Macro_F1': 0.4192271116713608, 'Rare_Macro_SF': 0.12850307587149692, 'Min_Rare_F1': 0.07518796992481203, 'F1_N': 0.6713780918727915, 'F1_S': 0.07518796992481203, 'F1_V': 0.7485242030696576, 'F1_F': 0.18181818181818182, 'Recall_S': 0.03926701570680628, 'Recall_F': 0.1111111111111111, 'best_epoch': 5}, {'seed': 43, 'Macro_F1': 0.383270511505937, 'Rare_Macro_SF': 0.05862903225806452, 'Min_Rare_F1': 0.03225806451612903, 'F1_N': 0.6388606307222787, 'F1_S': 0.085, 'F1_V': 0.7769633507853403, 'F1_F': 0.03225806451612903, 'Recall_S': 0.04450261780104712, 'Recall_F': 0.05555555555555555, 'best_epoch': 3}, {'seed': 44, 'Macro_F1': 0.4216834954513349, 'Rare_Macro_SF': 0.11666666666666667, 'Min_Rare_F1': 0.11428571428571428, 'F1_N': 0.6774809160305344, 'F1_S': 0.11904761904761904, 'F1_V': 0.7759197324414716, 'F1_F': 0.11428571428571428, 'Recall_S': 0.06544502617801047, 'Recall_F': 0.1111111111111111, 'best_epoch': 6}]",88.5698013305664,71.5271246433258,3,COMPLETE
6,0.09993134947362807,0.3998555959213846,2026-08-10 10:52:34.815658,2026-08-10 10:55:26.246592,0 days 00:02:51.430934,2,mexh,192x224,sqrt,96,2.0,16,logarithmic,0.1544011544011544,0.647437181657554,0.04546154454610172,0.7521225030807283,0.1111111111111111,0.02356020942408377,9.0,"{'method': 'CWT', 'image_size': [192, 224], 'norm_type': 'sqrt', 'clip_pct': 2, 'wavelet': 'mexh', 'scale_min': 2.0, 'scale_max': 18.0, 'scale_type': 'logarithmic', 'num_scales': 96}",0.3998555959213846,0.013988291067064909,0.04546154454610172,0.03250678125295379,18.390713691711426,0.09993134947362807,0.03260347209721823,"[{'seed': 42, 'Macro_F1': 0.3837118268866036, 'Rare_Macro_SF': 0.06591490351081145, 'Min_Rare_F1': 0.04092071611253197, 'F1_N': 0.6492048643592142, 'F1_S': 0.04092071611253197, 'F1_V': 0.7538126361655774, 'F1_F': 0.09090909090909091, 'Recall_S': 0.020942408376963352, 'Recall_F': 0.05555555555555555, 'best_epoch': 6}, {'seed': 43, 'Macro_F1': 0.408381713848667, 'Rare_Macro_SF': 0.13090909090909092, 'Min_Rare_F1': 0.08, 'F1_N': 0.635673624288425, 'F1_S': 0.08, 'F1_V': 0.7360350492880613, 'F1_F': 0.18181818181818182, 'Recall_S': 0.041884816753926704, 'Recall_F': 0.16666666666666666, 'best_epoch': 11}, {'seed': 44, 'Macro_F1': 0.40747324702888327, 'Rare_Macro_SF': 0.10297005400098183, 'Min_Rare_F1': 0.015463917525773196, 'F1_N': 0.6574330563250231, 'F1_S': 0.015463917525773196, 'F1_V': 0.7665198237885462, 'F1_F': 0.19047619047619047, 'Recall_S': 0.007853403141361256, 'Recall_F': 0.1111111111111111, 'best_epoch': 9}]",171.13435649871826,152.6271104812622,0,COMPLETE
9,0.09908864778538433,0.3786926742274542,2026-08-10 10:59:04.327430,2026-08-10 11:01:52.372727,0 days 00:02:48.045297,5,morl,224x224,sqrt,128,1.0,128,linear,0.10582010582010581,0.6176220644997992,0.09235718975066283,0.6989713368392488,0.07407407407407407,0.05061082024432809,3.0,"{'method': 'CWT', 'image_size': [224, 224], 'norm_type': 'sqrt', 'clip_pct': 5, 'wavelet': 'morl', 'scale_min': 1.0, 'scale_max': 129.0, 'scale_type': 'linear', 'num_scales': 128}",0.3786926742274542,0.01663914090949192,0.035125944584382875,0.030507623513021057,42.98013949394226,0.09908864778538433,0.03266935327807332,"[{'seed': 42, 'Macro_F1': 0.39388735570377387, 'Rare_Macro_SF': 0.13630002798768542, 'Min_Rare_F1': 0.05037783375314862, 'F1_N': 0.6145354185832567, 'F1_S': 0.05037783375314862, 'F1_V': 0.688413948256468, 'F1_F': 0.2222222222222222, 'Recall_S': 0.02617801047120419, 'Recall_F': 0.16666666666666666, 'best_epoch': 3}, {'seed': 43, 'Macro_F1': 0.36091190325529077, 'Rare_Macro_SF': 0.08584686774941995, 'Min_Rare_F1': 0.0, 'F1_N': 0.6060606060606061, 'F1_S': 0.1716937354988399, 'F1_V': 0.665893271461717, 'F1_F': 0.0, 'Recall_S': 0.0968586387434555, 'Recall_F': 0.0, 'best_epoch': 3}, {'seed': 44, 'Macro_F1': 0.38127876372329794, 'Rare_Macro_SF': 0.07511904761904761, 'Min_Rare_F1': 0.055, 'F1_N': 0.6322701688555347, 'F1_S': 0.055, 'F1_V': 0.7426067907995619, 'F1_F': 0.09523809523809523, 'Recall_S': 0.028795811518324606, 'Recall_F': 0.05555555555555555, 'best_epoch': 6}]",167.7580497264862,124.65425968170166,0,COMPLETE
0,0.0954301075268817,0.3973893387062691,2026-08-10 10:40:27.097471,2026-08-10 10:42:59.457707,0 days 00:02:32.360236,3,gaus8,224x192,linear,64,4.0,128,linear,0.1908602150537634,0.6388360156242576,0.0,0.7598611241470555,0.14814814814814814,0.0,4.0,"{'method': 'CWT', 'image_size': [224, 192], 'norm_type': 'linear', 'clip_pct': 3, 'wavelet': 'gaus8', 'scale_min': 4.0, 'scale_max': 132.0, 'scale_type': 'linear', 'num_scales': 64}",0.3973893387062691,0.03888179314263072,0.0,0.0,25.210118293762207,0.0954301075268817,0.08461339105127495,"[{'seed': 42, 'Macro_F1': 0.40510797045089164, 'Rare_Macro_SF': 0.125, 'Min_Rare_F1': 0.0, 'F1_N': 0.6354264292408622, 'F1_S': 0.0, 'F1_V': 0.7350054525627044, 'F1_F': 0.25, 'Recall_S': 0.0, 'Recall_F': 0.16666666666666666, 'best_epoch': 3}, {'seed': 43, 'Macro_F1': 0.43183290628911697, 'Rare_Macro_SF': 0.16129032258064516, 'Min_Rare_F1': 0.0, 'F1_N': 0.6406101048617732, 'F1_S': 0.0, 'F1_V': 0.7641408751334045, 'F1_F': 0.3225806451612903, 'Recall_S': 0.0, 'Recall_F': 0.2777777777777778, 'best_epoch': 4}, {'seed': 44, 'Macro_F1': 0.3552271393787987, 'Rare_Macro_SF': 0.0, 'Min_Rare_F1': 0.0, 'F1_N': 0.6404715127701375, 'F1_S': 0.0, 'F1_V': 0.7804370447450573, 'F1_F': 0.0, 'Recall_S': 0.0, 'Recall_F': 0.0, 'best_epoch': 10}]",152.04904747009277,126.71257472038269,0,COMPLETE
27,0.0954301075268817,0.3973893387062691,2026-08-10 11:34:47.800322,2026-08-10 11:37:13.285626,0 days 00:02:25.485304,3,gaus8,224x192,linear,64,4.0,128,linear,0.1908602150537634,0.6388360156242576,0.0,0.7598611241470555,0.14814814814814814,0.0,4.0,"{'method': 'CWT', 'image_size': [224, 192], 'norm_type': 'linear', 'clip_pct': 3, 'wavelet': 'gaus8', 'scale_min': 4.0, 'scale_max': 132.0, 'scale_type': 'linear', 'num_scales': 64}",0.3973893387062691,0.03888179314263072,0.0,0.0,23.144959211349487,0.0954301075268817,0.08461339105127495,"[{'seed': 42, 'Macro_F1': 0.40510797045089164, 'Rare_Macro_SF': 0.125, 'Min_Rare_F1': 0.0, 'F1_N': 0.6354264292408622, 'F1_S': 0.0, 'F1_V': 0.7350054525627044, 'F1_F': 0.25, 'Recall_S': 0.0, 'Recall_F': 0.16666666666666666, 'best_epoch': 3}, {'seed': 43, 'Macro_F1': 0.43183290628911697, 'Rare_Macro_SF': 0.16129032258064516, 'Min_Rare_F1': 0.0, 'F1_N': 0.6406101048617732, 'F1_S': 0.0, 'F1_V': 0.7641408751334045, 'F1_F': 0.3225806451612903, 'Recall_S': 0.0, 'Recall_F': 0.2777777777777778, 'best_epoch': 4}, {'seed': 44, 'Macro_F1': 0.3552271393787987, 'Rare_Macro_SF': 0.0, 'Min_Rare_F1': 0.0, 'F1_N': 0.6404715127701375, 'F1_S': 0.0, 'F1_V': 0.7804370447450573, 'F1_F': 0.0, 'Recall_S': 0.0, 'Recall_F': 0.0, 'best_epoch': 10}]",145.18259572982788,121.91200351715088,1,COMPLETE
49,0.09401437509671463,0.35682078200632494,2026-08-10 12:13:44.323770,2026-08-10 12:15:32.692189,0 days 00:01:48.368419,2,morl,192x224,linear,64,4.0,32,linear,0.013463372108862068,0.5601133892297584,0.1745653780845672,0.6791409886021121,0.05555555555555555,0.09860383944153578,3.0,"{'method': 'CWT', 'image_size': [192, 224], 'norm_type': 'linear', 'clip_pct': 2, 'wavelet': 'morl', 'scale_min': 4.0, 'scale_max': 36.0, 'scale_type': 'linear', 'num_scales': 64}",0.35682078200632494,0.004965872481315796,0.013463372108862068,0.001163417200920672,17.684152126312256,0.09401437509671463,0.02203140389738368,"[{'seed': 42, 'Macro_F1': 0.3576245380267675, 'Rare_Macro_SF': 0.1188924644676857, 'Min_Rare_F1': 0.012121212121212121, 'F1_N': 0.5480662983425414, 'F1_S': 0.22566371681415928, 'F1_V': 0.6446469248291572, 'F1_F': 0.012121212121212121, 'Recall_S': 0.13350785340314136, 'Recall_F': 0.05555555555555555, 'best_epoch': 3}, {'seed': 43, 'Macro_F1': 0.3613357497019797, 'Rare_Macro_SF': 0.08617894416860877, 'Min_Rare_F1': 0.014084507042253521, 'F1_N': 0.5775, 'F1_S': 0.15827338129496402, 'F1_V': 0.6954851104707013, 'F1_F': 0.014084507042253521, 'Recall_S': 0.08638743455497382, 'Recall_F': 0.05555555555555555, 'best_epoch': 3}, {'seed': 44, 'Macro_F1': 0.3515020582902277, 'Rare_Macro_SF': 0.07697171665384944, 'Min_Rare_F1': 0.014184397163120567, 'F1_N': 0.5547738693467337, 'F1_S': 0.13975903614457832, 'F1_V': 0.6972909305064782, 'F1_F': 0.014184397163120567, 'Recall_S': 0.07591623036649214, 'Recall_F': 0.05555555555555555, 'best_epoch': 2}]",108.06032133102417,90.25046944618225,2,COMPLETE
44,0.09208253960664549,0.3861015071880958,2026-08-10 12:04:04.665096,2026-08-10 12:06:35.784590,0 days 00:02:31.119494,3,morl,192x224,linear,80,1.0,128,linear,0.15903069970391148,0.6077255123894493,0.02513437950937951,0.7525154371496431,0.29629629629629634,0.013089005235602096,4.0,"{'method': 'CWT', 'image_size': [192, 224], 'norm_type': 'linear', 'clip_pct': 3, 'wavelet': 'morl', 'scale_min': 1.0, 'scale_max': 129.0, 'scale_type': 'linear', 'num_scales': 80}",0.3861015071880958,0.018770809247719192,0.02513437950937951,0.034524640745115194,29.32137632369995,0.09208253960664549,0.03837245566245327,"[{'seed': 42, 'Macro_F1': 0.384101022526437, 'Rare_Macro_SF': 0.08626344086021506, 'Min_Rare_F1': 0.065, 'F1_N': 0.6026831785345718, 'F1_S': 0.065, 'F1_V': 0.7611940298507462, 'F1_F': 0.10752688172043011, 'Recall_S': 0.034031413612565446, 'Recall_F': 0.2777777777777778, 'best_epoch': 4}, {'seed': 43, 'Macro_F1': 0.405792437725974, 'Rare_Macro_SF': 0.13303218520609825, 'Min_Rare_F1': 0.005194805194805195, 'F1_N': 0.6204933586337761, 'F1_S': 0.005194805194805195, 'F1_V': 0.7366120218579235, 'F1_F': 0.2608695652173913, 'Recall_S': 0.002617801047120419, 'Recall_F': 0.3333333333333333, 'best_epoch': 4}, {'seed': 44, 'Macro_F1': 0.3684110613118765, 'Rare_Macro_SF': 0.056951992753623185, 'Min_Rare_F1': 0.005208333333333333, 'F1_N': 0.6, 'F1_S': 0.005208333333333333, 'F1_V': 0.7597402597402597, 'F1_F': 0.10869565217391304, 'Recall_S': 0.002617801047120419, 'Recall_F': 0.2777777777777778, 'best_epoch': 7}]",150.8228724002838,121.37917160987854,2,COMPLETE
33,0.08778347291664483,0.39763944730677325,2026-08-10 11:44:44.177196,2026-08-10 11:45:53.984321,0 days 00:01:09.807125,5,gaus8,128x128,log1p,80,1.0,64,logarithmic,0.013605442176870748,0.6506350782696741,0.16196150365641893,0.7643557651241291,0.018518518518518517,0.09162303664921467,3.0,"{'method': 'CWT', 'image_size': [128, 128], 'norm_type': 'log1p', 'clip_pct': 5, 'wavelet': 'gaus8', 'scale_min': 1.0, 'scale_max': 65.0, 'scale_type': 'logarithmic', 'num_scales': 80}",0.39763944730677325,0.030501553089082225,0.013605442176870748,0.02356531710978064,17.10791254043579,0.08778347291664483,0.05503760437379839,"[{'seed': 42, 'Macro_F1': 0.3748453927025356, 'Rare_Macro_SF': 0.030303030303030304, 'Min_Rare_F1': 0.0, 'F1_N': 0.6530612244897959, 'F1_S': 0.06060606060606061, 'F1_V': 0.7857142857142857, 'F1_F': 0.0, 'Recall_S': 0.031413612565445025, 'Recall_F': 0.0, 'best_epoch': 5}, {'seed': 43, 'Macro_F1': 0.3857842048945098, 'Rare_Macro_SF': 0.09304738844690418, 'Min_Rare_F1': 0.04081632653061224, 'F1_N': 0.6213592233009708, 'F1_S': 0.14527845036319612, 'F1_V': 0.73568281938326, 'F1_F': 0.04081632653061224, 'Recall_S': 0.07853403141361257, 'Recall_F': 0.05555555555555555, 'best_epoch': 3}, {'seed': 44, 'Macro_F1': 0.43228874432327424, 'Rare_Macro_SF': 0.14, 'Min_Rare_F1': 0.0, 'F1_N': 0.6774847870182555, 'F1_S': 0.28, 'F1_V': 0.7716701902748414, 'F1_F': 0.0, 'Recall_S': 0.1649214659685864, 'Recall_F': 0.0, 'best_epoch': 2}]",69.51161527633667,52.28381896018982,1,COMPLETE
41,0.08746701182340492,0.40946353708444144,2026-08-10 11:58:43.219872,2026-08-10 12:00:21.128487,0 days 00:01:37.908615,2,mexh,128x160,sqrt,128,6.0,16,linear,0.12433862433862435,0.6814090312371871,0.05059539930818551,0.7815110934537687,0.11111111111111112,0.02617801047120419,9.0,"{'method': 'CWT', 'image_size': [128, 160], 'norm_type': 'sqrt', 'clip_pct': 2, 'wavelet': 'mexh', 'scale_min': 6.0, 'scale_max': 22.0, 'scale_type': 'linear', 'num_scales': 128}",0.40946353708444144,0.043904945780983015,0.042004334016089294,0.037076498257221556,24.617701768875122,0.08746701182340492,0.08120484527698085,"[{'seed': 42, 'Macro_F1': 0.37367437222624394, 'Rare_Macro_SF': 0.01288659793814433, 'Min_Rare_F1': 0.0, 'F1_N': 0.6834532374100719, 'F1_S': 0.02577319587628866, 'F1_V': 0.7854710556186152, 'F1_F': 0.0, 'Recall_S': 0.013089005235602094, 'Recall_F': 0.0, 'best_epoch': 5}, {'seed': 43, 'Macro_F1': 0.39626155984698497, 'Rare_Macro_SF': 0.07553782934493594, 'Min_Rare_F1': 0.05583756345177665, 'F1_N': 0.6697247706422018, 'F1_S': 0.05583756345177665, 'F1_V': 0.7642458100558659, 'F1_F': 0.09523809523809523, 'Recall_S': 0.028795811518324606, 'Recall_F': 0.05555555555555555, 'best_epoch': 9}, {'seed': 44, 'Macro_F1': 0.4584546791800954, 'Rare_Macro_SF': 0.1739766081871345, 'Min_Rare_F1': 0.07017543859649122, 'F1_N': 0.6910490856592878, 'F1_S': 0.07017543859649122, 'F1_V': 0.7948164146868251, 'F1_F': 0.2777777777777778, 'Recall_S': 0.03664921465968586, 'Recall_F': 0.2777777777777778, 'best_epoch': 9}]",97.6013035774231,72.86122941970825,2,COMPLETE
25,0.08617823085518361,0.36189171922953606,2026-08-10 11:31:13.877345,2026-08-10 11:32:28.892845,0 days 00:01:15.015500,1,gaus8,160x160,linear,64,1.0,32,linear,0.0,0.565943500942037,0.17235646171036723,0.70926691426574,0.0,0.09511343804537521,3.0,"{'method': 'CWT', 'image_size': [160, 160], 'norm_type': 'linear', 'clip_pct': 1, 'wavelet': 'gaus8', 'scale_min': 1.0, 'scale_max': 33.0, 'scale_type': 'linear', 'num_scales': 64}",0.36189171922953606,0.02034757544755279,0.0,0.0,16.4843692779541,0.08617823085518361,0.020246051253284447,"[{'seed': 42, 'Macro_F1': 0.3385901602944398, 'Rare_Macro_SF': 0.06372549019607843, 'Min_Rare_F1': 0.0, 'F1_N': 0.5381679389312977, 'F1_S': 0.12745098039215685, 'F1_V': 0.6887417218543046, 'F1_F': 0.0, 'Recall_S': 0.06806282722513089, 'Recall_F': 0.0, 'best_epoch': 4}, {'seed': 43, 'Macro_F1': 0.37093446495697846, 'Rare_Macro_SF': 0.09176470588235294, 'Min_Rare_F1': 0.0, 'F1_N': 0.5641569459172853, 'F1_S': 0.18352941176470589, 'F1_V': 0.7360515021459227, 'F1_F': 0.0, 'Recall_S': 0.10209424083769633, 'Recall_F': 0.0, 'best_epoch': 3}, {'seed': 44, 'Macro_F1': 0.3761505324371899, 'Rare_Macro_SF': 0.10304449648711944, 'Min_Rare_F1': 0.0, 'F1_N': 0.5955056179775281, 'F1_S': 0.20608899297423888, 'F1_V': 0.7030075187969925, 'F1_F': 0.0, 'Recall_S': 0.11518324607329843, 'Recall_F': 0.0, 'best_epoch': 2}]",74.71567273139954,58.110748529434204,1,COMPLETE
95,0.0843628143447348,0.3875913747690371,2026-08-10 13:39:28.651938,2026-08-10 13:41:10.632650,0 days 00:01:41.980712,4,mexh,192x160,sqrt,80,2.0,16,logarithmic,0.10213675213675215,0.6324049824688385,0.06658887655271745,0.7492348879178404,0.0925925925925926,0.034904013961605584,5.0,"{'method': 'CWT', 'image_size': [192, 160], 'norm_type': 'sqrt', 'clip_pct': 4, 'wavelet': 'mexh', 'scale_min': 2.0, 'scale_max': 18.0, 'scale_type': 'logarithmic', 'num_scales': 80}",0.3875913747690371,0.027032358303447128,0.046934644303065355,0.019938457462879578,16.088074922561646,0.0843628143447348,0.05632151483863153,"[{'seed': 42, 'Macro_F1': 0.41840845849354613, 'Rare_Macro_SF': 0.1479660690187006, 'Min_Rare_F1': 0.06516290726817042, 'F1_N': 0.6512866015971606, 'F1_S': 0.06516290726817042, 'F1_V': 0.7264150943396226, 'F1_F': 0.23076923076923078, 'Recall_S': 0.034031413612565446, 'Recall_F': 0.16666666666666666, 'best_epoch': 5}, {'seed': 43, 'Macro_F1': 0.36788412281148686, 'Rare_Macro_SF': 0.04081033470346447, 'Min_Rare_F1': 0.02564102564102564, 'F1_N': 0.6198952879581152, 'F1_S': 0.05597964376590331, 'F1_V': 0.7700205338809035, 'F1_F': 0.02564102564102564, 'Recall_S': 0.028795811518324606, 'Recall_F': 0.05555555555555555, 'best_epoch': 3}, {'seed': 44, 'Macro_F1': 0.3764815430020783, 'Rare_Macro_SF': 0.06431203931203931, 'Min_Rare_F1': 0.05, 'F1_N': 0.6260330578512396, 'F1_S': 0.07862407862407862, 'F1_V': 0.751269035532995, 'F1_F': 0.05, 'Recall_S': 0.041884816753926704, 'Recall_F': 0.05555555555555555, 'best_epoch': 6}]",101.68285393714905,85.46533799171448,5,COMPLETE
23,0.08313966735019367,0.38860950990875015,2026-08-10 11:27:29.784580,2026-08-10 11:29:19.687954,0 days 00:01:49.903374,2,mexh,192x192,log1p,64,2.0,32,logarithmic,0.1111111111111111,0.6323306828563334,0.05516822358927622,0.7558280220782801,0.1111111111111111,0.031413612565445025,3.0,"{'method': 'CWT', 'image_size': [192, 192], 'norm_type': 'log1p', 'clip_pct': 2, 'wavelet': 'mexh', 'scale_min': 2.0, 'scale_max': 34.0, 'scale_type': 'logarithmic', 'num_scales': 64}",0.38860950990875015,0.046773411823561636,0.006683375104427736,0.011575945246909788,15.290277481079102,0.08313966735019367,0.08880487190550349,"[{'seed': 42, 'Macro_F1': 0.3467986943286526, 'Rare_Macro_SF': 0.0, 'Min_Rare_F1': 0.0, 'F1_N': 0.6197757390417941, 'F1_S': 0.0, 'F1_V': 0.7674190382728164, 'F1_F': 0.0, 'Recall_S': 0.0, 'Recall_F': 0.0, 'best_epoch': 1}, {'seed': 43, 'Macro_F1': 0.37990674603941077, 'Rare_Macro_SF': 0.07272727272727272, 'Min_Rare_F1': 0.0, 'F1_N': 0.6316831683168317, 'F1_S': 0.14545454545454545, 'F1_V': 0.7424892703862661, 'F1_F': 0.0, 'Recall_S': 0.08376963350785341, 'Recall_F': 0.0, 'best_epoch': 3}, {'seed': 44, 'Macro_F1': 0.43912308935818717, 'Rare_Macro_SF': 0.17669172932330826, 'Min_Rare_F1': 0.020050125313283207, 'F1_N': 0.6455331412103746, 'F1_S': 0.020050125313283207, 'F1_V': 0.7575757575757576, 'F1_F': 0.3333333333333333, 'Recall_S': 0.010471204188481676, 'Recall_F': 0.3333333333333333, 'best_epoch': 12}]",109.59792613983154,94.18707966804504,1,COMPLETE
19,0.0805431148256161,0.3900447759226508,2026-08-10 11:17:47.829837,2026-08-10 11:19:58.463219,0 days 00:02:10.633382,3,mexh,160x256,log1p,80,1.0,64,logarithmic,0.040272108843537414,0.6445850541277705,0.12081412080769482,0.7545078199116003,0.037037037037037035,0.06457242582897034,4.0,"{'method': 'CWT', 'image_size': [160, 256], 'norm_type': 'log1p', 'clip_pct': 3, 'wavelet': 'mexh', 'scale_min': 1.0, 'scale_max': 65.0, 'scale_type': 'logarithmic', 'num_scales': 80}",0.3900447759226508,0.008373750029714737,0.040272108843537414,0.04000277652448882,18.714789152145386,0.0805431148256161,0.016991262798931667,"[{'seed': 42, 'Macro_F1': 0.3862472902074807, 'Rare_Macro_SF': 0.06372549019607843, 'Min_Rare_F1': 0.0, 'F1_N': 0.6560319042871385, 'F1_S': 0.12745098039215685, 'F1_V': 0.7615062761506276, 'F1_F': 0.0, 'Recall_S': 0.06806282722513089, 'Recall_F': 0.0, 'best_epoch': 4}, {'seed': 43, 'Macro_F1': 0.3996444288720663, 'Rare_Macro_SF': 0.08020100502512563, 'Min_Rare_F1': 0.08, 'F1_N': 0.6594700686947988, 'F1_S': 0.08040201005025126, 'F1_V': 0.778705636743215, 'F1_F': 0.08, 'Recall_S': 0.041884816753926704, 'Recall_F': 0.05555555555555555, 'best_epoch': 9}, {'seed': 44, 'Macro_F1': 0.38424260868840526, 'Rare_Macro_SF': 0.09770284925564428, 'Min_Rare_F1': 0.04081632653061224, 'F1_N': 0.6182531894013739, 'F1_S': 0.15458937198067632, 'F1_V': 0.7233115468409586, 'F1_F': 0.04081632653061224, 'Recall_S': 0.08376963350785341, 'Recall_F': 0.05555555555555555, 'best_epoch': 2}]",130.3419473171234,111.51227879524231,1,COMPLETE
88,0.07666902558235798,0.3954228724412164,2026-08-10 13:29:01.348283,2026-08-10 13:30:10.583515,0 days 00:01:09.235232,4,mexh,128x160,linear,64,6.0,16,logarithmic,0.11477411477411477,0.6616708591019252,0.038563936390601204,0.7666825794982244,0.1111111111111111,0.02006980802792321,5.0,"{'method': 'CWT', 'image_size': [128, 160], 'norm_type': 'linear', 'clip_pct': 4, 'wavelet': 'mexh', 'scale_min': 6.0, 'scale_max': 22.0, 'scale_type': 'logarithmic', 'num_scales': 64}",0.3954228724412164,0.038366997424676315,0.038563936390601204,0.03566201455228245,15.095580101013184,0.07666902558235798,0.06816220476614794,"[{'seed': 42, 'Macro_F1': 0.4147811319362884, 'Rare_Macro_SF': 0.0995931021119938, 'Min_Rare_F1': 0.04534005037783375, 'F1_N': 0.6829268292682927, 'F1_S': 0.04534005037783375, 'F1_V': 0.7770114942528735, 'F1_F': 0.15384615384615385, 'Recall_S': 0.02356020942408377, 'Recall_F': 0.1111111111111111, 'best_epoch': 5}, {'seed': 43, 'Macro_F1': 0.3512333119027411, 'Rare_Macro_SF': 0.0, 'Min_Rare_F1': 0.0, 'F1_N': 0.6270373921380633, 'F1_S': 0.0, 'F1_V': 0.7778958554729012, 'F1_F': 0.0, 'Recall_S': 0.0, 'Recall_F': 0.0, 'best_epoch': 1}, {'seed': 44, 'Macro_F1': 0.42025417348461963, 'Rare_Macro_SF': 0.13041397463508014, 'Min_Rare_F1': 0.07035175879396985, 'F1_N': 0.6750483558994197, 'F1_S': 0.07035175879396985, 'F1_V': 0.7451403887688985, 'F1_F': 0.19047619047619047, 'Recall_S': 0.03664921465968586, 'Recall_F': 0.2222222222222222, 'best_epoch': 6}]",68.89549255371094,53.64803457260132,4,COMPLETE
63,0.07501499399634938,0.38582087127000714,2026-08-10 12:40:55.333080,2026-08-10 12:43:19.385308,0 days 00:02:24.052228,2,gaus8,224x224,log1p,80,2.0,48,logarithmic,0.020833333333333332,0.644305869275787,0.12919665465936545,0.7489476278115429,0.018518518518518517,0.07242582897033159,2.0,"{'method': 'CWT', 'image_size': [224, 224], 'norm_type': 'log1p', 'clip_pct': 2, 'wavelet': 'gaus8', 'scale_min': 2.0, 'scale_max': 50.0, 'scale_type': 'logarithmic', 'num_scales': 80}",0.38582087127000714,0.025221194768161613,0.003472222222222222,0.006014065304058602,19.098346710205078,0.07501499399634938,0.039541869049853885,"[{'seed': 42, 'Macro_F1': 0.36031808848429225, 'Rare_Macro_SF': 0.036458333333333336, 'Min_Rare_F1': 0.010416666666666666, 'F1_N': 0.6201395812562313, 'F1_S': 0.010416666666666666, 'F1_V': 0.7482161060142711, 'F1_F': 0.0625, 'Recall_S': 0.005235602094240838, 'Recall_F': 0.05555555555555555, 'best_epoch': 2}, {'seed': 43, 'Macro_F1': 0.3863938096341739, 'Rare_Macro_SF': 0.07311320754716981, 'Min_Rare_F1': 0.0, 'F1_N': 0.6482758620689655, 'F1_S': 0.14622641509433962, 'F1_V': 0.7510729613733905, 'F1_F': 0.0, 'Recall_S': 0.08115183246073299, 'Recall_F': 0.0, 'best_epoch': 10}, {'seed': 44, 'Macro_F1': 0.4107507156915553, 'Rare_Macro_SF': 0.11547344110854503, 'Min_Rare_F1': 0.0, 'F1_N': 0.6645021645021645, 'F1_S': 0.23094688221709006, 'F1_V': 0.7475538160469667, 'F1_F': 0.0, 'Recall_S': 0.13089005235602094, 'Recall_F': 0.0, 'best_epoch': 2}]",143.73817801475525,124.51423192024231,3,COMPLETE
28,0.0748995983935743,0.3622655835645892,2026-08-10 11:37:13.480682,2026-08-10 11:38:13.449264,0 days 00:00:59.968582,4,morl,128x128,sqrt,64,1.0,64,logarithmic,0.0,0.5790034211352372,0.1497991967871486,0.7202597163359709,0.0,0.08726003490401396,2.0,"{'method': 'CWT', 'image_size': [128, 128], 'norm_type': 'sqrt', 'clip_pct': 4, 'wavelet': 'morl', 'scale_min': 1.0, 'scale_max': 65.0, 'scale_type': 'logarithmic', 'num_scales': 64}",0.3622655835645892,0.04904364813549209,0.0,0.0,14.08910870552063,0.0748995983935743,0.07500020160938048,"[{'seed': 42, 'Macro_F1': 0.3462074639873924, 'Rare_Macro_SF': 0.0746987951807229, 'Min_Rare_F1': 0.0, 'F1_N': 0.5509708737864077, 'F1_S': 0.1493975903614458, 'F1_V': 0.684461391801716, 'F1_F': 0.0, 'Recall_S': 0.08115183246073299, 'Recall_F': 0.0, 'best_epoch': 4}, {'seed': 43, 'Macro_F1': 0.32326399356848556, 'Rare_Macro_SF': 0.0, 'Min_Rare_F1': 0.0, 'F1_N': 0.5532710280373832, 'F1_S': 0.0, 'F1_V': 0.7397849462365591, 'F1_F': 0.0, 'Recall_S': 0.0, 'Recall_F': 0.0, 'best_epoch': 1}, {'seed': 44, 'Macro_F1': 0.41732529313788963, 'Rare_Macro_SF': 0.15, 'Min_Rare_F1': 0.0, 'F1_N': 0.632768361581921, 'F1_S': 0.3, 'F1_V': 0.7365328109696376, 'F1_F': 0.0, 'Recall_S': 0.1806282722513089, 'Recall_F': 0.0, 'best_epoch': 2}]",59.66594171524048,45.420507192611694,1,COMPLETE
67,0.07215123702770565,0.3360072598748776,2026-08-10 12:49:09.872419,2026-08-10 12:51:24.034597,0 days 00:02:14.162178,2,gaus8,224x256,sqrt,48,1.0,16,logarithmic,0.0,0.5409658425086196,0.1443024740554113,0.6587607229354798,0.0,0.0881326352530541,3.0,"{'method': 'CWT', 'image_size': [224, 256], 'norm_type': 'sqrt', 'clip_pct': 2, 'wavelet': 'gaus8', 'scale_min': 1.0, 'scale_max': 17.0, 'scale_type': 'logarithmic', 'num_scales': 48}",0.3360072598748776,0.05099044237238262,0.0,0.0,14.243470191955566,0.07215123702770565,0.08721526489263175,"[{'seed': 42, 'Macro_F1': 0.39479217657971133, 'Rare_Macro_SF': 0.16907216494845362, 'Min_Rare_F1': 0.0, 'F1_N': 0.6002805049088359, 'F1_S': 0.33814432989690724, 'F1_V': 0.6407438715131023, 'F1_F': 0.0, 'Recall_S': 0.21465968586387435, 'Recall_F': 0.0, 'best_epoch': 4}, {'seed': 43, 'Macro_F1': 0.30949149916656526, 'Rare_Macro_SF': 0.04738154613466334, 'Min_Rare_F1': 0.0, 'F1_N': 0.4864864864864865, 'F1_S': 0.09476309226932668, 'F1_V': 0.6567164179104478, 'F1_F': 0.0, 'Recall_S': 0.049738219895287955, 'Recall_F': 0.0, 'best_epoch': 3}, {'seed': 44, 'Macro_F1': 0.3037381038783563, 'Rare_Macro_SF': 0.0, 'Min_Rare_F1': 0.0, 'F1_N': 0.5361305361305362, 'F1_S': 0.0, 'F1_V': 0.6788218793828892, 'F1_F': 0.0, 'Recall_S': 0.0, 'Recall_F': 0.0, 'best_epoch': 1}]",133.86355066299438,119.50187420845032,3,COMPLETE
35,0.06711738065879652,0.3604745988125741,2026-08-10 11:47:30.850880,2026-08-10 11:49:28.227590,0 days 00:01:57.376710,4,morl,224x224,log1p,80,1.0,48,logarithmic,0.0,0.5742693371931502,0.13423476131759304,0.7333942967395531,0.0,0.07504363001745201,2.0,"{'method': 'CWT', 'image_size': [224, 224], 'norm_type': 'log1p', 'clip_pct': 4, 'wavelet': 'morl', 'scale_min': 1.0, 'scale_max': 49.0, 'scale_type': 'logarithmic', 'num_scales': 80}",0.3604745988125741,0.030466298265831682,0.0,0.0,18.234681129455566,0.06711738065879652,0.05609644298690797,"[{'seed': 42, 'Macro_F1': 0.36130884427166887, 'Rare_Macro_SF': 0.09433962264150944, 'Min_Rare_F1': 0.0, 'F1_N': 0.5623762376237624, 'F1_S': 0.18867924528301888, 'F1_V': 0.6941798941798942, 'F1_F': 0.0, 'Recall_S': 0.10471204188481675, 'Recall_F': 0.0, 'best_epoch': 3}, {'seed': 43, 'Macro_F1': 0.3295997454402473, 'Rare_Macro_SF': 0.0026041666666666665, 'Min_Rare_F1': 0.0, 'F1_N': 0.5602240896358543, 'F1_S': 0.005208333333333333, 'F1_V': 0.7529665587918015, 'F1_F': 0.0, 'Recall_S': 0.002617801047120419, 'Recall_F': 0.0, 'best_epoch': 2}, {'seed': 44, 'Macro_F1': 0.3905152067258061, 'Rare_Macro_SF': 0.10440835266821345, 'Min_Rare_F1': 0.0, 'F1_N': 0.6002076843198338, 'F1_S': 0.2088167053364269, 'F1_V': 0.7530364372469636, 'F1_F': 0.0, 'Recall_S': 0.11780104712041885, 'Recall_F': 0.0, 'best_epoch': 2}]",117.07691168785095,98.7168562412262,1,COMPLETE
7,0.06312983048868838,0.3723544989802141,2026-08-10 10:55:26.435923,2026-08-10 10:58:02.186583,0 days 00:02:35.750660,1,gaus4,224x192,log1p,48,8.0,48,linear,0.0,0.6126093861931605,0.12625966097737676,0.7505489487503191,0.0,0.07329842931937174,7.0,"{'method': 'CWT', 'image_size': [224, 192], 'norm_type': 'log1p', 'clip_pct': 1, 'wavelet': 'gaus4', 'scale_min': 8.0, 'scale_max': 56.0, 'scale_type': 'linear', 'num_scales': 48}",0.3723544989802141,0.01967873640711785,0.0,0.0,15.812466144561768,0.06312983048868838,0.040300371857264754,"[{'seed': 42, 'Macro_F1': 0.35801074919836506, 'Rare_Macro_SF': 0.04830917874396135, 'Min_Rare_F1': 0.0, 'F1_N': 0.5613660618996799, 'F1_S': 0.0966183574879227, 'F1_V': 0.7740585774058577, 'F1_F': 0.0, 'Recall_S': 0.05235602094240838, 'Recall_F': 0.0, 'best_epoch': 4}, {'seed': 43, 'Macro_F1': 0.39478891947230244, 'Rare_Macro_SF': 0.10874200426439233, 'Min_Rare_F1': 0.0, 'F1_N': 0.6338028169014085, 'F1_S': 0.21748400852878466, 'F1_V': 0.7278688524590164, 'F1_F': 0.0, 'Recall_S': 0.13350785340314136, 'Recall_F': 0.0, 'best_epoch': 8}, {'seed': 44, 'Macro_F1': 0.36426382826997483, 'Rare_Macro_SF': 0.03233830845771144, 'Min_Rare_F1': 0.0, 'F1_N': 0.6426592797783933, 'F1_S': 0.06467661691542288, 'F1_V': 0.7497194163860831, 'F1_F': 0.0, 'Recall_S': 0.034031413612565446, 'Recall_F': 0.0, 'best_epoch': 7}]",155.4519362449646,139.52390885353088,0,COMPLETE
4,0.06218449545966106,0.35189358281363764,2026-08-10 10:49:15.952258,2026-08-10 10:50:40.686289,0 days 00:01:24.734031,4,morl,224x160,log1p,80,2.0,32,logarithmic,0.011299435028248588,0.5768731804316368,0.11306955589107352,0.706332159903592,0.018518518518518517,0.0636998254799302,2.0,"{'method': 'CWT', 'image_size': [224, 160], 'norm_type': 'log1p', 'clip_pct': 4, 'wavelet': 'morl', 'scale_min': 2.0, 'scale_max': 34.0, 'scale_type': 'logarithmic', 'num_scales': 80}",0.35189358281363764,0.04426128610469836,0.011299435028248588,0.019571195565750026,18.99272131919861,0.06218449545966106,0.06235900308462753,"[{'seed': 42, 'Macro_F1': 0.3399378709850352, 'Rare_Macro_SF': 0.061836933091001314, 'Min_Rare_F1': 0.03389830508474576, 'F1_N': 0.5443886097152428, 'F1_S': 0.08977556109725686, 'F1_V': 0.6916890080428955, 'F1_F': 0.03389830508474576, 'Recall_S': 0.04712041884816754, 'Recall_F': 0.05555555555555555, 'best_epoch': 2}, {'seed': 43, 'Macro_F1': 0.3148382287193244, 'Rare_Macro_SF': 0.0, 'Min_Rare_F1': 0.0, 'F1_N': 0.564638783269962, 'F1_S': 0.0, 'F1_V': 0.6947141316073355, 'F1_F': 0.0, 'Recall_S': 0.0, 'Recall_F': 0.0, 'best_epoch': 1}, {'seed': 44, 'Macro_F1': 0.4009046487365535, 'Rare_Macro_SF': 0.12471655328798185, 'Min_Rare_F1': 0.0, 'F1_N': 0.6215921483097055, 'F1_S': 0.2494331065759637, 'F1_V': 0.7325933400605449, 'F1_F': 0.0, 'Recall_S': 0.14397905759162305, 'Recall_F': 0.0, 'best_epoch': 2}]",84.42410659790039,65.31528425216675,0,COMPLETE
34,0.060638580006079267,0.35870887499395265,2026-08-10 11:45:54.175688,2026-08-10 11:47:30.664430,0 days 00:01:36.488742,1,gaus8,160x160,linear,64,6.0,32,linear,0.0,0.5672623364171527,0.12127716001215853,0.7462960035464993,0.0,0.0663176265270506,6.0,"{'method': 'CWT', 'image_size': [160, 160], 'norm_type': 'linear', 'clip_pct': 1, 'wavelet': 'gaus8', 'scale_min': 6.0, 'scale_max': 38.0, 'scale_type': 'linear', 'num_scales': 64}",0.35870887499395265,0.012654277278519354,0.0,0.0,16.649722814559937,0.060638580006079267,0.027979737501909088,"[{'seed': 42, 'Macro_F1': 0.3453044297600497, 'Rare_Macro_SF': 0.032418952618453865, 'Min_Rare_F1': 0.0, 'F1_N': 0.5645161290322581, 'F1_S': 0.06483790523690773, 'F1_V': 0.751863684771033, 'F1_F': 0.0, 'Recall_S': 0.034031413612565446, 'Recall_F': 0.0, 'best_epoch': 4}, {'seed': 43, 'Macro_F1': 0.3704480976526079, 'Rare_Macro_SF': 0.08837209302325581, 'Min_Rare_F1': 0.0, 'F1_N': 0.5706371191135734, 'F1_S': 0.17674418604651163, 'F1_V': 0.7344110854503464, 'F1_F': 0.0, 'Recall_S': 0.09947643979057591, 'Recall_F': 0.0, 'best_epoch': 7}, {'seed': 44, 'Macro_F1': 0.36037409756920036, 'Rare_Macro_SF': 0.061124694376528114, 'Min_Rare_F1': 0.0, 'F1_N': 0.5666337611056268, 'F1_S': 0.12224938875305623, 'F1_V': 0.7526132404181185, 'F1_F': 0.0, 'Recall_S': 0.06544502617801047, 'Recall_F': 0.0, 'best_epoch': 6}]",96.19449067115784,79.42391538619995,1,COMPLETE
14,0.06052086718962746,0.3662773036383326,2026-08-10 11:09:57.506153,2026-08-10 11:12:19.468732,0 days 00:02:21.962579,3,mexh,160x256,log1p,80,8.0,48,logarithmic,0.013333333333333334,0.5829222012790868,0.10770840104592157,0.7611452788949885,0.018518518518518517,0.06369982547993018,5.0,"{'method': 'CWT', 'image_size': [160, 256], 'norm_type': 'log1p', 'clip_pct': 3, 'wavelet': 'mexh', 'scale_min': 8.0, 'scale_max': 56.0, 'scale_type': 'logarithmic', 'num_scales': 80}",0.3662773036383326,0.02269184268305043,0.013333333333333334,0.023094010767585032,21.220208883285522,0.06052086718962746,0.0421381612063546,"[{'seed': 42, 'Macro_F1': 0.3859956931179662, 'Rare_Macro_SF': 0.10438818565400844, 'Min_Rare_F1': 0.04, 'F1_N': 0.5617021276595745, 'F1_S': 0.16877637130801687, 'F1_V': 0.7735042735042735, 'F1_F': 0.04, 'Recall_S': 0.10471204188481675, 'Recall_F': 0.05555555555555555, 'best_epoch': 5}, {'seed': 43, 'Macro_F1': 0.3414745965403245, 'Rare_Macro_SF': 0.056818181818181816, 'Min_Rare_F1': 0.0, 'F1_N': 0.5278884462151394, 'F1_S': 0.11363636363636363, 'F1_V': 0.724373576309795, 'F1_F': 0.0, 'Recall_S': 0.06544502617801047, 'Recall_F': 0.0, 'best_epoch': 3}, {'seed': 44, 'Macro_F1': 0.371361621256707, 'Rare_Macro_SF': 0.020356234096692113, 'Min_Rare_F1': 0.0, 'F1_N': 0.6591760299625468, 'F1_S': 0.04071246819338423, 'F1_V': 0.7855579868708972, 'F1_F': 0.0, 'Recall_S': 0.020942408376963352, 'Recall_F': 0.0, 'best_epoch': 8}]",141.66815423965454,120.32347178459167,0,COMPLETE
8,0.05847606825274876,0.3381200220077322,2026-08-10 10:58:02.381194,2026-08-10 10:59:04.134975,0 days 00:01:01.753781,1,cmor1.5-1.0,96x128,sqrt,96,4.0,48,linear,0.004975124378109453,0.564035027427558,0.11197701212738807,0.6714929240978735,0.018518518518518517,0.06719022687609076,2.0,"{'method': 'CWT', 'image_size': [96, 128], 'norm_type': 'sqrt', 'clip_pct': 1, 'wavelet': 'cmor1.5-1.0', 'scale_min': 4.0, 'scale_max': 52.0, 'scale_type': 'linear', 'num_scales': 96}",0.3381200220077322,0.013946805651658631,0.004975124378109453,0.008617168196860087,25.509109497070312,0.05847606825274876,0.0660437970246331,"[{'seed': 42, 'Macro_F1': 0.3312961244458533, 'Rare_Macro_SF': 0.02040816326530612, 'Min_Rare_F1': 0.0, 'F1_N': 0.593010146561443, 'F1_S': 0.04081632653061224, 'F1_V': 0.691358024691358, 'F1_F': 0.0, 'Recall_S': 0.020942408376963352, 'Recall_F': 0.0, 'best_epoch': 1}, {'seed': 43, 'Macro_F1': 0.35416483287269185, 'Rare_Macro_SF': 0.13473684210526315, 'Min_Rare_F1': 0.0, 'F1_N': 0.5286103542234333, 'F1_S': 0.2694736842105263, 'F1_V': 0.6185752930568079, 'F1_F': 0.0, 'Recall_S': 0.16753926701570682, 'Recall_F': 0.0, 'best_epoch': 3}, {'seed': 44, 'Macro_F1': 0.3288991087046515, 'Rare_Macro_SF': 0.020283199387677, 'Min_Rare_F1': 0.014925373134328358, 'F1_N': 0.5704845814977973, 'F1_S': 0.02564102564102564, 'F1_V': 0.7045454545454546, 'F1_F': 0.014925373134328358, 'Recall_S': 0.013089005235602094, 'Recall_F': 0.05555555555555555, 'best_epoch': 2}]",61.46004796028137,35.82866287231445,0,COMPLETE
85,0.05629080983196865,0.3681789721619532,2026-08-10 13:23:09.782401,2026-08-10 13:24:30.315338,0 days 00:01:20.532937,4,mexh,128x160,linear,96,6.0,32,logarithmic,0.09195402298850575,0.6089908152730029,0.020627596675431552,0.7511434537108727,0.0925925925925926,0.010471204188481678,5.0,"{'method': 'CWT', 'image_size': [128, 160], 'norm_type': 'linear', 'clip_pct': 4, 'wavelet': 'mexh', 'scale_min': 6.0, 'scale_max': 38.0, 'scale_type': 'logarithmic', 'num_scales': 96}",0.3681789721619532,0.03185925434666106,0.015446249525172484,0.013627907218656608,22.2357280254364,0.05629080983196865,0.055191459823184436,"[{'seed': 42, 'Macro_F1': 0.4015029067899214, 'Rare_Macro_SF': 0.11633487380021329, 'Min_Rare_F1': 0.02577319587628866, 'F1_N': 0.6248756218905472, 'F1_S': 0.02577319587628866, 'F1_V': 0.7484662576687117, 'F1_F': 0.20689655172413793, 'Recall_S': 0.013089005235602094, 'Recall_F': 0.16666666666666666, 'best_epoch': 5}, {'seed': 43, 'Macro_F1': 0.3380207600662375, 'Rare_Macro_SF': 0.007772020725388601, 'Min_Rare_F1': 0.0, 'F1_N': 0.6049953746530989, 'F1_S': 0.015544041450777202, 'F1_V': 0.7315436241610739, 'F1_F': 0.0, 'Recall_S': 0.007853403141361256, 'Recall_F': 0.0, 'best_epoch': 3}, {'seed': 44, 'Macro_F1': 0.36501324962970066, 'Rare_Macro_SF': 0.04476553497030405, 'Min_Rare_F1': 0.02056555269922879, 'F1_N': 0.5971014492753624, 'F1_S': 0.02056555269922879, 'F1_V': 0.7734204793028322, 'F1_F': 0.06896551724137931, 'Recall_S': 0.010471204188481676, 'Recall_F': 0.1111111111111111, 'best_epoch': 6}]",80.22412705421448,57.860421895980835,4,COMPLETE
86,0.05296740034257377,0.36435542760491996,2026-08-10 13:24:30.521333,2026-08-10 13:26:01.896365,0 days 00:01:31.375032,4,mexh,160x160,linear,80,6.0,32,logarithmic,0.08884822076978939,0.5796382181880143,0.017086579915358144,0.7718486915465181,0.1111111111111111,0.008726003490401396,3.0,"{'method': 'CWT', 'image_size': [160, 160], 'norm_type': 'linear', 'clip_pct': 4, 'wavelet': 'mexh', 'scale_min': 6.0, 'scale_max': 38.0, 'scale_type': 'logarithmic', 'num_scales': 80}",0.36435542760491996,0.03589957751851845,0.012241796200345425,0.0032546999631000665,19.072616815567017,0.05296740034257377,0.03628901893916239,"[{'seed': 42, 'Macro_F1': 0.3904839564009752, 'Rare_Macro_SF': 0.09341664126790614, 'Min_Rare_F1': 0.010362694300518135, 'F1_N': 0.620754716981132, 'F1_S': 0.010362694300518135, 'F1_V': 0.7543478260869565, 'F1_F': 0.17647058823529413, 'Recall_S': 0.005235602094240838, 'Recall_F': 0.16666666666666666, 'best_epoch': 3}, {'seed': 43, 'Macro_F1': 0.32342084470811305, 'Rare_Macro_SF': 0.023267175572519082, 'Min_Rare_F1': 0.016, 'F1_N': 0.4863731656184486, 'F1_S': 0.030534351145038167, 'F1_V': 0.7607758620689655, 'F1_F': 0.016, 'Recall_S': 0.015706806282722512, 'Recall_F': 0.05555555555555555, 'best_epoch': 3}, {'seed': 44, 'Macro_F1': 0.37916148170567165, 'Rare_Macro_SF': 0.0422183841872961, 'Min_Rare_F1': 0.010362694300518135, 'F1_N': 0.631786771964462, 'F1_S': 0.010362694300518135, 'F1_V': 0.8004223864836325, 'F1_F': 0.07407407407407407, 'Recall_S': 0.005235602094240838, 'Recall_F': 0.1111111111111111, 'best_epoch': 11}]",91.06857061386108,71.87335872650146,4,COMPLETE
65,0.04956709956709957,0.3555097117205208,2026-08-10 12:44:48.630217,2026-08-10 12:45:44.439814,0 days 00:00:55.809597,4,gaus8,128x160,sqrt,64,6.0,96,logarithmic,0.09393939393939395,0.6068744091666719,0.005194805194805195,0.7160302385812122,0.0925925925925926,0.0026178010471204186,2.0,"{'method': 'CWT', 'image_size': [128, 160], 'norm_type': 'sqrt', 'clip_pct': 4, 'wavelet': 'gaus8', 'scale_min': 6.0, 'scale_max': 102.0, 'scale_type': 'logarithmic', 'num_scales': 64}",0.3555097117205208,0.018631395830784787,0.0,0.0,17.499747276306152,0.04956709956709957,0.04156013254135514,"[{'seed': 42, 'Macro_F1': 0.3762630332332186, 'Rare_Macro_SF': 0.09090909090909091, 'Min_Rare_F1': 0.0, 'F1_N': 0.617351598173516, 'F1_S': 0.0, 'F1_V': 0.7058823529411765, 'F1_F': 0.18181818181818182, 'Recall_S': 0.0, 'Recall_F': 0.1111111111111111, 'best_epoch': 1}, {'seed': 43, 'Macro_F1': 0.3500425973023108, 'Rare_Macro_SF': 0.05, 'Min_Rare_F1': 0.0, 'F1_N': 0.5893536121673004, 'F1_S': 0.0, 'F1_V': 0.7108167770419426, 'F1_F': 0.1, 'Recall_S': 0.0, 'Recall_F': 0.16666666666666666, 'best_epoch': 2}, {'seed': 44, 'Macro_F1': 0.3402235046260331, 'Rare_Macro_SF': 0.007792207792207792, 'Min_Rare_F1': 0.0, 'F1_N': 0.6139180171591992, 'F1_S': 0.015584415584415584, 'F1_V': 0.7313915857605178, 'F1_F': 0.0, 'Recall_S': 0.007853403141361256, 'Recall_F': 0.0, 'best_epoch': 2}]",55.507946491241455,37.88502788543701,3,COMPLETE
37,0.047295608383288446,0.369038561019943,2026-08-10 11:52:26.923576,2026-08-10 11:53:59.186518,0 days 00:01:32.262942,1,cmor1.5-1.0,160x160,log1p,80,2.0,128,logarithmic,0.0,0.6312573340470866,0.09459121676657689,0.7503056932661085,0.0,0.05148342059336824,3.0,"{'method': 'CWT', 'image_size': [160, 160], 'norm_type': 'log1p', 'clip_pct': 1, 'wavelet': 'cmor1.5-1.0', 'scale_min': 2.0, 'scale_max': 130.0, 'scale_type': 'logarithmic', 'num_scales': 80}",0.369038561019943,0.029460042836662752,0.0,0.0,23.516258716583252,0.047295608383288446,0.04274422904667846,"[{'seed': 42, 'Macro_F1': 0.34324241340448597, 'Rare_Macro_SF': 0.010362694300518135, 'Min_Rare_F1': 0.0, 'F1_N': 0.6217712177121771, 'F1_S': 0.02072538860103627, 'F1_V': 0.7304730473047305, 'F1_F': 0.0, 'Recall_S': 0.010471204188481676, 'Recall_F': 0.0, 'best_epoch': 3}, {'seed': 43, 'Macro_F1': 0.40114114471699613, 'Rare_Macro_SF': 0.09411764705882353, 'Min_Rare_F1': 0.0, 'F1_N': 0.6410256410256411, 'F1_S': 0.18823529411764706, 'F1_V': 0.7753036437246964, 'F1_F': 0.0, 'Recall_S': 0.10471204188481675, 'Recall_F': 0.0, 'best_epoch': 2}, {'seed': 44, 'Macro_F1': 0.3627321249383469, 'Rare_Macro_SF': 0.03740648379052369, 'Min_Rare_F1': 0.0, 'F1_N': 0.6309751434034416, 'F1_S': 0.07481296758104738, 'F1_V': 0.7451403887688985, 'F1_F': 0.0, 'Recall_S': 0.03926701570680628, 'Recall_F': 0.0, 'best_epoch': 9}]",91.94546723365784,68.30504965782166,2,COMPLETE
30,0.04728613755814753,0.3807103484723497,2026-08-10 11:39:22.482965,2026-08-10 11:40:57.737167,0 days 00:01:35.254202,2,mexh,160x192,sqrt,48,2.0,16,linear,0.08080808080808081,0.6697541844294169,0.013764194308214241,0.7585149343436867,0.07407407407407407,0.006980802792321117,4.0,"{'method': 'CWT', 'image_size': [160, 192], 'norm_type': 'sqrt', 'clip_pct': 2, 'wavelet': 'mexh', 'scale_min': 2.0, 'scale_max': 18.0, 'scale_type': 'linear', 'num_scales': 48}",0.3807103484723497,0.0370214683387939,0.003401360544217687,0.00589132927744516,12.42563009262085,0.04728613755814753,0.06848828015160728,"[{'seed': 42, 'Macro_F1': 0.36366133734827155, 'Rare_Macro_SF': 0.0103359173126615, 'Min_Rare_F1': 0.0, 'F1_N': 0.6701662292213474, 'F1_S': 0.020671834625323, 'F1_V': 0.763807285546416, 'F1_F': 0.0, 'Recall_S': 0.010471204188481676, 'Recall_F': 0.0, 'best_epoch': 3}, {'seed': 43, 'Macro_F1': 0.35528507446619984, 'Rare_Macro_SF': 0.005208333333333333, 'Min_Rare_F1': 0.0, 'F1_N': 0.6644182124789207, 'F1_S': 0.010416666666666666, 'F1_V': 0.7463054187192119, 'F1_F': 0.0, 'Recall_S': 0.005235602094240838, 'Recall_F': 0.0, 'best_epoch': 4}, {'seed': 44, 'Macro_F1': 0.4231846336025776, 'Rare_Macro_SF': 0.12631416202844775, 'Min_Rare_F1': 0.01020408163265306, 'F1_N': 0.6746781115879829, 'F1_S': 0.01020408163265306, 'F1_V': 0.7654320987654321, 'F1_F': 0.24242424242424243, 'Recall_S': 0.005235602094240838, 'Recall_F': 0.2222222222222222, 'best_epoch': 6}]",94.95887088775635,82.41254210472107,1,COMPLETE
81,0.045200746470293714,0.3742344188265263,2026-08-10 13:15:02.360687,2026-08-10 13:18:01.733334,0 days 00:02:59.372647,5,mexh,224x256,log1p,80,2.0,16,logarithmic,0.07331378299120235,0.6470568113863265,0.017087709949385077,0.7594793709791915,0.05555555555555555,0.008726003490401396,5.0,"{'method': 'CWT', 'image_size': [224, 256], 'norm_type': 'log1p', 'clip_pct': 5, 'wavelet': 'mexh', 'scale_min': 2.0, 'scale_max': 18.0, 'scale_type': 'logarithmic', 'num_scales': 80}",0.3742344188265263,0.021550886968557725,0.013624506486181612,0.015479749601569259,17.759803771972656,0.045200746470293714,0.0375738270882324,"[{'seed': 42, 'Macro_F1': 0.3756978755563717, 'Rare_Macro_SF': 0.05066287878787879, 'Min_Rare_F1': 0.010416666666666666, 'F1_N': 0.6501429933269781, 'F1_S': 0.010416666666666666, 'F1_V': 0.7513227513227513, 'F1_F': 0.09090909090909091, 'Recall_S': 0.005235602094240838, 'Recall_F': 0.05555555555555555, 'best_epoch': 5}, {'seed': 43, 'Macro_F1': 0.35198910289626595, 'Rare_Macro_SF': 0.005194805194805195, 'Min_Rare_F1': 0.0, 'F1_N': 0.6390197926484449, 'F1_S': 0.01038961038961039, 'F1_V': 0.7585470085470085, 'F1_F': 0.0, 'Recall_S': 0.005235602094240838, 'Recall_F': 0.0, 'best_epoch': 4}, {'seed': 44, 'Macro_F1': 0.3950162780269414, 'Rare_Macro_SF': 0.07974455542819715, 'Min_Rare_F1': 0.030456852791878174, 'F1_N': 0.6520076481835564, 'F1_S': 0.030456852791878174, 'F1_V': 0.7685683530678149, 'F1_F': 0.12903225806451613, 'Recall_S': 0.015706806282722512, 'Recall_F': 0.1111111111111111, 'best_epoch': 6}]",179.07697010040283,161.19597744941711,4,COMPLETE
10,0.04470908149649242,0.37392741673792945,2026-08-10 11:01:52.560107,2026-08-10 11:04:24.939920,0 days 00:02:32.379813,5,mexh,192x160,sqrt,128,6.0,128,logarithmic,0.023989898989898988,0.6231208560923377,0.06542826400308586,0.7831706478663953,0.037037037037037035,0.03577661431064572,10.0,"{'method': 'CWT', 'image_size': [192, 160], 'norm_type': 'sqrt', 'clip_pct': 5, 'wavelet': 'mexh', 'scale_min': 6.0, 'scale_max': 134.0, 'scale_type': 'logarithmic', 'num_scales': 128}",0.37392741673792945,0.018398324226125227,0.016938616938616938,0.01546446280279339,34.29485845565796,0.04470908149649242,0.0528516454018161,"[{'seed': 42, 'Macro_F1': 0.3573152161652621, 'Rare_Macro_SF': 0.0, 'Min_Rare_F1': 0.0, 'F1_N': 0.6476014760147601, 'F1_S': 0.0, 'F1_V': 0.7816593886462883, 'F1_F': 0.0, 'Recall_S': 0.0, 'Recall_F': 0.0, 'best_epoch': 8}, {'seed': 43, 'Macro_F1': 0.39370192704613316, 'Rare_Macro_SF': 0.10303750089973368, 'Min_Rare_F1': 0.030303030303030304, 'F1_N': 0.5884907709011944, 'F1_S': 0.17577197149643706, 'F1_V': 0.780241935483871, 'F1_F': 0.030303030303030304, 'Recall_S': 0.0968586387434555, 'Recall_F': 0.05555555555555555, 'best_epoch': 11}, {'seed': 44, 'Macro_F1': 0.3707651070023931, 'Rare_Macro_SF': 0.03108974358974359, 'Min_Rare_F1': 0.020512820512820513, 'F1_N': 0.6332703213610587, 'F1_S': 0.020512820512820513, 'F1_V': 0.7876106194690266, 'F1_F': 0.041666666666666664, 'Recall_S': 0.010471204188481676, 'Recall_F': 0.05555555555555555, 'best_epoch': 10}]",152.07818222045898,117.66501688957214,0,COMPLETE
12,0.03297123437310353,0.3300057435903159,2026-08-10 11:06:52.668242,2026-08-10 11:08:16.914852,0 days 00:01:24.246610,2,morl,160x192,log1p,32,8.0,16,linear,0.0,0.5791095317572769,0.06594246874620706,0.6749709738577799,0.0,0.03664921465968586,2.0,"{'method': 'CWT', 'image_size': [160, 192], 'norm_type': 'log1p', 'clip_pct': 2, 'wavelet': 'morl', 'scale_min': 8.0, 'scale_max': 24.0, 'scale_type': 'linear', 'num_scales': 32}",0.3300057435903159,0.016997606526641704,0.0,0.0,11.191499710083008,0.03297123437310353,0.05051009069812581,"[{'seed': 42, 'Macro_F1': 0.32390657237051723, 'Rare_Macro_SF': 0.007792207792207792, 'Min_Rare_F1': 0.0, 'F1_N': 0.5905441570026762, 'F1_S': 0.015584415584415584, 'F1_V': 0.6894977168949772, 'F1_F': 0.0, 'Recall_S': 0.007853403141361256, 'Recall_F': 0.0, 'best_epoch': 2}, {'seed': 43, 'Macro_F1': 0.3168992557150452, 'Rare_Macro_SF': 0.0, 'Min_Rare_F1': 0.0, 'F1_N': 0.5681818181818182, 'F1_S': 0.0, 'F1_V': 0.6994152046783626, 'F1_F': 0.0, 'Recall_S': 0.0, 'Recall_F': 0.0, 'best_epoch': 2}, {'seed': 44, 'Macro_F1': 0.3492114026853854, 'Rare_Macro_SF': 0.0911214953271028, 'Min_Rare_F1': 0.0, 'F1_N': 0.5786026200873362, 'F1_S': 0.1822429906542056, 'F1_V': 0.636, 'F1_F': 0.0, 'Recall_S': 0.10209424083769633, 'Recall_F': 0.0, 'best_epoch': 6}]",83.94980955123901,72.63992714881897,0,COMPLETE
89,0.028169014084507043,0.33005990807738617,2026-08-10 13:30:10.816436,2026-08-10 13:31:41.100605,0 days 00:01:30.284169,2,cmor1.5-1.0,192x192,linear,80,4.0,16,logarithmic,0.0,0.5348185227990219,0.056338028169014086,0.7290830813415087,0.0,0.031413612565445025,1.0,"{'method': 'CWT', 'image_size': [192, 192], 'norm_type': 'linear', 'clip_pct': 2, 'wavelet': 'cmor1.5-1.0', 'scale_min': 4.0, 'scale_max': 20.0, 'scale_type': 'logarithmic', 'num_scales': 80}",0.33005990807738617,0.009499272225995288,0.0,0.0,18.71355104446411,0.028169014084507043,0.0487901635934895,"[{'seed': 42, 'Macro_F1': 0.34101909477194897, 'Rare_Macro_SF': 0.08450704225352113, 'Min_Rare_F1': 0.0, 'F1_N': 0.4943820224719101, 'F1_S': 0.16901408450704225, 'F1_V': 0.7006802721088435, 'F1_F': 0.0, 'Recall_S': 0.09424083769633508, 'Recall_F': 0.0, 'best_epoch': 4}, {'seed': 43, 'Macro_F1': 0.32418239128413384, 'Rare_Macro_SF': 0.0, 'Min_Rare_F1': 0.0, 'F1_N': 0.5451532725766363, 'F1_S': 0.0, 'F1_V': 0.7515762925598991, 'F1_F': 0.0, 'Recall_S': 0.0, 'Recall_F': 0.0, 'best_epoch': 1}, {'seed': 44, 'Macro_F1': 0.32497823817607563, 'Rare_Macro_SF': 0.0, 'Min_Rare_F1': 0.0, 'F1_N': 0.5649202733485194, 'F1_S': 0.0, 'F1_V': 0.7349926793557833, 'F1_F': 0.0, 'Recall_S': 0.0, 'Recall_F': 0.0, 'best_epoch': 1}]",89.93786454200745,71.09640049934387,4,COMPLETE
17,0.017931230463199773,0.3451730873895202,2026-08-10 11:15:03.055487,2026-08-10 11:16:11.977509,0 days 00:01:08.922022,5,mexh,160x160,log1p,48,1.0,64,linear,0.022222222222222223,0.5976419965257564,0.013640238704177325,0.747187892105925,0.037037037037037035,0.006980802792321117,2.0,"{'method': 'CWT', 'image_size': [160, 160], 'norm_type': 'log1p', 'clip_pct': 5, 'wavelet': 'mexh', 'scale_min': 1.0, 'scale_max': 65.0, 'scale_type': 'linear', 'num_scales': 48}",0.3451730873895202,0.0028497106228706406,0.0,0.0,16.016648292541504,0.017931230463199773,0.01680997152181658,"[{'seed': 42, 'Macro_F1': 0.34190270161493186, 'Rare_Macro_SF': 0.0, 'Min_Rare_F1': 0.0, 'F1_N': 0.6063720452209661, 'F1_S': 0.0, 'F1_V': 0.7612387612387612, 'F1_F': 0.0, 'Recall_S': 0.0, 'Recall_F': 0.0, 'best_epoch': 1}, {'seed': 43, 'Macro_F1': 0.3471233727999395, 'Rare_Macro_SF': 0.020460358056265986, 'Min_Rare_F1': 0.0, 'F1_N': 0.5973025048169557, 'F1_S': 0.04092071611253197, 'F1_V': 0.7502702702702703, 'F1_F': 0.0, 'Recall_S': 0.020942408376963352, 'Recall_F': 0.0, 'best_epoch': 4}, {'seed': 44, 'Macro_F1': 0.3464931877536893, 'Rare_Macro_SF': 0.03333333333333333, 'Min_Rare_F1': 0.0, 'F1_N': 0.5892514395393474, 'F1_S': 0.0, 'F1_V': 0.7300546448087432, 'F1_F': 0.06666666666666667, 'Recall_S': 0.0, 'Recall_F': 0.1111111111111111, 'best_epoch': 2}]",68.62902498245239,52.494749546051025,0,COMPLETE
29,0.017931230463199773,0.3451730873895202,2026-08-10 11:38:13.650807,2026-08-10 11:39:22.291436,0 days 00:01:08.640629,5,mexh,160x160,log1p,48,1.0,64,linear,0.022222222222222223,0.5976419965257564,0.013640238704177325,0.747187892105925,0.037037037037037035,0.006980802792321117,2.0,"{'method': 'CWT', 'image_size': [160, 160], 'norm_type': 'log1p', 'clip_pct': 5, 'wavelet': 'mexh', 'scale_min': 1.0, 'scale_max': 65.0, 'scale_type': 'linear', 'num_scales': 48}",0.3451730873895202,0.0028497106228706406,0.0,0.0,15.635098934173584,0.017931230463199773,0.01680997152181658,"[{'seed': 42, 'Macro_F1': 0.34190270161493186, 'Rare_Macro_SF': 0.0, 'Min_Rare_F1': 0.0, 'F1_N': 0.6063720452209661, 'F1_S': 0.0, 'F1_V': 0.7612387612387612, 'F1_F': 0.0, 'Recall_S': 0.0, 'Recall_F': 0.0, 'best_epoch': 1}, {'seed': 43, 'Macro_F1': 0.3471233727999395, 'Rare_Macro_SF': 0.020460358056265986, 'Min_Rare_F1': 0.0, 'F1_N': 0.5973025048169557, 'F1_S': 0.04092071611253197, 'F1_V': 0.7502702702702703, 'F1_F': 0.0, 'Recall_S': 0.020942408376963352, 'Recall_F': 0.0, 'best_epoch': 4}, {'seed': 44, 'Macro_F1': 0.3464931877536893, 'Rare_Macro_SF': 0.03333333333333333, 'Min_Rare_F1': 0.0, 'F1_N': 0.5892514395393474, 'F1_S': 0.0, 'F1_V': 0.7300546448087432, 'F1_F': 0.06666666666666667, 'Recall_S': 0.0, 'Recall_F': 0.1111111111111111, 'best_epoch': 2}]",68.31820821762085,52.56397891044617,1,COMPLETE
11,0.01485148514851485,0.3460741853761105,2026-08-10 11:04:25.144967,2026-08-10 11:06:52.473819,0 days 00:02:27.328852,3,gaus4,224x256,linear,48,6.0,32,linear,0.0,0.617033245974056,0.0297029702970297,0.7375605252333566,0.0,0.015706806282722512,1.0,"{'method': 'CWT', 'image_size': [224, 256], 'norm_type': 'linear', 'clip_pct': 3, 'wavelet': 'gaus4', 'scale_min': 6.0, 'scale_max': 38.0, 'scale_type': 'linear', 'num_scales': 48}",0.3460741853761105,0.01892061603721984,0.0,0.0,15.348008632659912,0.01485148514851485,0.025723526845082334,"[{'seed': 42, 'Macro_F1': 0.3242355304148221, 'Rare_Macro_SF': 0.0, 'Min_Rare_F1': 0.0, 'F1_N': 0.6144859813084113, 'F1_S': 0.0, 'F1_V': 0.6824561403508772, 'F1_F': 0.0, 'Recall_S': 0.0, 'Recall_F': 0.0, 'best_epoch': 1}, {'seed': 43, 'Macro_F1': 0.3564507667473769, 'Rare_Macro_SF': 0.0, 'Min_Rare_F1': 0.0, 'F1_N': 0.6419047619047619, 'F1_S': 0.0, 'F1_V': 0.7838983050847458, 'F1_F': 0.0, 'Recall_S': 0.0, 'Recall_F': 0.0, 'best_epoch': 1}, {'seed': 44, 'Macro_F1': 0.3575362589661326, 'Rare_Macro_SF': 0.04455445544554455, 'Min_Rare_F1': 0.0, 'F1_N': 0.5947089947089947, 'F1_S': 0.0891089108910891, 'F1_V': 0.7463271302644466, 'F1_F': 0.0, 'Recall_S': 0.04712041884816754, 'Recall_F': 0.0, 'best_epoch': 11}]",147.0391824245453,131.57283520698547,0,COMPLETE
32,0.003940110323089046,0.3419028686327708,2026-08-10 11:42:11.373597,2026-08-10 11:44:43.981125,0 days 00:02:32.607528,5,morl,224x224,sqrt,128,8.0,48,linear,0.0,0.5822561958127735,0.007880220646178092,0.7774750580721318,0.0,0.004363001745200698,5.0,"{'method': 'CWT', 'image_size': [224, 224], 'norm_type': 'sqrt', 'clip_pct': 5, 'wavelet': 'morl', 'scale_min': 8.0, 'scale_max': 56.0, 'scale_type': 'linear', 'num_scales': 128}",0.3419028686327708,0.00352191179155546,0.0,0.0,32.68844437599182,0.003940110323089046,0.006824471267016853,"[{'seed': 42, 'Macro_F1': 0.3431400667540271, 'Rare_Macro_SF': 0.01182033096926714, 'Min_Rare_F1': 0.0, 'F1_N': 0.576, 'F1_S': 0.02364066193853428, 'F1_V': 0.7729196050775741, 'F1_F': 0.0, 'Recall_S': 0.013089005235602094, 'Recall_F': 0.0, 'best_epoch': 5}, {'seed': 43, 'Macro_F1': 0.33792929292929297, 'Rare_Macro_SF': 0.0, 'Min_Rare_F1': 0.0, 'F1_N': 0.5672727272727273, 'F1_S': 0.0, 'F1_V': 0.7844444444444445, 'F1_F': 0.0, 'Recall_S': 0.0, 'Recall_F': 0.0, 'best_epoch': 1}, {'seed': 44, 'Macro_F1': 0.3446392462149925, 'Rare_Macro_SF': 0.0, 'Min_Rare_F1': 0.0, 'F1_N': 0.6034958601655934, 'F1_S': 0.0, 'F1_V': 0.7750611246943765, 'F1_F': 0.0, 'Recall_S': 0.0, 'Recall_F': 0.0, 'best_epoch': 5}]",152.31422662734985,119.50290369987488,1,COMPLETE
78,0.001736111111111111,0.3513606656736847,2026-08-10 13:09:10.718238,2026-08-10 13:12:08.792544,0 days 00:02:58.074306,2,mexh,224x224,linear,32,8.0,128,linear,0.0,0.6384076606794196,0.003472222222222222,0.763562779793097,0.0,0.0017452006980802793,7.0,"{'method': 'CWT', 'image_size': [224, 224], 'norm_type': 'linear', 'clip_pct': 2, 'wavelet': 'mexh', 'scale_min': 8.0, 'scale_max': 136.0, 'scale_type': 'linear', 'num_scales': 32}",0.3513606656736847,0.004470582782285502,0.0,0.0,17.037861824035645,0.001736111111111111,0.003007032652029301,"[{'seed': 42, 'Macro_F1': 0.35237433312025346, 'Rare_Macro_SF': 0.0, 'Min_Rare_F1': 0.0, 'F1_N': 0.6455938697318008, 'F1_S': 0.0, 'F1_V': 0.7639034627492131, 'F1_F': 0.0, 'Recall_S': 0.0, 'Recall_F': 0.0, 'best_epoch': 10}, {'seed': 43, 'Macro_F1': 0.3552373772215356, 'Rare_Macro_SF': 0.005208333333333333, 'Min_Rare_F1': 0.0, 'F1_N': 0.6324110671936759, 'F1_S': 0.010416666666666666, 'F1_V': 0.7781217750257998, 'F1_F': 0.0, 'Recall_S': 0.005235602094240838, 'Recall_F': 0.0, 'best_epoch': 7}, {'seed': 44, 'Macro_F1': 0.346470286679265, 'Rare_Macro_SF': 0.0, 'Min_Rare_F1': 0.0, 'F1_N': 0.6372180451127819, 'F1_S': 0.0, 'F1_V': 0.7486631016042781, 'F1_F': 0.0, 'Recall_S': 0.0, 'Recall_F': 0.0, 'best_epoch': 4}]",177.77981758117676,160.6206316947937,4,COMPLETE
1,0.0008680555555555555,0.35777810718798514,2026-08-10 10:42:59.648431,2026-08-10 10:44:58.281423,0 days 00:01:58.632992,2,gaus8,192x192,sqrt,64,8.0,64,linear,0.0,0.6423738119759724,0.001736111111111111,0.7870025056648573,0.0,0.0008726003490401396,5.0,"{'method': 'CWT', 'image_size': [192, 192], 'norm_type': 'sqrt', 'clip_pct': 2, 'wavelet': 'gaus8', 'scale_min': 8.0, 'scale_max': 72.0, 'scale_type': 'linear', 'num_scales': 64}",0.35777810718798514,0.006202939464663992,0.0,0.0,20.18758511543274,0.0008680555555555555,0.0015035163260146505,"[{'seed': 42, 'Macro_F1': 0.3512500313448181, 'Rare_Macro_SF': 0.0, 'Min_Rare_F1': 0.0, 'F1_N': 0.6388625592417062, 'F1_S': 0.0, 'F1_V': 0.7661375661375661, 'F1_F': 0.0, 'Recall_S': 0.0, 'Recall_F': 0.0, 'best_epoch': 1}, {'seed': 43, 'Macro_F1': 0.35848976830711987, 'Rare_Macro_SF': 0.0, 'Min_Rare_F1': 0.0, 'F1_N': 0.6438356164383562, 'F1_S': 0.0, 'F1_V': 0.7901234567901234, 'F1_F': 0.0, 'Recall_S': 0.0, 'Recall_F': 0.0, 'best_epoch': 5}, {'seed': 44, 'Macro_F1': 0.3635945219120177, 'Rare_Macro_SF': 0.0026041666666666665, 'Min_Rare_F1': 0.0, 'F1_N': 0.6444232602478551, 'F1_S': 0.005208333333333333, 'F1_V': 0.8047464940668824, 'F1_F': 0.0, 'Recall_S': 0.002617801047120419, 'Recall_F': 0.0, 'best_epoch': 7}]",118.34424495697021,98.03834891319275,0,COMPLETE
74,0.0,0.3563953169173888,2026-08-10 13:01:25.207727,2026-08-10 13:02:59.332976,0 days 00:01:34.125249,1,cmor1.5-1.0,160x160,sqrt,64,1.0,16,logarithmic,0.0,0.6436351117905929,0.0,0.7819461558789623,0.0,0.0,6.0,"{'method': 'CWT', 'image_size': [160, 160], 'norm_type': 'sqrt', 'clip_pct': 1, 'wavelet': 'cmor1.5-1.0', 'scale_min': 1.0, 'scale_max': 17.0, 'scale_type': 'logarithmic', 'num_scales': 64}",0.3563953169173888,0.0009997265046952474,0.0,0.0,14.29207181930542,0.0,0.0,"[{'seed': 42, 'Macro_F1': 0.3552542139634192, 'Rare_Macro_SF': 0.0, 'Min_Rare_F1': 0.0, 'F1_N': 0.6404682274247492, 'F1_S': 0.0, 'F1_V': 0.7805486284289277, 'F1_F': 0.0, 'Recall_S': 0.0, 'Recall_F': 0.0, 'best_epoch': 7}, {'seed': 43, 'Macro_F1': 0.3571170838714968, 'Rare_Macro_SF': 0.0, 'Min_Rare_F1': 0.0, 'F1_N': 0.6585152838427948, 'F1_S': 0.0, 'F1_V': 0.7699530516431925, 'F1_F': 0.0, 'Recall_S': 0.0, 'Recall_F': 0.0, 'best_epoch': 4}, {'seed': 44, 'Macro_F1': 0.35681465291725034, 'Rare_Macro_SF': 0.0, 'Min_Rare_F1': 0.0, 'F1_N': 0.6319218241042345, 'F1_S': 0.0, 'F1_V': 0.7953367875647669, 'F1_F': 0.0, 'Recall_S': 0.0, 'Recall_F': 0.0, 'best_epoch': 6}]",93.81124806404114,79.3971655368805,4,COMPLETE
97,0.0,0.31944111978941914,2026-08-10 13:42:51.865815,2026-08-10 13:43:57.088156,0 days 00:01:05.222341,1,cmor1.5-1.0,160x192,linear,64,1.0,16,logarithmic,0.0,0.5536307593834726,0.0,0.7241337197742039,0.0,0.0,1.0,"{'method': 'CWT', 'image_size': [160, 192], 'norm_type': 'linear', 'clip_pct': 1, 'wavelet': 'cmor1.5-1.0', 'scale_min': 1.0, 'scale_max': 17.0, 'scale_type': 'logarithmic', 'num_scales': 64}",0.31944111978941914,0.01304453319282969,0.0,0.0,14.985432386398315,0.0,0.0,"[{'seed': 42, 'Macro_F1': 0.3339505546536796, 'Rare_Macro_SF': 0.0, 'Min_Rare_F1': 0.0, 'F1_N': 0.551948051948052, 'F1_S': 0.0, 'F1_V': 0.7838541666666666, 'F1_F': 0.0, 'Recall_S': 0.0, 'Recall_F': 0.0, 'best_epoch': 1}, {'seed': 43, 'Macro_F1': 0.3156888402451995, 'Rare_Macro_SF': 0.0, 'Min_Rare_F1': 0.0, 'F1_N': 0.5451761102603369, 'F1_S': 0.0, 'F1_V': 0.7175792507204611, 'F1_F': 0.0, 'Recall_S': 0.0, 'Recall_F': 0.0, 'best_epoch': 1}, {'seed': 44, 'Macro_F1': 0.30868396446937824, 'Rare_Macro_SF': 0.0, 'Min_Rare_F1': 0.0, 'F1_N': 0.563768115942029, 'F1_S': 0.0, 'F1_V': 0.6709677419354839, 'F1_F': 0.0, 'Recall_S': 0.0, 'Recall_F': 0.0, 'best_epoch': 1}]",64.89842367172241,49.78892111778259,5,COMPLETE
