number,values_0,values_1,datetime_start,datetime_complete,duration,params_clip_pct,params_image_size,params_nfft_multiplier,params_norm_type,params_noverlap_pct,params_nperseg,params_stft_window,user_attrs_F1_F,user_attrs_F1_N,user_attrs_F1_S,user_attrs_F1_V,user_attrs_Recall_F,user_attrs_Recall_S,user_attrs_best_epoch_median,user_attrs_config,user_attrs_macro_f1_mean,user_attrs_macro_f1_std,user_attrs_min_rare_f1_mean,user_attrs_min_rare_f1_std,user_attrs_preprocessing_seconds,user_attrs_rare_macro_sf_mean,user_attrs_rare_macro_sf_std,user_attrs_run_results,user_attrs_total_seconds,user_attrs_training_seconds,system_attrs_NSGAIISampler:generation,state
29,0.23881021469905228,0.42099432963060684,2026-08-10 09:06:31.969339,2026-08-10 09:07:53.226386,0 days 00:01:21.257047,5,128x128,1,sqrt,0.25,64,hamming,0.2284784784784785,0.5827276641589307,0.24914195091962602,0.6236292249653922,0.2222222222222222,0.15968586387434555,9.0,"{'method': 'STFT', 'image_size': [128, 128], 'norm_type': 'sqrt', 'clip_pct': 5, 'nperseg': 64, 'window': 'hamming', 'noverlap_pct': 0.25, 'nfft': 64}",0.42099432963060684,0.039711860698516406,0.18778610070744903,0.07056467397911112,2.890460252761841,0.23881021469905228,0.07568498655434146,"[{'seed': 42, 'Macro_F1': 0.3751743821237763, 'Rare_Macro_SF': 0.15391621129326047, 'Min_Rare_F1': 0.1111111111111111, 'F1_N': 0.5774804905239688, 'F1_S': 0.19672131147540983, 'F1_V': 0.6153846153846154, 'F1_F': 0.1111111111111111, 'Recall_S': 0.1099476439790576, 'Recall_F': 0.1111111111111111, 'best_epoch': 5}, {'seed': 43, 'Macro_F1': 0.4423450766552105, 'Rare_Macro_SF': 0.2632857576677802, 'Min_Rare_F1': 0.20224719101123595, 'F1_N': 0.6262833675564682, 'F1_S': 0.20224719101123595, 'F1_V': 0.6165254237288136, 'F1_F': 0.32432432432432434, 'Recall_S': 0.11780104712041885, 'Recall_F': 0.3333333333333333, 'best_epoch': 11}, {'seed': 44, 'Macro_F1': 0.4454635301128338, 'Rare_Macro_SF': 0.2992286751361162, 'Min_Rare_F1': 0.25, 'F1_N': 0.5444191343963554, 'F1_S': 0.3484573502722323, 'F1_V': 0.6389776357827476, 'F1_F': 0.25, 'Recall_S': 0.2513089005235602, 'Recall_F': 0.2222222222222222, 'best_epoch': 9}]",80.94936776161194,77.94445562362671,2,COMPLETE
44,0.23881021469905228,0.42099432963060684,2026-08-10 09:28:08.686317,2026-08-10 09:29:29.870851,0 days 00:01:21.184534,5,128x128,1,sqrt,0.25,64,hamming,0.2284784784784785,0.5827276641589307,0.24914195091962602,0.6236292249653922,0.2222222222222222,0.15968586387434555,9.0,"{'method': 'STFT', 'image_size': [128, 128], 'norm_type': 'sqrt', 'clip_pct': 5, 'nperseg': 64, 'window': 'hamming', 'noverlap_pct': 0.25, 'nfft': 64}",0.42099432963060684,0.039711860698516406,0.18778610070744903,0.07056467397911112,2.864626407623291,0.23881021469905228,0.07568498655434146,"[{'seed': 42, 'Macro_F1': 0.3751743821237763, 'Rare_Macro_SF': 0.15391621129326047, 'Min_Rare_F1': 0.1111111111111111, 'F1_N': 0.5774804905239688, 'F1_S': 0.19672131147540983, 'F1_V': 0.6153846153846154, 'F1_F': 0.1111111111111111, 'Recall_S': 0.1099476439790576, 'Recall_F': 0.1111111111111111, 'best_epoch': 5}, {'seed': 43, 'Macro_F1': 0.4423450766552105, 'Rare_Macro_SF': 0.2632857576677802, 'Min_Rare_F1': 0.20224719101123595, 'F1_N': 0.6262833675564682, 'F1_S': 0.20224719101123595, 'F1_V': 0.6165254237288136, 'F1_F': 0.32432432432432434, 'Recall_S': 0.11780104712041885, 'Recall_F': 0.3333333333333333, 'best_epoch': 11}, {'seed': 44, 'Macro_F1': 0.4454635301128338, 'Rare_Macro_SF': 0.2992286751361162, 'Min_Rare_F1': 0.25, 'F1_N': 0.5444191343963554, 'F1_S': 0.3484573502722323, 'F1_V': 0.6389776357827476, 'F1_F': 0.25, 'Recall_S': 0.2513089005235602, 'Recall_F': 0.2222222222222222, 'best_epoch': 9}]",80.89812803268433,77.90941429138184,3,COMPLETE
75,0.19447116671294287,0.4072719568427488,2026-08-10 10:24:00.081272,2026-08-10 10:26:35.717014,0 days 00:02:35.635742,3,192x224,4,linear,0.75,112,hamming,0.03211267605633803,0.5407555371953631,0.35682965736954775,0.6993899567497465,0.05555555555555555,0.26090750436300175,8.0,"{'method': 'STFT', 'image_size': [192, 224], 'norm_type': 'linear', 'clip_pct': 3, 'nperseg': 112, 'window': 'hamming', 'noverlap_pct': 0.75, 'nfft': 448}",0.4072719568427488,0.0034061993870093434,0.03211267605633803,0.028985354297254223,4.986420392990112,0.19447116671294287,0.02014909910971097,"[{'seed': 42, 'Macro_F1': 0.40338398258963293, 'Rare_Macro_SF': 0.20234113712374582, 'Min_Rare_F1': 0.0, 'F1_N': 0.5230078563411896, 'F1_S': 0.40468227424749165, 'F1_V': 0.6858457997698504, 'F1_F': 0.0, 'Recall_S': 0.31675392670157065, 'Recall_F': 0.0, 'best_epoch': 10}, {'seed': 43, 'Macro_F1': 0.4087012242209059, 'Rare_Macro_SF': 0.20949755986547652, 'Min_Rare_F1': 0.056338028169014086, 'F1_N': 0.5324384787472036, 'F1_S': 0.362657091561939, 'F1_V': 0.683371298405467, 'F1_F': 0.056338028169014086, 'Recall_S': 0.2643979057591623, 'Recall_F': 0.1111111111111111, 'best_epoch': 8}, {'seed': 44, 'Macro_F1': 0.4097306637177076, 'Rare_Macro_SF': 0.1715748031496063, 'Min_Rare_F1': 0.04, 'F1_N': 0.5668202764976958, 'F1_S': 0.3031496062992126, 'F1_V': 0.728952772073922, 'F1_F': 0.04, 'Recall_S': 0.20157068062827224, 'Recall_F': 0.05555555555555555, 'best_epoch': 6}]",155.34603095054626,150.23966646194458,6,COMPLETE
32,0.18217306608356906,0.4026134230290146,2026-08-10 09:10:08.097767,2026-08-10 09:12:04.257487,0 days 00:01:56.159720,3,192x224,4,linear,0.75,32,hamming,0.03225806451612903,0.6113494530234351,0.3320880676510091,0.634758106925485,0.05555555555555555,0.21291448516579406,3.0,"{'method': 'STFT', 'image_size': [192, 224], 'norm_type': 'linear', 'clip_pct': 3, 'nperseg': 32, 'window': 'hamming', 'noverlap_pct': 0.75, 'nfft': 128}",0.4026134230290146,0.020536032271700505,0.03225806451612903,0.05587260669577023,4.701160192489624,0.18217306608356906,0.03444524875188389,"[{'seed': 42, 'Macro_F1': 0.38428840706370293, 'Rare_Macro_SF': 0.1765873015873016, 'Min_Rare_F1': 0.0, 'F1_N': 0.5644599303135889, 'F1_S': 0.3531746031746032, 'F1_V': 0.6195190947666195, 'F1_F': 0.0, 'Recall_S': 0.23298429319371727, 'Recall_F': 0.0, 'best_epoch': 8}, {'seed': 43, 'Macro_F1': 0.42480950166086817, 'Rare_Macro_SF': 0.21906982769788835, 'Min_Rare_F1': 0.0967741935483871, 'F1_N': 0.6044098573281452, 'F1_S': 0.3413654618473896, 'F1_V': 0.656688493919551, 'F1_F': 0.0967741935483871, 'Recall_S': 0.22251308900523561, 'Recall_F': 0.16666666666666666, 'best_epoch': 3}, {'seed': 44, 'Macro_F1': 0.3987423603624726, 'Rare_Macro_SF': 0.15086206896551724, 'Min_Rare_F1': 0.0, 'F1_N': 0.6651785714285714, 'F1_S': 0.3017241379310345, 'F1_V': 0.6280667320902846, 'F1_F': 0.0, 'Recall_S': 0.18324607329842932, 'Recall_F': 0.0, 'best_epoch': 2}]",115.86986899375916,111.01847076416016,2,COMPLETE
35,0.17679448556641542,0.38199609754889247,2026-08-10 09:14:40.397180,2026-08-10 09:16:00.509123,0 days 00:01:20.111943,2,160x160,4,log1p,0.5,128,hamming,0.0,0.5958953952538084,0.35358897113283083,0.5785000238089307,0.0,0.22687609075043627,6.0,"{'method': 'STFT', 'image_size': [160, 160], 'norm_type': 'log1p', 'clip_pct': 2, 'nperseg': 128, 'window': 'hamming', 'noverlap_pct': 0.5, 'nfft': 512}",0.38199609754889247,0.014379808748369121,0.0,0.0,4.329774379730225,0.17679448556641542,0.02348396178143872,"[{'seed': 42, 'Macro_F1': 0.3834156062256742, 'Rare_Macro_SF': 0.17575757575757575, 'Min_Rare_F1': 0.0, 'F1_N': 0.6110572259941804, 'F1_S': 0.3515151515151515, 'F1_V': 0.5710900473933649, 'F1_F': 0.0, 'Recall_S': 0.22774869109947643, 'Recall_F': 0.0, 'best_epoch': 3}, {'seed': 43, 'Macro_F1': 0.36695917859299687, 'Rare_Macro_SF': 0.15384615384615385, 'Min_Rare_F1': 0.0, 'F1_N': 0.5385500575373993, 'F1_S': 0.3076923076923077, 'F1_V': 0.6215943491422805, 'F1_F': 0.0, 'Recall_S': 0.18324607329842932, 'Recall_F': 0.0, 'best_epoch': 7}, {'seed': 44, 'Macro_F1': 0.3956135078280063, 'Rare_Macro_SF': 0.20077972709551656, 'Min_Rare_F1': 0.0, 'F1_N': 0.6380789022298456, 'F1_S': 0.4015594541910331, 'F1_V': 0.5428156748911466, 'F1_F': 0.0, 'Recall_S': 0.2696335078534031, 'Recall_F': 0.0, 'best_epoch': 6}]",79.81582498550415,75.36712789535522,2,COMPLETE
71,0.1756773529265885,0.38229700344000794,2026-08-10 10:17:15.286644,2026-08-10 10:19:21.968502,0 days 00:02:06.681858,3,192x192,4,sqrt,0.5,64,hamming,0.023392699254768223,0.48563238061089403,0.3279620065984088,0.6922009272959606,0.1111111111111111,0.22949389179755672,10.0,"{'method': 'STFT', 'image_size': [192, 192], 'norm_type': 'sqrt', 'clip_pct': 3, 'nperseg': 64, 'window': 'hamming', 'noverlap_pct': 0.5, 'nfft': 256}",0.38229700344000794,0.014711079623857131,0.023392699254768223,0.02071411625792301,4.534135818481445,0.1756773529265885,0.03795008477710734,"[{'seed': 42, 'Macro_F1': 0.36619412130161183, 'Rare_Macro_SF': 0.16167664670658682, 'Min_Rare_F1': 0.0, 'F1_N': 0.4688741721854305, 'F1_S': 0.32335329341317365, 'F1_V': 0.6725490196078432, 'F1_F': 0.0, 'Recall_S': 0.21204188481675393, 'Recall_F': 0.0, 'best_epoch': 3}, {'seed': 43, 'Macro_F1': 0.39503232685477757, 'Rare_Macro_SF': 0.21863871413696856, 'Min_Rare_F1': 0.03940886699507389, 'F1_N': 0.45217391304347826, 'F1_S': 0.3978685612788632, 'F1_V': 0.690677966101695, 'F1_F': 0.03940886699507389, 'Recall_S': 0.2931937172774869, 'Recall_F': 0.2222222222222222, 'best_epoch': 11}, {'seed': 44, 'Macro_F1': 0.38566456216363443, 'Rare_Macro_SF': 0.14671669793621014, 'Min_Rare_F1': 0.03076923076923077, 'F1_N': 0.5358490566037736, 'F1_S': 0.2626641651031895, 'F1_V': 0.7133757961783439, 'F1_F': 0.03076923076923077, 'Recall_S': 0.18324607329842932, 'Recall_F': 0.1111111111111111, 'best_epoch': 10}]",126.40211534500122,121.75325465202332,5,COMPLETE
6,0.16344566011856687,0.3801351956747503,2026-08-10 08:24:32.776501,2026-08-10 08:27:59.300014,0 days 00:03:26.523513,3,224x256,1,sqrt,0.25,96,hamming,0.04918974830479255,0.5358112757247143,0.2777015719323412,0.6578381867371533,0.11111111111111112,0.18848167539267016,8.0,"{'method': 'STFT', 'image_size': [224, 256], 'norm_type': 'sqrt', 'clip_pct': 3, 'nperseg': 96, 'window': 'hamming', 'noverlap_pct': 0.25, 'nfft': 96}",0.3801351956747503,0.03874419432460713,0.04918974830479255,0.07042945154893437,5.31246280670166,0.16344566011856687,0.037221045717159576,"[{'seed': 42, 'Macro_F1': 0.40030481292935105, 'Rare_Macro_SF': 0.15089501206757844, 'Min_Rare_F1': 0.017699115044247787, 'F1_N': 0.5442329227323628, 'F1_S': 0.2840909090909091, 'F1_V': 0.7551963048498845, 'F1_F': 0.017699115044247787, 'Recall_S': 0.19633507853403143, 'Recall_F': 0.05555555555555555, 'best_epoch': 9}, {'seed': 43, 'Macro_F1': 0.40463365610511864, 'Rare_Macro_SF': 0.20531968031968031, 'Min_Rare_F1': 0.12987012987012986, 'F1_N': 0.5467775467775468, 'F1_S': 0.28076923076923077, 'F1_V': 0.6611177170035671, 'F1_F': 0.12987012987012986, 'Recall_S': 0.19109947643979058, 'Recall_F': 0.2777777777777778, 'best_epoch': 8}, {'seed': 44, 'Macro_F1': 0.3354671179897813, 'Rare_Macro_SF': 0.1341222879684418, 'Min_Rare_F1': 0.0, 'F1_N': 0.5164233576642335, 'F1_S': 0.2682445759368836, 'F1_V': 0.5572005383580081, 'F1_F': 0.0, 'Recall_S': 0.17801047120418848, 'Recall_F': 0.0, 'best_epoch': 6}]",206.22838425636292,200.79996728897095,0,COMPLETE
62,0.16344566011856687,0.3801351956747503,2026-08-10 09:59:22.081643,2026-08-10 10:02:48.427353,0 days 00:03:26.345710,3,224x256,1,sqrt,0.25,96,hamming,0.04918974830479255,0.5358112757247143,0.2777015719323412,0.6578381867371533,0.11111111111111112,0.18848167539267016,8.0,"{'method': 'STFT', 'image_size': [224, 256], 'norm_type': 'sqrt', 'clip_pct': 3, 'nperseg': 96, 'window': 'hamming', 'noverlap_pct': 0.25, 'nfft': 96}",0.3801351956747503,0.03874419432460713,0.04918974830479255,0.07042945154893437,5.057238578796387,0.16344566011856687,0.037221045717159576,"[{'seed': 42, 'Macro_F1': 0.40030481292935105, 'Rare_Macro_SF': 0.15089501206757844, 'Min_Rare_F1': 0.017699115044247787, 'F1_N': 0.5442329227323628, 'F1_S': 0.2840909090909091, 'F1_V': 0.7551963048498845, 'F1_F': 0.017699115044247787, 'Recall_S': 0.19633507853403143, 'Recall_F': 0.05555555555555555, 'best_epoch': 9}, {'seed': 43, 'Macro_F1': 0.40463365610511864, 'Rare_Macro_SF': 0.20531968031968031, 'Min_Rare_F1': 0.12987012987012986, 'F1_N': 0.5467775467775468, 'F1_S': 0.28076923076923077, 'F1_V': 0.6611177170035671, 'F1_F': 0.12987012987012986, 'Recall_S': 0.19109947643979058, 'Recall_F': 0.2777777777777778, 'best_epoch': 8}, {'seed': 44, 'Macro_F1': 0.3354671179897813, 'Rare_Macro_SF': 0.1341222879684418, 'Min_Rare_F1': 0.0, 'F1_N': 0.5164233576642335, 'F1_S': 0.2682445759368836, 'F1_V': 0.5572005383580081, 'F1_F': 0.0, 'Recall_S': 0.17801047120418848, 'Recall_F': 0.0, 'best_epoch': 6}]",206.0395221710205,200.8626000881195,5,COMPLETE
70,0.15605269656535678,0.38822745878916537,2026-08-10 10:15:47.241220,2026-08-10 10:17:15.099742,0 days 00:01:27.858522,5,128x128,2,linear,0.25,64,hamming,0.025641025641025644,0.623744199622691,0.2864643674896879,0.617060242403257,0.018518518518518517,0.1692844677137871,12.0,"{'method': 'STFT', 'image_size': [128, 128], 'norm_type': 'linear', 'clip_pct': 5, 'nperseg': 64, 'window': 'hamming', 'noverlap_pct': 0.25, 'nfft': 128}",0.38822745878916537,0.017319406141678772,0.025641025641025644,0.04441155916843275,2.9005537033081055,0.15605269656535678,0.010198502630245023,"[{'seed': 42, 'Macro_F1': 0.3758296958675499, 'Rare_Macro_SF': 0.1487964989059081, 'Min_Rare_F1': 0.0, 'F1_N': 0.5842450765864332, 'F1_S': 0.2975929978118162, 'F1_V': 0.62148070907195, 'F1_F': 0.0, 'Recall_S': 0.17801047120418848, 'Recall_F': 0.0, 'best_epoch': 11}, {'seed': 43, 'Macro_F1': 0.40801616861551854, 'Rare_Macro_SF': 0.16771323914181058, 'Min_Rare_F1': 0.07692307692307693, 'F1_N': 0.667379679144385, 'F1_S': 0.2585034013605442, 'F1_V': 0.6292585170340681, 'F1_F': 0.07692307692307693, 'Recall_S': 0.14921465968586387, 'Recall_F': 0.05555555555555555, 'best_epoch': 12}, {'seed': 44, 'Macro_F1': 0.38083651188442774, 'Rare_Macro_SF': 0.15164835164835164, 'Min_Rare_F1': 0.0, 'F1_N': 0.6196078431372549, 'F1_S': 0.3032967032967033, 'F1_V': 0.6004415011037527, 'F1_F': 0.0, 'Recall_S': 0.1806282722513089, 'Recall_F': 0.0, 'best_epoch': 12}]",87.57453870773315,84.55346035957336,5,COMPLETE
79,0.1550091997657024,0.3893893012444897,2026-08-10 10:32:22.777739,2026-08-10 10:34:45.482828,0 days 00:02:22.705089,3,192x224,4,log1p,0.75,112,hamming,0.08908045977011493,0.5641328734078311,0.22093793976128992,0.6834059320387231,0.11111111111111112,0.1544502617801047,9.0,"{'method': 'STFT', 'image_size': [192, 224], 'norm_type': 'log1p', 'clip_pct': 3, 'nperseg': 112, 'window': 'hamming', 'noverlap_pct': 0.75, 'nfft': 448}",0.3893893012444897,0.028576462860015254,0.009219348659003831,0.00868282603415512,5.188121318817139,0.1550091997657024,0.021707494954744753,"[{'seed': 42, 'Macro_F1': 0.39571743606382365, 'Rare_Macro_SF': 0.1642627130014759, 'Min_Rare_F1': 0.017241379310344827, 'F1_N': 0.5165394402035624, 'F1_S': 0.311284046692607, 'F1_V': 0.7378048780487805, 'F1_F': 0.017241379310344827, 'Recall_S': 0.2094240837696335, 'Recall_F': 0.05555555555555555, 'best_epoch': 9}, {'seed': 43, 'Macro_F1': 0.35817919557857203, 'Rare_Macro_SF': 0.13020833333333334, 'Min_Rare_F1': 0.010416666666666666, 'F1_N': 0.5799828913601369, 'F1_S': 0.010416666666666666, 'F1_V': 0.5923172242874845, 'F1_F': 0.25, 'Recall_S': 0.005235602094240838, 'Recall_F': 0.2777777777777778, 'best_epoch': 3}, {'seed': 44, 'Macro_F1': 0.41427127209107356, 'Rare_Macro_SF': 0.17055655296229802, 'Min_Rare_F1': 0.0, 'F1_N': 0.5958762886597938, 'F1_S': 0.34111310592459604, 'F1_V': 0.7200956937799043, 'F1_F': 0.0, 'Recall_S': 0.2486910994764398, 'Recall_F': 0.0, 'best_epoch': 10}]",142.40298509597778,137.09430408477783,6,COMPLETE
54,0.15448093514514616,0.3748217994735527,2026-08-10 09:44:53.108971,2026-08-10 09:46:45.234762,0 days 00:01:52.125791,5,160x192,1,sqrt,0.25,64,hamming,0.11712513196446152,0.5518739451870188,0.1918367383258308,0.6384513824168997,0.1851851851851852,0.11082024432809773,9.0,"{'method': 'STFT', 'image_size': [160, 192], 'norm_type': 'sqrt', 'clip_pct': 5, 'nperseg': 64, 'window': 'hamming', 'noverlap_pct': 0.25, 'nfft': 64}",0.3748217994735527,0.03974174326897394,0.11712513196446152,0.08446743740109078,3.3752708435058594,0.15448093514514616,0.06611887433012519,"[{'seed': 42, 'Macro_F1': 0.33479706531287573, 'Rare_Macro_SF': 0.11177374175476643, 'Min_Rare_F1': 0.0392156862745098, 'F1_N': 0.4719626168224299, 'F1_S': 0.18433179723502305, 'F1_V': 0.6436781609195402, 'F1_F': 0.0392156862745098, 'Recall_S': 0.10471204188481675, 'Recall_F': 0.16666666666666666, 'best_epoch': 5}, {'seed': 43, 'Macro_F1': 0.3753939595184096, 'Rare_Macro_SF': 0.12102780536246276, 'Min_Rare_F1': 0.10526315789473684, 'F1_N': 0.6178535606820461, 'F1_S': 0.13679245283018868, 'F1_V': 0.6416666666666667, 'F1_F': 0.10526315789473684, 'Recall_S': 0.07591623036649214, 'Recall_F': 0.05555555555555555, 'best_epoch': 10}, {'seed': 44, 'Macro_F1': 0.4142743735893728, 'Rare_Macro_SF': 0.2306412583182093, 'Min_Rare_F1': 0.20689655172413793, 'F1_N': 0.5658056580565806, 'F1_S': 0.2543859649122807, 'F1_V': 0.630009319664492, 'F1_F': 0.20689655172413793, 'Recall_S': 0.1518324607329843, 'Recall_F': 0.3333333333333333, 'best_epoch': 9}]",111.83165121078491,108.33813071250916,4,COMPLETE
66,0.1495509689617142,0.3721087549273397,2026-08-10 10:10:15.496160,2026-08-10 10:11:19.002223,0 days 00:01:03.506063,3,128x160,1,sqrt,0.75,64,hamming,0.0,0.5226518559564388,0.2991019379234284,0.6666812258294916,0.0,0.2443280977312391,6.0,"{'method': 'STFT', 'image_size': [128, 160], 'norm_type': 'sqrt', 'clip_pct': 3, 'nperseg': 64, 'window': 'hamming', 'noverlap_pct': 0.75, 'nfft': 64}",0.3721087549273397,0.07020110035076174,0.0,0.0,3.3814525604248047,0.1495509689617142,0.13299363618495721,"[{'seed': 42, 'Macro_F1': 0.2914191461123902, 'Rare_Macro_SF': 0.0, 'Min_Rare_F1': 0.0, 'F1_N': 0.5961227786752827, 'F1_S': 0.0, 'F1_V': 0.5695538057742782, 'F1_F': 0.0, 'Recall_S': 0.0, 'Recall_F': 0.0, 'best_epoch': 1}, {'seed': 43, 'Macro_F1': 0.4057390405564104, 'Rare_Macro_SF': 0.19410745233968804, 'Min_Rare_F1': 0.0, 'F1_N': 0.5328083989501312, 'F1_S': 0.3882149046793761, 'F1_V': 0.7019328585961343, 'F1_F': 0.0, 'Recall_S': 0.2931937172774869, 'Recall_F': 0.0, 'best_epoch': 11}, {'seed': 44, 'Macro_F1': 0.4191680781132185, 'Rare_Macro_SF': 0.2545454545454545, 'Min_Rare_F1': 0.0, 'F1_N': 0.43902439024390244, 'F1_S': 0.509090909090909, 'F1_V': 0.7285570131180625, 'F1_F': 0.0, 'Recall_S': 0.4397905759162304, 'Recall_F': 0.0, 'best_epoch': 6}]",63.20695352554321,59.70295691490173,5,COMPLETE
10,0.14789211062776497,0.32110598651252215,2026-08-10 08:33:10.996172,2026-08-10 08:35:07.359954,0 days 00:01:56.363782,3,224x192,4,sqrt,0.25,128,hamming,0.022556868725378067,0.4937497528478832,0.2732273525301519,0.4948899719466753,0.07407407407407407,0.17102966841186737,4.0,"{'method': 'STFT', 'image_size': [224, 192], 'norm_type': 'sqrt', 'clip_pct': 3, 'nperseg': 128, 'window': 'hamming', 'noverlap_pct': 0.25, 'nfft': 512}",0.32110598651252215,0.01284516536206635,0.022556868725378067,0.019562934978990885,5.355680465698242,0.14789211062776497,0.04208322173975322,"[{'seed': 42, 'Macro_F1': 0.3064152787247862, 'Rare_Macro_SF': 0.12253829321663019, 'Min_Rare_F1': 0.0, 'F1_N': 0.5173076923076924, 'F1_S': 0.24507658643326038, 'F1_V': 0.4632768361581921, 'F1_F': 0.0, 'Recall_S': 0.14659685863874344, 'Recall_F': 0.0, 'best_epoch': 4}, {'seed': 43, 'Macro_F1': 0.3266805773786687, 'Rare_Macro_SF': 0.19647007097544122, 'Min_Rare_F1': 0.03278688524590164, 'F1_N': 0.48884578079534435, 'F1_S': 0.36015325670498083, 'F1_V': 0.42493638676844786, 'F1_F': 0.03278688524590164, 'Recall_S': 0.24607329842931938, 'Recall_F': 0.05555555555555555, 'best_epoch': 3}, {'seed': 44, 'Macro_F1': 0.3302221034341115, 'Rare_Macro_SF': 0.12466796769122351, 'Min_Rare_F1': 0.03488372093023256, 'F1_N': 0.47509578544061304, 'F1_S': 0.21445221445221446, 'F1_V': 0.5964566929133859, 'F1_F': 0.03488372093023256, 'Recall_S': 0.12041884816753927, 'Recall_F': 0.16666666666666666, 'best_epoch': 6}]",116.06568193435669,110.59224152565002,0,COMPLETE
36,0.1463219357129257,0.36656116346061945,2026-08-10 09:16:00.715796,2026-08-10 09:18:31.591860,0 days 00:02:30.876064,2,224x224,4,log1p,0.5,128,hamming,0.024999999999999998,0.5905031858081408,0.2676438714258514,0.5830975966084856,0.05555555555555555,0.16841186736474692,6.0,"{'method': 'STFT', 'image_size': [224, 224], 'norm_type': 'log1p', 'clip_pct': 2, 'nperseg': 128, 'window': 'hamming', 'noverlap_pct': 0.5, 'nfft': 512}",0.36656116346061945,0.016546752622552025,0.024999999999999998,0.04330127018922193,5.994680881500244,0.1463219357129257,0.04768118499535957,"[{'seed': 42, 'Macro_F1': 0.3741664366166274, 'Rare_Macro_SF': 0.16774193548387098, 'Min_Rare_F1': 0.0, 'F1_N': 0.5996168582375478, 'F1_S': 0.33548387096774196, 'F1_V': 0.5615650172612198, 'F1_F': 0.0, 'Recall_S': 0.20418848167539266, 'Recall_F': 0.0, 'best_epoch': 3}, {'seed': 43, 'Macro_F1': 0.347579103721019, 'Rare_Macro_SF': 0.0916871921182266, 'Min_Rare_F1': 0.075, 'F1_N': 0.5874524714828897, 'F1_S': 0.10837438423645321, 'F1_V': 0.6194895591647331, 'F1_F': 0.075, 'Recall_S': 0.05759162303664921, 'Recall_F': 0.16666666666666666, 'best_epoch': 7}, {'seed': 44, 'Macro_F1': 0.37793795004421193, 'Rare_Macro_SF': 0.17953667953667954, 'Min_Rare_F1': 0.0, 'F1_N': 0.5844402277039848, 'F1_S': 0.3590733590733591, 'F1_V': 0.5682382133995038, 'F1_F': 0.0, 'Recall_S': 0.24345549738219896, 'Recall_F': 0.0, 'best_epoch': 6}]",150.58209109306335,144.47670984268188,3,COMPLETE
78,0.14512877473159114,0.34410800049006846,2026-08-10 10:30:04.686898,2026-08-10 10:32:22.583876,0 days 00:02:17.896978,2,192x224,1,log1p,0.5,128,hamming,0.016290415943107584,0.4791784562124796,0.2739671335200747,0.606995996284612,0.05555555555555555,0.19633507853403143,6.0,"{'method': 'STFT', 'image_size': [192, 224], 'norm_type': 'log1p', 'clip_pct': 2, 'nperseg': 128, 'window': 'hamming', 'noverlap_pct': 0.5, 'nfft': 128}",0.34410800049006846,0.03826352646610709,0.016290415943107584,0.017319877438962097,5.18014669418335,0.14512877473159114,0.11516690468674924,"[{'seed': 42, 'Macro_F1': 0.3129066239323399, 'Rare_Macro_SF': 0.09767043508050702, 'Min_Rare_F1': 0.014388489208633094, 'F1_N': 0.46115288220551376, 'F1_S': 0.18095238095238095, 'F1_V': 0.5951327433628318, 'F1_F': 0.014388489208633094, 'Recall_S': 0.09947643979057591, 'Recall_F': 0.1111111111111111, 'best_epoch': 4}, {'seed': 43, 'Macro_F1': 0.33261712120078346, 'Rare_Macro_SF': 0.061274509803921566, 'Min_Rare_F1': 0.0, 'F1_N': 0.5951115834218916, 'F1_S': 0.12254901960784313, 'F1_V': 0.6128078817733991, 'F1_F': 0.0, 'Recall_S': 0.06544502617801047, 'Recall_F': 0.0, 'best_epoch': 10}, {'seed': 44, 'Macro_F1': 0.38680025633708204, 'Rare_Macro_SF': 0.2764413793103448, 'Min_Rare_F1': 0.034482758620689655, 'F1_N': 0.38127090301003347, 'F1_S': 0.5184, 'F1_V': 0.613047363717605, 'F1_F': 0.034482758620689655, 'Recall_S': 0.42408376963350786, 'Recall_F': 0.05555555555555555, 'best_epoch': 6}]",137.61199951171875,132.3115303516388,6,COMPLETE
69,0.14234539017183112,0.3415387311111235,2026-08-10 10:14:04.380174,2026-08-10 10:15:47.029800,0 days 00:01:42.649626,2,224x160,4,log1p,0.5,128,hamming,0.0428211611036717,0.48883107788786284,0.24186961923999054,0.5926330662129689,0.20370370370370372,0.15008726003490402,4.0,"{'method': 'STFT', 'image_size': [224, 160], 'norm_type': 'log1p', 'clip_pct': 2, 'nperseg': 128, 'window': 'hamming', 'noverlap_pct': 0.5, 'nfft': 512}",0.3415387311111235,0.039717360209451526,0.0428211611036717,0.015056832529447946,4.831660985946655,0.14234539017183112,0.08315255512501288,"[{'seed': 42, 'Macro_F1': 0.31921341427348054, 'Rare_Macro_SF': 0.19980294636483242, 'Min_Rare_F1': 0.042042042042042045, 'F1_N': 0.2970639032815199, 'F1_S': 0.3575638506876228, 'F1_V': 0.5801838610827375, 'F1_F': 0.042042042042042045, 'Recall_S': 0.23821989528795812, 'Recall_F': 0.3888888888888889, 'best_epoch': 4}, {'seed': 43, 'Macro_F1': 0.38739510471124927, 'Rare_Macro_SF': 0.18023732470334414, 'Min_Rare_F1': 0.05825242718446602, 'F1_N': 0.6013195098963242, 'F1_S': 0.3022222222222222, 'F1_V': 0.5877862595419847, 'F1_F': 0.05825242718446602, 'Recall_S': 0.17801047120418848, 'Recall_F': 0.16666666666666666, 'best_epoch': 7}, {'seed': 44, 'Macro_F1': 0.31800767434864063, 'Rare_Macro_SF': 0.046995899447316816, 'Min_Rare_F1': 0.028169014084507043, 'F1_N': 0.5681098204857444, 'F1_S': 0.06582278481012659, 'F1_V': 0.6099290780141844, 'F1_F': 0.028169014084507043, 'Recall_S': 0.034031413612565446, 'Recall_F': 0.05555555555555555, 'best_epoch': 3}]",102.35704231262207,97.40682363510132,5,COMPLETE
8,0.142207972897808,0.3434523443986744,2026-08-10 08:30:35.734274,2026-08-10 08:32:04.331968,0 days 00:01:28.597694,3,128x128,4,sqrt,0.75,64,hamming,0.01820841239721695,0.4440305906285909,0.2662075333983991,0.6453628411704907,0.11111111111111112,0.19633507853403143,11.0,"{'method': 'STFT', 'image_size': [128, 128], 'norm_type': 'sqrt', 'clip_pct': 3, 'nperseg': 64, 'window': 'hamming', 'noverlap_pct': 0.75, 'nfft': 256}",0.3434523443986744,0.03764540914575151,0.01820841239721695,0.011433903288718135,3.179239511489868,0.142207972897808,0.09724141615623193,"[{'seed': 42, 'Macro_F1': 0.3002915142357757, 'Rare_Macro_SF': 0.04050017029144164, 'Min_Rare_F1': 0.03137254901960784, 'F1_N': 0.4793388429752066, 'F1_S': 0.04962779156327544, 'F1_V': 0.6408268733850129, 'F1_F': 0.03137254901960784, 'Recall_S': 0.02617801047120419, 'Recall_F': 0.2222222222222222, 'best_epoch': 12}, {'seed': 43, 'Macro_F1': 0.3695086822328186, 'Rare_Macro_SF': 0.2342630293159609, 'Min_Rare_F1': 0.0125, 'F1_N': 0.399452804377565, 'F1_S': 0.4560260586319218, 'F1_V': 0.6100558659217877, 'F1_F': 0.0125, 'Recall_S': 0.36649214659685864, 'Recall_F': 0.05555555555555555, 'best_epoch': 11}, {'seed': 44, 'Macro_F1': 0.360556836727429, 'Rare_Macro_SF': 0.1518607190860215, 'Min_Rare_F1': 0.010752688172043012, 'F1_N': 0.4533001245330012, 'F1_S': 0.29296875, 'F1_V': 0.6852057842046718, 'F1_F': 0.010752688172043012, 'Recall_S': 0.19633507853403143, 'Recall_F': 0.05555555555555555, 'best_epoch': 8}]",88.31156301498413,84.99856662750244,0,COMPLETE
21,0.1420548474723008,0.3100505950322605,2026-08-10 08:51:00.204107,2026-08-10 08:53:31.804965,0 days 00:02:31.600858,3,192x224,4,linear,0.5,80,hamming,0.00965383392728672,0.44700118848765524,0.2744558610173149,0.5090914966967851,0.05555555555555555,0.1692844677137871,7.0,"{'method': 'STFT', 'image_size': [192, 224], 'norm_type': 'linear', 'clip_pct': 3, 'nperseg': 80, 'window': 'hamming', 'noverlap_pct': 0.5, 'nfft': 320}",0.3100505950322605,0.0071321675723715686,0.00965383392728672,0.008877868692961184,4.765048980712891,0.1420548474723008,0.002650690012270318,"[{'seed': 42, 'Macro_F1': 0.3129673354053196, 'Rare_Macro_SF': 0.14509726081778482, 'Min_Rare_F1': 0.017467248908296942, 'F1_N': 0.39751552795031053, 'F1_S': 0.2727272727272727, 'F1_V': 0.5641592920353983, 'F1_F': 0.017467248908296942, 'Recall_S': 0.1649214659685864, 'Recall_F': 0.1111111111111111, 'best_epoch': 10}, {'seed': 43, 'Macro_F1': 0.3019223460254289, 'Rare_Macro_SF': 0.14082337916009316, 'Min_Rare_F1': 0.011494252873563218, 'F1_N': 0.3785900783289817, 'F1_S': 0.2701525054466231, 'F1_V': 0.5474525474525475, 'F1_F': 0.011494252873563218, 'Recall_S': 0.16230366492146597, 'Recall_F': 0.05555555555555555, 'best_epoch': 7}, {'seed': 44, 'Macro_F1': 0.31526210366603297, 'Rare_Macro_SF': 0.1402439024390244, 'Min_Rare_F1': 0.0, 'F1_N': 0.5648979591836735, 'F1_S': 0.2804878048780488, 'F1_V': 0.41566265060240964, 'F1_F': 0.0, 'Recall_S': 0.1806282722513089, 'Recall_F': 0.0, 'best_epoch': 6}]",151.31821131706238,146.44076013565063,1,COMPLETE
40,0.1405694879832811,0.3422752001677339,2026-08-10 09:22:03.333728,2026-08-10 09:23:10.486406,0 days 00:01:07.152678,2,128x128,4,log1p,0.25,32,hamming,0.0,0.5378666252424672,0.2811389759665622,0.5500951994619062,0.0,0.23909249563699828,6.0,"{'method': 'STFT', 'image_size': [128, 128], 'norm_type': 'log1p', 'clip_pct': 2, 'nperseg': 32, 'window': 'hamming', 'noverlap_pct': 0.25, 'nfft': 128}",0.3422752001677339,0.07199250446086074,0.0,0.0,3.0686004161834717,0.1405694879832811,0.1572202732760621,"[{'seed': 42, 'Macro_F1': 0.2688417773982065, 'Rare_Macro_SF': 0.0, 'Min_Rare_F1': 0.0, 'F1_N': 0.5521951219512196, 'F1_S': 0.0, 'F1_V': 0.5231719876416066, 'F1_F': 0.0, 'Recall_S': 0.0, 'Recall_F': 0.0, 'best_epoch': 2}, {'seed': 43, 'Macro_F1': 0.3452492084329941, 'Rare_Macro_SF': 0.11136363636363636, 'Min_Rare_F1': 0.0, 'F1_N': 0.5461638491547465, 'F1_S': 0.22272727272727272, 'F1_V': 0.6121057118499573, 'F1_F': 0.0, 'Recall_S': 0.12827225130890052, 'Recall_F': 0.0, 'best_epoch': 7}, {'seed': 44, 'Macro_F1': 0.412734614672001, 'Rare_Macro_SF': 0.3103448275862069, 'Min_Rare_F1': 0.0, 'F1_N': 0.5152409046214356, 'F1_S': 0.6206896551724138, 'F1_V': 0.5150078988941548, 'F1_F': 0.0, 'Recall_S': 0.5890052356020943, 'Recall_F': 0.0, 'best_epoch': 6}]",66.87921857833862,63.69702625274658,3,COMPLETE
19,0.14000198892546087,0.3776692798910652,2026-08-10 08:48:15.717441,2026-08-10 08:49:37.156993,0 days 00:01:21.439552,3,128x128,1,sqrt,0.75,64,hamming,0.0,0.5210697400467368,0.28000397785092174,0.7096034016666023,0.0,0.21116928446771377,7.0,"{'method': 'STFT', 'image_size': [128, 128], 'norm_type': 'sqrt', 'clip_pct': 3, 'nperseg': 64, 'window': 'hamming', 'noverlap_pct': 0.75, 'nfft': 64}",0.3776692798910652,0.047734550002280315,0.0,0.0,3.086078405380249,0.14000198892546087,0.12326957979756793,"[{'seed': 42, 'Macro_F1': 0.3353394600814824, 'Rare_Macro_SF': 0.017114914425427872, 'Min_Rare_F1': 0.0, 'F1_N': 0.5672316384180791, 'F1_S': 0.034229828850855744, 'F1_V': 0.7398963730569948, 'F1_F': 0.0, 'Recall_S': 0.01832460732984293, 'Recall_F': 0.0, 'best_epoch': 7}, {'seed': 43, 'Macro_F1': 0.3682608839542178, 'Rare_Macro_SF': 0.13924050632911392, 'Min_Rare_F1': 0.0, 'F1_N': 0.5465393794749404, 'F1_S': 0.27848101265822783, 'F1_V': 0.648023143683703, 'F1_F': 0.0, 'Recall_S': 0.17277486910994763, 'Recall_F': 0.0, 'best_epoch': 8}, {'seed': 44, 'Macro_F1': 0.4294074956374955, 'Rare_Macro_SF': 0.26365054602184085, 'Min_Rare_F1': 0.0, 'F1_N': 0.449438202247191, 'F1_S': 0.5273010920436817, 'F1_V': 0.7408906882591093, 'F1_F': 0.0, 'Recall_S': 0.4424083769633508, 'Recall_F': 0.0, 'best_epoch': 6}]",81.14902877807617,77.94221305847168,1,COMPLETE
24,0.14000198892546087,0.3776692798910652,2026-08-10 08:57:07.208589,2026-08-10 08:58:28.843772,0 days 00:01:21.635183,3,128x128,1,sqrt,0.75,64,hamming,0.0,0.5210697400467368,0.28000397785092174,0.7096034016666023,0.0,0.21116928446771377,7.0,"{'method': 'STFT', 'image_size': [128, 128], 'norm_type': 'sqrt', 'clip_pct': 3, 'nperseg': 64, 'window': 'hamming', 'noverlap_pct': 0.75, 'nfft': 64}",0.3776692798910652,0.047734550002280315,0.0,0.0,3.1215248107910156,0.14000198892546087,0.12326957979756793,"[{'seed': 42, 'Macro_F1': 0.3353394600814824, 'Rare_Macro_SF': 0.017114914425427872, 'Min_Rare_F1': 0.0, 'F1_N': 0.5672316384180791, 'F1_S': 0.034229828850855744, 'F1_V': 0.7398963730569948, 'F1_F': 0.0, 'Recall_S': 0.01832460732984293, 'Recall_F': 0.0, 'best_epoch': 7}, {'seed': 43, 'Macro_F1': 0.3682608839542178, 'Rare_Macro_SF': 0.13924050632911392, 'Min_Rare_F1': 0.0, 'F1_N': 0.5465393794749404, 'F1_S': 0.27848101265822783, 'F1_V': 0.648023143683703, 'F1_F': 0.0, 'Recall_S': 0.17277486910994763, 'Recall_F': 0.0, 'best_epoch': 8}, {'seed': 44, 'Macro_F1': 0.4294074956374955, 'Rare_Macro_SF': 0.26365054602184085, 'Min_Rare_F1': 0.0, 'F1_N': 0.449438202247191, 'F1_S': 0.5273010920436817, 'F1_V': 0.7408906882591093, 'F1_F': 0.0, 'Recall_S': 0.4424083769633508, 'Recall_F': 0.0, 'best_epoch': 6}]",81.35098958015442,78.1186032295227,2,COMPLETE
52,0.13932855722251894,0.35657254435382235,2026-08-10 09:41:40.412195,2026-08-10 09:43:53.007430,0 days 00:02:12.595235,2,224x160,1,log1p,0.5,128,hamming,0.008547008547008546,0.5668106777253978,0.2701101058980293,0.5808223852448536,0.05555555555555555,0.16230366492146597,9.0,"{'method': 'STFT', 'image_size': [224, 160], 'norm_type': 'log1p', 'clip_pct': 2, 'nperseg': 128, 'window': 'hamming', 'noverlap_pct': 0.5, 'nfft': 128}",0.35657254435382235,0.04243688548811085,0.008547008547008546,0.014803853056144251,4.8489038944244385,0.13932855722251894,0.05871442201984784,"[{'seed': 42, 'Macro_F1': 0.3454935697748991, 'Rare_Macro_SF': 0.11564625850340136, 'Min_Rare_F1': 0.0, 'F1_N': 0.5725567620927937, 'F1_S': 0.23129251700680273, 'F1_V': 0.578125, 'F1_F': 0.0, 'Recall_S': 0.13350785340314136, 'Recall_F': 0.0, 'best_epoch': 10}, {'seed': 43, 'Macro_F1': 0.3207740165525625, 'Rare_Macro_SF': 0.09615384615384615, 'Min_Rare_F1': 0.02564102564102564, 'F1_N': 0.5131128848346637, 'F1_S': 0.16666666666666666, 'F1_V': 0.5776754890678941, 'F1_F': 0.02564102564102564, 'Recall_S': 0.09162303664921466, 'Recall_F': 0.16666666666666666, 'best_epoch': 9}, {'seed': 44, 'Macro_F1': 0.40345004673400536, 'Rare_Macro_SF': 0.20618556701030927, 'Min_Rare_F1': 0.0, 'F1_N': 0.6147623862487361, 'F1_S': 0.41237113402061853, 'F1_V': 0.5866666666666667, 'F1_F': 0.0, 'Recall_S': 0.2617801047120419, 'Recall_F': 0.0, 'best_epoch': 6}]",132.30695986747742,127.34057259559631,4,COMPLETE
14,0.1387785915478322,0.3524377009342654,2026-08-10 08:40:48.476887,2026-08-10 08:42:14.204571,0 days 00:01:25.727684,3,128x128,4,log1p,0.25,32,hamming,0.0,0.5371066866098215,0.2775571830956644,0.5950869340315758,0.0,0.18062827225130892,11.0,"{'method': 'STFT', 'image_size': [128, 128], 'norm_type': 'log1p', 'clip_pct': 3, 'nperseg': 32, 'window': 'hamming', 'noverlap_pct': 0.25, 'nfft': 128}",0.3524377009342654,0.05219840214593516,0.0,0.0,3.0679900646209717,0.1387785915478322,0.07664633169982174,"[{'seed': 42, 'Macro_F1': 0.30192469992561727, 'Rare_Macro_SF': 0.06310679611650485, 'Min_Rare_F1': 0.0, 'F1_N': 0.5110565110565111, 'F1_S': 0.1262135922330097, 'F1_V': 0.5704286964129484, 'F1_F': 0.0, 'Recall_S': 0.06806282722513089, 'Recall_F': 0.0, 'best_epoch': 11}, {'seed': 43, 'Macro_F1': 0.3492161268299717, 'Rare_Macro_SF': 0.1368653421633554, 'Min_Rare_F1': 0.0, 'F1_N': 0.509142053445851, 'F1_S': 0.2737306843267108, 'F1_V': 0.6139917695473252, 'F1_F': 0.0, 'Recall_S': 0.16230366492146597, 'Recall_F': 0.0, 'best_epoch': 7}, {'seed': 44, 'Macro_F1': 0.4061722760472073, 'Rare_Macro_SF': 0.21636363636363637, 'Min_Rare_F1': 0.0, 'F1_N': 0.5911214953271028, 'F1_S': 0.43272727272727274, 'F1_V': 0.6008403361344538, 'F1_F': 0.0, 'Recall_S': 0.31151832460732987, 'Recall_F': 0.0, 'best_epoch': 11}]",85.44722390174866,82.26178073883057,1,COMPLETE
12,0.13557500977013429,0.37241566608255844,2026-08-10 08:37:21.240650,2026-08-10 08:38:36.435406,0 days 00:01:15.194756,5,160x160,4,log1p,0.5,32,hamming,0.04476957374492916,0.5412644223465969,0.22638044579533942,0.6772482224433686,0.2222222222222222,0.1300174520069808,5.0,"{'method': 'STFT', 'image_size': [160, 160], 'norm_type': 'log1p', 'clip_pct': 5, 'nperseg': 32, 'window': 'hamming', 'noverlap_pct': 0.5, 'nfft': 128}",0.37241566608255844,0.03310074985060269,0.04476957374492916,0.03653738600321602,3.7421162128448486,0.13557500977013429,0.0379049544938549,"[{'seed': 42, 'Macro_F1': 0.3456383390973375, 'Rare_Macro_SF': 0.09715457574980774, 'Min_Rare_F1': 0.024096385542168676, 'F1_N': 0.5435073627844712, 'F1_S': 0.1702127659574468, 'F1_V': 0.6447368421052632, 'F1_F': 0.024096385542168676, 'Recall_S': 0.09424083769633508, 'Recall_F': 0.1111111111111111, 'best_epoch': 5}, {'seed': 43, 'Macro_F1': 0.4094240397833212, 'Rare_Macro_SF': 0.17294254658385094, 'Min_Rare_F1': 0.08695652173913043, 'F1_N': 0.6015625, 'F1_S': 0.25892857142857145, 'F1_V': 0.6902485659655831, 'F1_F': 0.08695652173913043, 'Recall_S': 0.1518324607329843, 'Recall_F': 0.3333333333333333, 'best_epoch': 3}, {'seed': 44, 'Macro_F1': 0.36218461936701674, 'Rare_Macro_SF': 0.13662790697674418, 'Min_Rare_F1': 0.023255813953488372, 'F1_N': 0.4787234042553192, 'F1_S': 0.25, 'F1_V': 0.6967592592592593, 'F1_F': 0.023255813953488372, 'Recall_S': 0.14397905759162305, 'Recall_F': 0.2222222222222222, 'best_epoch': 6}]",74.88139200210571,71.02606511116028,1,COMPLETE
25,0.13557500977013429,0.37241566608255844,2026-08-10 08:58:29.035272,2026-08-10 08:59:44.175918,0 days 00:01:15.140646,5,160x160,4,log1p,0.5,32,hamming,0.04476957374492916,0.5412644223465969,0.22638044579533942,0.6772482224433686,0.2222222222222222,0.1300174520069808,5.0,"{'method': 'STFT', 'image_size': [160, 160], 'norm_type': 'log1p', 'clip_pct': 5, 'nperseg': 32, 'window': 'hamming', 'noverlap_pct': 0.5, 'nfft': 128}",0.37241566608255844,0.03310074985060269,0.04476957374492916,0.03653738600321602,3.648437738418579,0.13557500977013429,0.0379049544938549,"[{'seed': 42, 'Macro_F1': 0.3456383390973375, 'Rare_Macro_SF': 0.09715457574980774, 'Min_Rare_F1': 0.024096385542168676, 'F1_N': 0.5435073627844712, 'F1_S': 0.1702127659574468, 'F1_V': 0.6447368421052632, 'F1_F': 0.024096385542168676, 'Recall_S': 0.09424083769633508, 'Recall_F': 0.1111111111111111, 'best_epoch': 5}, {'seed': 43, 'Macro_F1': 0.4094240397833212, 'Rare_Macro_SF': 0.17294254658385094, 'Min_Rare_F1': 0.08695652173913043, 'F1_N': 0.6015625, 'F1_S': 0.25892857142857145, 'F1_V': 0.6902485659655831, 'F1_F': 0.08695652173913043, 'Recall_S': 0.1518324607329843, 'Recall_F': 0.3333333333333333, 'best_epoch': 3}, {'seed': 44, 'Macro_F1': 0.36218461936701674, 'Rare_Macro_SF': 0.13662790697674418, 'Min_Rare_F1': 0.023255813953488372, 'F1_N': 0.4787234042553192, 'F1_S': 0.25, 'F1_V': 0.6967592592592593, 'F1_F': 0.023255813953488372, 'Recall_S': 0.14397905759162305, 'Recall_F': 0.2222222222222222, 'best_epoch': 6}]",74.83960771560669,71.07760190963745,2,COMPLETE
30,0.12367311419253502,0.3641773872647481,2026-08-10 09:07:53.430652,2026-08-10 09:09:00.750648,0 days 00:01:07.319996,3,128x128,1,sqrt,0.25,96,hamming,0.01949317738791423,0.5366723332339699,0.2278530509971558,0.6726909874399524,0.0925925925925926,0.14834205933682373,5.0,"{'method': 'STFT', 'image_size': [128, 128], 'norm_type': 'sqrt', 'clip_pct': 3, 'nperseg': 96, 'window': 'hamming', 'noverlap_pct': 0.25, 'nfft': 96}",0.3641773872647481,0.01891604224521467,0.01949317738791423,0.03376317363682022,2.896707057952881,0.12367311419253502,0.045807423927300805,"[{'seed': 42, 'Macro_F1': 0.35756478221044974, 'Rare_Macro_SF': 0.07432432432432433, 'Min_Rare_F1': 0.0, 'F1_N': 0.5801886792452831, 'F1_S': 0.14864864864864866, 'F1_V': 0.7014218009478673, 'F1_F': 0.0, 'Recall_S': 0.08638743455497382, 'Recall_F': 0.0, 'best_epoch': 5}, {'seed': 43, 'Macro_F1': 0.3855120492574628, 'Rare_Macro_SF': 0.16483516483516483, 'Min_Rare_F1': 0.0, 'F1_N': 0.5188794153471377, 'F1_S': 0.32967032967032966, 'F1_V': 0.6934984520123839, 'F1_F': 0.0, 'Recall_S': 0.2356020942408377, 'Recall_F': 0.0, 'best_epoch': 8}, {'seed': 44, 'Macro_F1': 0.3494553303263317, 'Rare_Macro_SF': 0.1318598534181159, 'Min_Rare_F1': 0.05847953216374269, 'F1_N': 0.5109489051094891, 'F1_S': 0.2052401746724891, 'F1_V': 0.6231527093596059, 'F1_F': 0.05847953216374269, 'Recall_S': 0.12303664921465969, 'Recall_F': 0.2777777777777778, 'best_epoch': 2}]",66.99717855453491,63.96691131591797,2,COMPLETE
27,0.12125402571498012,0.33605501631838736,2026-08-10 09:01:03.608009,2026-08-10 09:03:46.796802,0 days 00:02:43.188793,3,192x224,1,sqrt,0.5,64,hamming,0.013701080965654956,0.4697234437946292,0.2288069704643053,0.6319885700489599,0.12962962962962962,0.13612565445026178,11.0,"{'method': 'STFT', 'image_size': [192, 224], 'norm_type': 'sqrt', 'clip_pct': 3, 'nperseg': 64, 'window': 'hamming', 'noverlap_pct': 0.5, 'nfft': 64}",0.33605501631838736,0.0077621469343463,0.013701080965654956,0.012150095105029193,5.147600889205933,0.12125402571498012,0.05865369605263657,"[{'seed': 42, 'Macro_F1': 0.32853195338462293, 'Rare_Macro_SF': 0.16216009922717298, 'Min_Rare_F1': 0.017937219730941704, 'F1_N': 0.37531486146095716, 'F1_S': 0.30638297872340425, 'F1_V': 0.6144927536231884, 'F1_F': 0.017937219730941704, 'Recall_S': 0.18848167539267016, 'Recall_F': 0.2222222222222222, 'best_epoch': 7}, {'seed': 43, 'Macro_F1': 0.335597120323949, 'Rare_Macro_SF': 0.05405405405405406, 'Min_Rare_F1': 0.0, 'F1_N': 0.5776699029126213, 'F1_S': 0.10810810810810811, 'F1_V': 0.6566104702750666, 'F1_F': 0.0, 'Recall_S': 0.05759162303664921, 'Recall_F': 0.0, 'best_epoch': 11}, {'seed': 44, 'Macro_F1': 0.3440359752465902, 'Rare_Macro_SF': 0.14754792386371335, 'Min_Rare_F1': 0.023166023166023165, 'F1_N': 0.45618556701030927, 'F1_S': 0.2719298245614035, 'F1_V': 0.6248624862486248, 'F1_F': 0.023166023166023165, 'Recall_S': 0.16230366492146597, 'Recall_F': 0.16666666666666666, 'best_epoch': 11}]",162.90027403831482,157.6398320198059,2,COMPLETE
43,0.12060776157542386,0.3548202339291419,2026-08-10 09:26:14.881983,2026-08-10 09:28:08.492690,0 days 00:01:53.610707,3,192x224,1,sqrt,0.25,32,hamming,0.009523809523809523,0.5576398422488865,0.23169171362703822,0.6204255703168334,0.018518518518518517,0.14048865619546247,3.0,"{'method': 'STFT', 'image_size': [192, 224], 'norm_type': 'sqrt', 'clip_pct': 3, 'nperseg': 32, 'window': 'hamming', 'noverlap_pct': 0.25, 'nfft': 32}",0.3548202339291419,0.03439926702450936,0.009523809523809523,0.016495721976846452,4.9945127964019775,0.12060776157542386,0.044174368360795864,"[{'seed': 42, 'Macro_F1': 0.32471246861829994, 'Rare_Macro_SF': 0.08735632183908046, 'Min_Rare_F1': 0.0, 'F1_N': 0.5409990574929312, 'F1_S': 0.17471264367816092, 'F1_V': 0.5831381733021077, 'F1_F': 0.0, 'Recall_S': 0.09947643979057591, 'Recall_F': 0.0, 'best_epoch': 7}, {'seed': 43, 'Macro_F1': 0.34743639337533455, 'Rare_Macro_SF': 0.10373525557011797, 'Min_Rare_F1': 0.02857142857142857, 'F1_N': 0.542948038176034, 'F1_S': 0.17889908256880735, 'F1_V': 0.6393270241850684, 'F1_F': 0.02857142857142857, 'Recall_S': 0.10209424083769633, 'Recall_F': 0.05555555555555555, 'best_epoch': 3}, {'seed': 44, 'Macro_F1': 0.3923118397937912, 'Rare_Macro_SF': 0.17073170731707318, 'Min_Rare_F1': 0.0, 'F1_N': 0.5889724310776943, 'F1_S': 0.34146341463414637, 'F1_V': 0.6388115134633241, 'F1_F': 0.0, 'Recall_S': 0.2198952879581152, 'Recall_F': 0.0, 'best_epoch': 2}]",113.3196668624878,108.19310116767883,3,COMPLETE
37,0.12010411299388861,0.3527277455102542,2026-08-10 09:18:31.796078,2026-08-10 09:19:50.569153,0 days 00:01:18.773075,3,128x128,4,log1p,0.5,64,hamming,0.009389671361502348,0.5329793926824843,0.23081855462627485,0.6377233633707555,0.037037037037037035,0.13525305410122165,11.0,"{'method': 'STFT', 'image_size': [128, 128], 'norm_type': 'log1p', 'clip_pct': 3, 'nperseg': 64, 'window': 'hamming', 'noverlap_pct': 0.5, 'nfft': 256}",0.3527277455102542,0.017582696548338033,0.009389671361502348,0.016263387864496503,3.1027185916900635,0.12010411299388861,0.01300679421989399,"[{'seed': 42, 'Macro_F1': 0.3324255925245541, 'Rare_Macro_SF': 0.10643015521064302, 'Min_Rare_F1': 0.0, 'F1_N': 0.5116279069767442, 'F1_S': 0.21286031042128603, 'F1_V': 0.6052141527001862, 'F1_F': 0.0, 'Recall_S': 0.1256544502617801, 'Recall_F': 0.0, 'best_epoch': 4}, {'seed': 43, 'Macro_F1': 0.3630135662788936, 'Rare_Macro_SF': 0.1215611425562722, 'Min_Rare_F1': 0.028169014084507043, 'F1_N': 0.5416149068322982, 'F1_S': 0.21495327102803738, 'F1_V': 0.6673170731707317, 'F1_F': 0.028169014084507043, 'Recall_S': 0.12041884816753927, 'Recall_F': 0.1111111111111111, 'best_epoch': 11}, {'seed': 44, 'Macro_F1': 0.3627440777273151, 'Rare_Macro_SF': 0.13232104121475055, 'Min_Rare_F1': 0.0, 'F1_N': 0.5456953642384106, 'F1_S': 0.2646420824295011, 'F1_V': 0.6406388642413487, 'F1_F': 0.0, 'Recall_S': 0.15968586387434555, 'Recall_F': 0.0, 'best_epoch': 12}]",78.49234318733215,75.27443027496338,3,COMPLETE
45,0.11716099533404878,0.35474567487720826,2026-08-10 09:29:30.062199,2026-08-10 09:30:37.564656,0 days 00:01:07.502457,3,128x128,1,sqrt,0.5,64,hamming,0.022486772486772486,0.5336658710091826,0.21183521818132509,0.650994837831553,0.11111111111111112,0.13089005235602094,6.0,"{'method': 'STFT', 'image_size': [128, 128], 'norm_type': 'sqrt', 'clip_pct': 3, 'nperseg': 64, 'window': 'hamming', 'noverlap_pct': 0.5, 'nfft': 64}",0.35474567487720826,0.045145992660246784,0.022486772486772486,0.023919499100562333,3.0658345222473145,0.11716099533404878,0.10540890839857296,"[{'seed': 42, 'Macro_F1': 0.3680686245829826, 'Rare_Macro_SF': 0.14717553688141924, 'Min_Rare_F1': 0.01984126984126984, 'F1_N': 0.4234930448222566, 'F1_S': 0.27450980392156865, 'F1_V': 0.7544303797468355, 'F1_F': 0.01984126984126984, 'Recall_S': 0.1649214659685864, 'Recall_F': 0.2777777777777778, 'best_epoch': 12}, {'seed': 43, 'Macro_F1': 0.3044374944025664, 'Rare_Macro_SF': 0.0, 'Min_Rare_F1': 0.0, 'F1_N': 0.5819761129207384, 'F1_S': 0.0, 'F1_V': 0.6357738646895273, 'F1_F': 0.0, 'Recall_S': 0.0, 'Recall_F': 0.0, 'best_epoch': 1}, {'seed': 44, 'Macro_F1': 0.39173090564607577, 'Rare_Macro_SF': 0.20430744912072712, 'Min_Rare_F1': 0.047619047619047616, 'F1_N': 0.5955284552845529, 'F1_S': 0.36099585062240663, 'F1_V': 0.5627802690582959, 'F1_F': 0.047619047619047616, 'Recall_S': 0.22774869109947643, 'Recall_F': 0.05555555555555555, 'best_epoch': 6}]",67.21962571144104,64.04068040847778,3,COMPLETE
31,0.11532392161294745,0.3759512113825855,2026-08-10 09:09:00.985060,2026-08-10 09:10:07.897284,0 days 00:01:06.912224,2,128x160,2,log1p,0.25,128,hamming,0.0,0.6438877528353596,0.2306478432258949,0.6292692494690875,0.0,0.13263525305410123,6.0,"{'method': 'STFT', 'image_size': [128, 160], 'norm_type': 'log1p', 'clip_pct': 2, 'nperseg': 128, 'window': 'hamming', 'noverlap_pct': 0.25, 'nfft': 256}",0.3759512113825855,0.013063068259328557,0.0,0.0,3.6616127490997314,0.11532392161294745,0.04286662089243728,"[{'seed': 42, 'Macro_F1': 0.3887079912905187, 'Rare_Macro_SF': 0.1615720524017467, 'Min_Rare_F1': 0.0, 'F1_N': 0.6498696785403997, 'F1_S': 0.3231441048034934, 'F1_V': 0.5818181818181818, 'F1_F': 0.0, 'Recall_S': 0.193717277486911, 'Recall_F': 0.0, 'best_epoch': 3}, {'seed': 43, 'Macro_F1': 0.3626020124989974, 'Rare_Macro_SF': 0.07692307692307693, 'Min_Rare_F1': 0.0, 'F1_N': 0.6481687014428413, 'F1_S': 0.15384615384615385, 'F1_V': 0.6483931947069943, 'F1_F': 0.0, 'Recall_S': 0.08376963350785341, 'Recall_F': 0.0, 'best_epoch': 10}, {'seed': 44, 'Macro_F1': 0.37654363035824034, 'Rare_Macro_SF': 0.10747663551401869, 'Min_Rare_F1': 0.0, 'F1_N': 0.6336248785228377, 'F1_S': 0.21495327102803738, 'F1_V': 0.6575963718820862, 'F1_F': 0.0, 'Recall_S': 0.12041884816753927, 'Recall_F': 0.0, 'best_epoch': 6}]",66.62705779075623,62.85439610481262,2,COMPLETE
77,0.11020732457612221,0.36232728385424146,2026-08-10 10:28:36.531545,2026-08-10 10:30:04.488755,0 days 00:01:27.957210,3,128x128,2,log1p,0.25,64,hamming,0.020833333333333332,0.6203624299027352,0.19958131581891111,0.6085320563619864,0.018518518518518517,0.11343804537521814,9.0,"{'method': 'STFT', 'image_size': [128, 128], 'norm_type': 'log1p', 'clip_pct': 3, 'nperseg': 64, 'window': 'hamming', 'noverlap_pct': 0.25, 'nfft': 128}",0.36232728385424146,0.026583413942129434,0.020833333333333332,0.036084391824351615,2.9432499408721924,0.11020732457612221,0.04769192909227583,"[{'seed': 42, 'Macro_F1': 0.3349481385077408, 'Rare_Macro_SF': 0.05623471882640587, 'Min_Rare_F1': 0.0, 'F1_N': 0.6057268722466961, 'F1_S': 0.11246943765281174, 'F1_V': 0.6215962441314554, 'F1_F': 0.0, 'Recall_S': 0.060209424083769635, 'Recall_F': 0.0, 'best_epoch': 8}, {'seed': 43, 'Macro_F1': 0.3639975097528124, 'Rare_Macro_SF': 0.1277205882352941, 'Min_Rare_F1': 0.0625, 'F1_N': 0.6259067357512953, 'F1_S': 0.19294117647058823, 'F1_V': 0.5746421267893661, 'F1_F': 0.0625, 'Recall_S': 0.10732984293193717, 'Recall_F': 0.05555555555555555, 'best_epoch': 12}, {'seed': 44, 'Macro_F1': 0.38803620330217115, 'Rare_Macro_SF': 0.14666666666666667, 'Min_Rare_F1': 0.0, 'F1_N': 0.6294536817102138, 'F1_S': 0.29333333333333333, 'F1_V': 0.6293577981651376, 'F1_F': 0.0, 'Recall_S': 0.17277486910994763, 'Recall_F': 0.0, 'best_epoch': 9}]",87.67121410369873,84.61071944236755,6,COMPLETE
2,0.11015379626505993,0.3560281110028058,2026-08-10 08:18:21.100791,2026-08-10 08:19:12.173595,0 days 00:00:51.072804,2,128x128,4,log1p,0.25,64,hamming,0.0,0.5866177054374329,0.22030759253011986,0.6171871460436704,0.0,0.13699825479930192,3.0,"{'method': 'STFT', 'image_size': [128, 128], 'norm_type': 'log1p', 'clip_pct': 2, 'nperseg': 64, 'window': 'hamming', 'noverlap_pct': 0.25, 'nfft': 256}",0.3560281110028058,0.007031426849304851,0.0,0.0,3.2951438426971436,0.11015379626505993,0.05878008459271501,"[{'seed': 42, 'Macro_F1': 0.34874080321144085, 'Rare_Macro_SF': 0.06904761904761905, 'Min_Rare_F1': 0.0, 'F1_N': 0.594859241126071, 'F1_S': 0.1380952380952381, 'F1_V': 0.6620087336244541, 'F1_F': 0.0, 'Recall_S': 0.07591623036649214, 'Recall_F': 0.0, 'best_epoch': 3}, {'seed': 43, 'Macro_F1': 0.3627721394569181, 'Rare_Macro_SF': 0.17748091603053434, 'Min_Rare_F1': 0.0, 'F1_N': 0.5508571428571428, 'F1_S': 0.3549618320610687, 'F1_V': 0.5452695829094608, 'F1_F': 0.0, 'Recall_S': 0.24345549738219896, 'Recall_F': 0.0, 'best_epoch': 3}, {'seed': 44, 'Macro_F1': 0.35657139034005836, 'Rare_Macro_SF': 0.08393285371702638, 'Min_Rare_F1': 0.0, 'F1_N': 0.6141367323290846, 'F1_S': 0.16786570743405277, 'F1_V': 0.6442831215970962, 'F1_F': 0.0, 'Recall_S': 0.09162303664921466, 'Recall_F': 0.0, 'best_epoch': 2}]",50.77471089363098,47.36364793777466,0,COMPLETE
42,0.10894866469485838,0.3063726147297919,2026-08-10 09:25:07.414312,2026-08-10 09:26:14.669808,0 days 00:01:07.255496,3,128x128,4,log1p,0.75,64,hamming,0.003527336860670194,0.450601646067379,0.21436999252904654,0.5569914834620717,0.037037037037037035,0.14834205933682373,6.0,"{'method': 'STFT', 'image_size': [128, 128], 'norm_type': 'log1p', 'clip_pct': 3, 'nperseg': 64, 'window': 'hamming', 'noverlap_pct': 0.75, 'nfft': 256}",0.3063726147297919,0.04554853246453879,0.003527336860670194,0.006109526658091277,3.2764906883239746,0.10894866469485838,0.10393672674423435,"[{'seed': 42, 'Macro_F1': 0.25404177052931326, 'Rare_Macro_SF': 0.0, 'Min_Rare_F1': 0.0, 'F1_N': 0.5185825410544511, 'F1_S': 0.0, 'F1_V': 0.4975845410628019, 'F1_F': 0.0, 'Recall_S': 0.0, 'Recall_F': 0.0, 'best_epoch': 1}, {'seed': 43, 'Macro_F1': 0.3370966406318623, 'Rare_Macro_SF': 0.119828450224926, 'Min_Rare_F1': 0.010582010582010581, 'F1_N': 0.4175531914893617, 'F1_S': 0.2290748898678414, 'F1_V': 0.6911764705882353, 'F1_F': 0.010582010582010581, 'Recall_S': 0.13612565445026178, 'Recall_F': 0.1111111111111111, 'best_epoch': 12}, {'seed': 44, 'Macro_F1': 0.3279794330282001, 'Rare_Macro_SF': 0.20701754385964913, 'Min_Rare_F1': 0.0, 'F1_N': 0.41566920565832427, 'F1_S': 0.41403508771929826, 'F1_V': 0.48221343873517786, 'F1_F': 0.0, 'Recall_S': 0.3089005235602094, 'Recall_F': 0.0, 'best_epoch': 6}]",66.96095967292786,63.56932830810547,3,COMPLETE
13,0.10795392687708782,0.3331950127516275,2026-08-10 08:38:36.639428,2026-08-10 08:40:48.281854,0 days 00:02:11.642426,3,224x192,4,sqrt,0.25,64,hamming,0.06458624437199192,0.5575915484206021,0.15132160938218372,0.5592806488317325,0.12962962962962962,0.08726003490401396,4.0,"{'method': 'STFT', 'image_size': [224, 192], 'norm_type': 'sqrt', 'clip_pct': 3, 'nperseg': 64, 'window': 'hamming', 'noverlap_pct': 0.25, 'nfft': 256}",0.3331950127516275,0.00750199890109054,0.06458624437199192,0.05655815749064975,4.855879306793213,0.10795392687708782,0.058132707077016656,"[{'seed': 42, 'Macro_F1': 0.34053696857727234, 'Rare_Macro_SF': 0.16563797553585458, 'Min_Rare_F1': 0.10526315789473684, 'F1_N': 0.5602836879432624, 'F1_S': 0.2260127931769723, 'F1_V': 0.47058823529411764, 'F1_F': 0.10526315789473684, 'Recall_S': 0.1387434554973822, 'Recall_F': 0.1111111111111111, 'best_epoch': 4}, {'seed': 43, 'Macro_F1': 0.33350546058879393, 'Rare_Macro_SF': 0.04938271604938271, 'Min_Rare_F1': 0.0, 'F1_N': 0.6025641025641025, 'F1_S': 0.09876543209876543, 'F1_V': 0.6326923076923077, 'F1_F': 0.0, 'Recall_S': 0.05235602094240838, 'Recall_F': 0.0, 'best_epoch': 4}, {'seed': 44, 'Macro_F1': 0.3255426090888163, 'Rare_Macro_SF': 0.10884108904602617, 'Min_Rare_F1': 0.08849557522123894, 'F1_N': 0.509926854754441, 'F1_S': 0.1291866028708134, 'F1_V': 0.5745614035087719, 'F1_F': 0.08849557522123894, 'Recall_S': 0.07068062827225131, 'Recall_F': 0.2777777777777778, 'best_epoch': 12}]",131.33245420455933,126.35240459442139,1,COMPLETE
67,0.1063606146915682,0.3251114812610414,2026-08-10 10:11:19.204286,2026-08-10 10:12:46.955721,0 days 00:01:27.751435,2,160x160,1,sqrt,0.25,128,hamming,0.021041696179817725,0.47281489629073065,0.19167953320331865,0.6149097993702983,0.1111111111111111,0.10645724258289703,8.0,"{'method': 'STFT', 'image_size': [160, 160], 'norm_type': 'sqrt', 'clip_pct': 2, 'nperseg': 128, 'window': 'hamming', 'noverlap_pct': 0.25, 'nfft': 128}",0.3251114812610414,0.00995913999407713,0.021041696179817725,0.020533264080623306,3.8662829399108887,0.1063606146915682,0.016459561774769944,"[{'seed': 42, 'Macro_F1': 0.31402468950074625, 'Rare_Macro_SF': 0.09456264775413711, 'Min_Rare_F1': 0.0, 'F1_N': 0.4553314121037464, 'F1_S': 0.18912529550827423, 'F1_V': 0.6116420503909644, 'F1_F': 0.0, 'Recall_S': 0.10471204188481675, 'Recall_F': 0.0, 'best_epoch': 8}, {'seed': 43, 'Macro_F1': 0.3333000152792671, 'Rare_Macro_SF': 0.09935521301704928, 'Min_Rare_F1': 0.022099447513812154, 'F1_N': 0.49222065063649223, 'F1_S': 0.1766109785202864, 'F1_V': 0.6422689844464776, 'F1_F': 0.022099447513812154, 'Recall_S': 0.0968586387434555, 'Recall_F': 0.1111111111111111, 'best_epoch': 3}, {'seed': 44, 'Macro_F1': 0.32800973900311076, 'Rare_Macro_SF': 0.1251639833035182, 'Min_Rare_F1': 0.041025641025641026, 'F1_N': 0.47089262613195343, 'F1_S': 0.20930232558139536, 'F1_V': 0.590818363273453, 'F1_F': 0.041025641025641026, 'Recall_S': 0.11780104712041885, 'Recall_F': 0.2222222222222222, 'best_epoch': 8}]",87.46736168861389,83.4730134010315,5,COMPLETE
7,0.10558552655782633,0.39427484818715236,2026-08-10 08:27:59.485536,2026-08-10 08:30:35.544279,0 days 00:02:36.058743,3,192x224,4,log1p,0.5,112,hamming,0.0,0.6012897528108129,0.21117105311565265,0.7646385868221439,0.0,0.13699825479930192,8.0,"{'method': 'STFT', 'image_size': [192, 224], 'norm_type': 'log1p', 'clip_pct': 3, 'nperseg': 112, 'window': 'hamming', 'noverlap_pct': 0.5, 'nfft': 448}",0.39427484818715236,0.03898746584826585,0.0,0.0,5.226317882537842,0.10558552655782633,0.07080637903365718,"[{'seed': 42, 'Macro_F1': 0.4006308091957179, 'Rare_Macro_SF': 0.13163064833005894, 'Min_Rare_F1': 0.0, 'F1_N': 0.5702036441586281, 'F1_S': 0.2632612966601179, 'F1_V': 0.7690582959641256, 'F1_F': 0.0, 'Recall_S': 0.17539267015706805, 'Recall_F': 0.0, 'best_epoch': 8}, {'seed': 43, 'Macro_F1': 0.4296938081446846, 'Rare_Macro_SF': 0.1596806387225549, 'Min_Rare_F1': 0.0, 'F1_N': 0.6208251473477406, 'F1_S': 0.3193612774451098, 'F1_V': 0.7785888077858881, 'F1_F': 0.0, 'Recall_S': 0.2094240837696335, 'Recall_F': 0.0, 'best_epoch': 11}, {'seed': 44, 'Macro_F1': 0.3524999272210546, 'Rare_Macro_SF': 0.02544529262086514, 'Min_Rare_F1': 0.0, 'F1_N': 0.6128404669260701, 'F1_S': 0.05089058524173028, 'F1_V': 0.746268656716418, 'F1_F': 0.0, 'Recall_S': 0.02617801047120419, 'Recall_F': 0.0, 'best_epoch': 6}]",155.7774956226349,150.43157720565796,0,COMPLETE
64,0.10558552655782633,0.39427484818715236,2026-08-10 10:05:18.887397,2026-08-10 10:07:55.089610,0 days 00:02:36.202213,3,192x224,4,log1p,0.5,112,hamming,0.0,0.6012897528108129,0.21117105311565265,0.7646385868221439,0.0,0.13699825479930192,8.0,"{'method': 'STFT', 'image_size': [192, 224], 'norm_type': 'log1p', 'clip_pct': 3, 'nperseg': 112, 'window': 'hamming', 'noverlap_pct': 0.5, 'nfft': 448}",0.39427484818715236,0.03898746584826585,0.0,0.0,5.26587176322937,0.10558552655782633,0.07080637903365718,"[{'seed': 42, 'Macro_F1': 0.4006308091957179, 'Rare_Macro_SF': 0.13163064833005894, 'Min_Rare_F1': 0.0, 'F1_N': 0.5702036441586281, 'F1_S': 0.2632612966601179, 'F1_V': 0.7690582959641256, 'F1_F': 0.0, 'Recall_S': 0.17539267015706805, 'Recall_F': 0.0, 'best_epoch': 8}, {'seed': 43, 'Macro_F1': 0.4296938081446846, 'Rare_Macro_SF': 0.1596806387225549, 'Min_Rare_F1': 0.0, 'F1_N': 0.6208251473477406, 'F1_S': 0.3193612774451098, 'F1_V': 0.7785888077858881, 'F1_F': 0.0, 'Recall_S': 0.2094240837696335, 'Recall_F': 0.0, 'best_epoch': 11}, {'seed': 44, 'Macro_F1': 0.3524999272210546, 'Rare_Macro_SF': 0.02544529262086514, 'Min_Rare_F1': 0.0, 'F1_N': 0.6128404669260701, 'F1_S': 0.05089058524173028, 'F1_V': 0.746268656716418, 'F1_F': 0.0, 'Recall_S': 0.02617801047120419, 'Recall_F': 0.0, 'best_epoch': 6}]",155.88501524925232,150.50167727470398,5,COMPLETE
38,0.10540016166338638,0.3445408405142521,2026-08-10 09:19:50.758532,2026-08-10 09:20:53.659090,0 days 00:01:02.900558,3,128x128,4,sqrt,0.25,64,hamming,0.09635854341736694,0.5893958057966522,0.11444177990940581,0.5779672329335833,0.0925925925925926,0.06195462478184991,5.0,"{'method': 'STFT', 'image_size': [128, 128], 'norm_type': 'sqrt', 'clip_pct': 3, 'nperseg': 64, 'window': 'hamming', 'noverlap_pct': 0.25, 'nfft': 256}",0.3445408405142521,0.01043300499664562,0.05773420479302832,0.058853780650283655,3.1463634967803955,0.10540016166338638,0.034918354472863136,"[{'seed': 42, 'Macro_F1': 0.33347566347121405, 'Rare_Macro_SF': 0.0671462829736211, 'Min_Rare_F1': 0.0, 'F1_N': 0.6040816326530613, 'F1_S': 0.1342925659472422, 'F1_V': 0.5955284552845529, 'F1_F': 0.0, 'Recall_S': 0.07329842931937172, 'Recall_F': 0.0, 'best_epoch': 3}, {'seed': 43, 'Macro_F1': 0.3541988364113766, 'Rare_Macro_SF': 0.13556213852447452, 'Min_Rare_F1': 0.11764705882352941, 'F1_N': 0.6061120543293718, 'F1_S': 0.15347721822541965, 'F1_V': 0.5395590142671854, 'F1_F': 0.11764705882352941, 'Recall_S': 0.08376963350785341, 'Recall_F': 0.1111111111111111, 'best_epoch': 5}, {'seed': 44, 'Macro_F1': 0.34594802166016564, 'Rare_Macro_SF': 0.11349206349206349, 'Min_Rare_F1': 0.05555555555555555, 'F1_N': 0.5579937304075235, 'F1_S': 0.05555555555555555, 'F1_V': 0.5988142292490118, 'F1_F': 0.17142857142857143, 'Recall_S': 0.028795811518324606, 'Recall_F': 0.16666666666666666, 'best_epoch': 5}]",62.62927007675171,59.37700605392456,3,COMPLETE
58,0.10317460317460318,0.3704423302656938,2026-08-10 09:54:28.349528,2026-08-10 09:55:26.302486,0 days 00:00:57.952958,2,128x128,4,sqrt,0.75,96,hann,0.0,0.5452816889967982,0.20634920634920637,0.7301384257167705,0.0,0.14834205933682373,2.0,"{'method': 'STFT', 'image_size': [128, 128], 'norm_type': 'sqrt', 'clip_pct': 2, 'nperseg': 96, 'window': 'hann', 'noverlap_pct': 0.75, 'nfft': 384}",0.3704423302656938,0.046386560666241,0.0,0.0,3.1994102001190186,0.10317460317460318,0.11589475769061468,"[{'seed': 42, 'Macro_F1': 0.3310627582644628, 'Rare_Macro_SF': 0.0, 'Min_Rare_F1': 0.0, 'F1_N': 0.609375, 'F1_S': 0.0, 'F1_V': 0.7148760330578512, 'F1_F': 0.0, 'Recall_S': 0.0, 'Recall_F': 0.0, 'best_epoch': 1}, {'seed': 43, 'Macro_F1': 0.42157492136052366, 'Rare_Macro_SF': 0.22857142857142856, 'Min_Rare_F1': 0.0, 'F1_N': 0.48264984227129337, 'F1_S': 0.45714285714285713, 'F1_V': 0.7465069860279441, 'F1_F': 0.0, 'Recall_S': 0.35602094240837695, 'Recall_F': 0.0, 'best_epoch': 8}, {'seed': 44, 'Macro_F1': 0.3586893111720948, 'Rare_Macro_SF': 0.08095238095238096, 'Min_Rare_F1': 0.0, 'F1_N': 0.5438202247191011, 'F1_S': 0.1619047619047619, 'F1_V': 0.7290322580645161, 'F1_F': 0.0, 'Recall_S': 0.08900523560209424, 'Recall_F': 0.0, 'best_epoch': 2}]",57.66172504425049,54.34508156776428,4,COMPLETE
47,0.09834641808917527,0.2952093552585818,2026-08-10 09:32:34.280147,2026-08-10 09:34:26.469580,0 days 00:01:52.189433,3,192x224,4,sqrt,0.5,128,hamming,0.0,0.5168231039968315,0.19669283617835054,0.4673214808591451,0.0,0.1143106457242583,3.0,"{'method': 'STFT', 'image_size': [192, 224], 'norm_type': 'sqrt', 'clip_pct': 3, 'nperseg': 128, 'window': 'hamming', 'noverlap_pct': 0.5, 'nfft': 512}",0.2952093552585818,0.018187532421148404,0.0,0.0,5.664117813110352,0.09834641808917527,0.043688121467340156,"[{'seed': 42, 'Macro_F1': 0.2747929302055606, 'Rare_Macro_SF': 0.04962779156327544, 'Min_Rare_F1': 0.0, 'F1_N': 0.5233111322549953, 'F1_S': 0.09925558312655088, 'F1_V': 0.4766050054406964, 'F1_F': 0.0, 'Recall_S': 0.05235602094240838, 'Recall_F': 0.0, 'best_epoch': 3}, {'seed': 43, 'Macro_F1': 0.3011556988744969, 'Rare_Macro_SF': 0.13404255319148936, 'Min_Rare_F1': 0.0, 'F1_N': 0.5079662605435802, 'F1_S': 0.2680851063829787, 'F1_V': 0.42857142857142855, 'F1_F': 0.0, 'Recall_S': 0.1649214659685864, 'Recall_F': 0.0, 'best_epoch': 3}, {'seed': 44, 'Macro_F1': 0.3096794366956879, 'Rare_Macro_SF': 0.11136890951276102, 'Min_Rare_F1': 0.0, 'F1_N': 0.5191919191919192, 'F1_S': 0.22273781902552203, 'F1_V': 0.49678800856531047, 'F1_F': 0.0, 'Recall_S': 0.1256544502617801, 'Recall_F': 0.0, 'best_epoch': 6}]",111.90658330917358,106.12672972679138,3,COMPLETE
28,0.09566429677159559,0.29047739662819505,2026-08-10 09:03:46.996723,2026-08-10 09:06:31.776831,0 days 00:02:44.780108,3,224x256,4,sqrt,0.25,112,hamming,0.0,0.4668128422243665,0.19132859354319118,0.5037681507452226,0.0,0.11169284467713787,5.0,"{'method': 'STFT', 'image_size': [224, 256], 'norm_type': 'sqrt', 'clip_pct': 3, 'nperseg': 112, 'window': 'hamming', 'noverlap_pct': 0.25, 'nfft': 448}",0.29047739662819505,0.037848375265996756,0.0,0.0,6.4447996616363525,0.09566429677159559,0.06566510815107578,"[{'seed': 42, 'Macro_F1': 0.2698881698374427, 'Rare_Macro_SF': 0.11337868480725624, 'Min_Rare_F1': 0.0, 'F1_N': 0.325508607198748, 'F1_S': 0.22675736961451248, 'F1_V': 0.5272867025365103, 'F1_F': 0.0, 'Recall_S': 0.13089005235602094, 'Recall_F': 0.0, 'best_epoch': 5}, {'seed': 43, 'Macro_F1': 0.2673869487626579, 'Rare_Macro_SF': 0.02295918367346939, 'Min_Rare_F1': 0.0, 'F1_N': 0.4875283446712018, 'F1_S': 0.04591836734693878, 'F1_V': 0.5361010830324909, 'F1_F': 0.0, 'Recall_S': 0.02356020942408377, 'Recall_F': 0.0, 'best_epoch': 4}, {'seed': 44, 'Macro_F1': 0.33415707128448463, 'Rare_Macro_SF': 0.15065502183406113, 'Min_Rare_F1': 0.0, 'F1_N': 0.5874015748031496, 'F1_S': 0.30131004366812225, 'F1_V': 0.4479166666666667, 'F1_F': 0.0, 'Recall_S': 0.1806282722513089, 'Recall_F': 0.0, 'best_epoch': 6}]",164.47649455070496,157.9112675189972,2,COMPLETE
5,0.09211293622158094,0.29337446760444547,2026-08-10 08:22:16.061822,2026-08-10 08:24:32.557639,0 days 00:02:16.495817,3,192x192,4,linear,0.25,96,blackman,0.006802721088435374,0.5357562975846052,0.1774231513547265,0.45351570039001493,0.018518518518518517,0.1143106457242583,9.0,"{'method': 'STFT', 'image_size': [192, 192], 'norm_type': 'linear', 'clip_pct': 3, 'nperseg': 96, 'window': 'blackman', 'noverlap_pct': 0.25, 'nfft': 384}",0.29337446760444547,0.03563907266486723,0.006802721088435374,0.01178265855489032,4.684298992156982,0.09211293622158094,0.08590604350610517,"[{'seed': 42, 'Macro_F1': 0.2568566185587462, 'Rare_Macro_SF': 0.0, 'Min_Rare_F1': 0.0, 'F1_N': 0.5664335664335665, 'F1_S': 0.0, 'F1_V': 0.46099290780141844, 'F1_F': 0.0, 'Recall_S': 0.0, 'Recall_F': 0.0, 'best_epoch': 6}, {'seed': 43, 'Macro_F1': 0.29520236884150053, 'Rare_Macro_SF': 0.10629067245119306, 'Min_Rare_F1': 0.0, 'F1_N': 0.5146198830409356, 'F1_S': 0.21258134490238612, 'F1_V': 0.4536082474226804, 'F1_F': 0.0, 'Recall_S': 0.12827225130890052, 'Recall_F': 0.0, 'best_epoch': 9}, {'seed': 44, 'Macro_F1': 0.3280644154130898, 'Rare_Macro_SF': 0.17004813621354975, 'Min_Rare_F1': 0.02040816326530612, 'F1_N': 0.5262154432793136, 'F1_S': 0.31968810916179335, 'F1_V': 0.44594594594594594, 'F1_F': 0.02040816326530612, 'Recall_S': 0.21465968586387435, 'Recall_F': 0.05555555555555555, 'best_epoch': 12}]",136.18976545333862,131.38299798965454,0,COMPLETE
63,0.09059179055603077,0.38283090862832,2026-08-10 10:02:48.622403,2026-08-10 10:05:18.681704,0 days 00:02:30.059301,3,224x256,4,sqrt,0.75,32,hamming,0.06060606060606061,0.6276228240781587,0.12057752050600094,0.7225172293230596,0.1111111111111111,0.06806282722513089,3.0,"{'method': 'STFT', 'image_size': [224, 256], 'norm_type': 'sqrt', 'clip_pct': 3, 'nperseg': 32, 'window': 'hamming', 'noverlap_pct': 0.75, 'nfft': 128}",0.38283090862832,0.03317936690240578,0.036303630363036306,0.06287973228797904,5.512834548950195,0.09059179055603077,0.07902509148857094,"[{'seed': 42, 'Macro_F1': 0.3460670723943877, 'Rare_Macro_SF': 0.0, 'Min_Rare_F1': 0.0, 'F1_N': 0.6466960352422908, 'F1_S': 0.0, 'F1_V': 0.7375722543352601, 'F1_F': 0.0, 'Recall_S': 0.0, 'Recall_F': 0.0, 'best_epoch': 3}, {'seed': 43, 'Macro_F1': 0.4105501522225262, 'Rare_Macro_SF': 0.14536453645364536, 'Min_Rare_F1': 0.10891089108910891, 'F1_N': 0.6147368421052631, 'F1_S': 0.10891089108910891, 'F1_V': 0.736734693877551, 'F1_F': 0.18181818181818182, 'Recall_S': 0.05759162303664921, 'Recall_F': 0.3333333333333333, 'best_epoch': 3}, {'seed': 44, 'Macro_F1': 0.391875501268046, 'Rare_Macro_SF': 0.12641083521444696, 'Min_Rare_F1': 0.0, 'F1_N': 0.6214355948869223, 'F1_S': 0.2528216704288939, 'F1_V': 0.6932447397563677, 'F1_F': 0.0, 'Recall_S': 0.14659685863874344, 'Recall_F': 0.0, 'best_epoch': 6}]",149.7611608505249,144.11882424354553,5,COMPLETE
48,0.08829785128446388,0.2856453092219416,2026-08-10 09:34:26.660297,2026-08-10 09:36:31.281132,0 days 00:02:04.620835,5,192x224,2,sqrt,0.25,112,hamming,0.0,0.48251984109822993,0.17659570256892776,0.4834656932206088,0.0,0.11082024432809773,6.0,"{'method': 'STFT', 'image_size': [192, 224], 'norm_type': 'sqrt', 'clip_pct': 5, 'nperseg': 112, 'window': 'hamming', 'noverlap_pct': 0.25, 'nfft': 224}",0.2856453092219416,0.03320830064194356,0.0,0.0,4.678303241729736,0.08829785128446388,0.08782818048623842,"[{'seed': 42, 'Macro_F1': 0.2478572016324445, 'Rare_Macro_SF': 0.0, 'Min_Rare_F1': 0.0, 'F1_N': 0.5520614954577219, 'F1_S': 0.0, 'F1_V': 0.43936731107205623, 'F1_F': 0.0, 'Recall_S': 0.0, 'Recall_F': 0.0, 'best_epoch': 1}, {'seed': 43, 'Macro_F1': 0.29889707401938126, 'Rare_Macro_SF': 0.08924485125858124, 'Min_Rare_F1': 0.0, 'F1_N': 0.45962732919254656, 'F1_S': 0.17848970251716248, 'F1_V': 0.5574712643678161, 'F1_F': 0.0, 'Recall_S': 0.10209424083769633, 'Recall_F': 0.0, 'best_epoch': 9}, {'seed': 44, 'Macro_F1': 0.31018165201399905, 'Rare_Macro_SF': 0.17564870259481039, 'Min_Rare_F1': 0.0, 'F1_N': 0.4358706986444213, 'F1_S': 0.35129740518962077, 'F1_V': 0.45355850422195415, 'F1_F': 0.0, 'Recall_S': 0.23036649214659685, 'Recall_F': 0.0, 'best_epoch': 6}]",124.32571053504944,119.52652215957642,4,COMPLETE
56,0.08405549889560193,0.31807643845558115,2026-08-10 09:48:28.775870,2026-08-10 09:51:24.666468,0 days 00:02:55.890598,3,224x256,1,log1p,0.25,96,hamming,0.0,0.5578962964511511,0.16811099779120386,0.5462984595799695,0.0,0.09424083769633508,5.0,"{'method': 'STFT', 'image_size': [224, 256], 'norm_type': 'log1p', 'clip_pct': 3, 'nperseg': 96, 'window': 'hamming', 'noverlap_pct': 0.25, 'nfft': 96}",0.31807643845558115,0.010487738436956558,0.0,0.0,5.203347206115723,0.08405549889560193,0.04436692729581088,"[{'seed': 42, 'Macro_F1': 0.3062741912224986, 'Rare_Macro_SF': 0.09669811320754718, 'Min_Rare_F1': 0.0, 'F1_N': 0.5614035087719298, 'F1_S': 0.19339622641509435, 'F1_V': 0.47029702970297027, 'F1_F': 0.0, 'Recall_S': 0.10732984293193717, 'Recall_F': 0.0, 'best_epoch': 5}, {'seed': 43, 'Macro_F1': 0.32162748170989786, 'Rare_Macro_SF': 0.034739454094292806, 'Min_Rare_F1': 0.0, 'F1_N': 0.5857461024498887, 'F1_S': 0.06947890818858561, 'F1_V': 0.6312849162011173, 'F1_F': 0.0, 'Recall_S': 0.03664921465968586, 'Recall_F': 0.0, 'best_epoch': 5}, {'seed': 44, 'Macro_F1': 0.32632764243434687, 'Rare_Macro_SF': 0.12072892938496584, 'Min_Rare_F1': 0.0, 'F1_N': 0.5265392781316348, 'F1_S': 0.24145785876993167, 'F1_V': 0.5373134328358209, 'F1_F': 0.0, 'Recall_S': 0.1387434554973822, 'Recall_F': 0.0, 'best_epoch': 7}]",175.6024136543274,170.2786045074463,4,COMPLETE
50,0.0827785241578345,0.34264756569401805,2026-08-10 09:38:51.570036,2026-08-10 09:39:56.219831,0 days 00:01:04.649795,5,160x160,4,sqrt,0.25,64,hamming,0.09812409812409813,0.5939585909447178,0.06743295019157088,0.6110746235156854,0.12962962962962962,0.038394415357766144,2.0,"{'method': 'STFT', 'image_size': [160, 160], 'norm_type': 'sqrt', 'clip_pct': 5, 'nperseg': 64, 'window': 'hamming', 'noverlap_pct': 0.25, 'nfft': 256}",0.34264756569401805,0.0030610784262077883,0.020202020202020204,0.03499092540543187,3.4992616176605225,0.0827785241578345,0.044108119515010306,"[{'seed': 42, 'Macro_F1': 0.33973215646139543, 'Rare_Macro_SF': 0.045454545454545456, 'Min_Rare_F1': 0.0, 'F1_N': 0.6158868335146899, 'F1_S': 0.0, 'F1_V': 0.6521327014218009, 'F1_F': 0.09090909090909091, 'Recall_S': 0.0, 'Recall_F': 0.1111111111111111, 'best_epoch': 2}, {'seed': 43, 'Macro_F1': 0.3458360195371525, 'Rare_Macro_SF': 0.07142857142857142, 'Min_Rare_F1': 0.0, 'F1_N': 0.605060506050605, 'F1_S': 0.0, 'F1_V': 0.6354264292408622, 'F1_F': 0.14285714285714285, 'Recall_S': 0.0, 'Recall_F': 0.16666666666666666, 'best_epoch': 2}, {'seed': 44, 'Macro_F1': 0.34237452108350624, 'Rare_Macro_SF': 0.13145245559038662, 'Min_Rare_F1': 0.06060606060606061, 'F1_N': 0.5609284332688588, 'F1_S': 0.20229885057471264, 'F1_V': 0.545664739884393, 'F1_F': 0.06060606060606061, 'Recall_S': 0.11518324607329843, 'Recall_F': 0.1111111111111111, 'best_epoch': 6}]",64.34906148910522,60.716586112976074,4,COMPLETE
74,0.08245920745920747,0.3379157920344075,2026-08-10 10:22:56.869735,2026-08-10 10:23:59.890652,0 days 00:01:03.020917,5,192x160,1,sqrt,0.25,96,hamming,0.16491841491841494,0.5663641575378496,0.0,0.6203805956813654,0.3333333333333333,0.0,2.0,"{'method': 'STFT', 'image_size': [192, 160], 'norm_type': 'sqrt', 'clip_pct': 5, 'nperseg': 96, 'window': 'hamming', 'noverlap_pct': 0.25, 'nfft': 96}",0.3379157920344075,0.011333896177183318,0.0,0.0,3.568430185317993,0.08245920745920747,0.007434353625974985,"[{'seed': 42, 'Macro_F1': 0.3364036863181725, 'Rare_Macro_SF': 0.07692307692307693, 'Min_Rare_F1': 0.0, 'F1_N': 0.5654082528533801, 'F1_S': 0.0, 'F1_V': 0.626360338573156, 'F1_F': 0.15384615384615385, 'Recall_S': 0.0, 'Recall_F': 0.2222222222222222, 'best_epoch': 1}, {'seed': 43, 'Macro_F1': 0.32741385418448266, 'Rare_Macro_SF': 0.09090909090909091, 'Min_Rare_F1': 0.0, 'F1_N': 0.5589094449853943, 'F1_S': 0.0, 'F1_V': 0.5689277899343544, 'F1_F': 0.18181818181818182, 'Recall_S': 0.0, 'Recall_F': 0.3888888888888889, 'best_epoch': 3}, {'seed': 44, 'Macro_F1': 0.34992983560056734, 'Rare_Macro_SF': 0.07954545454545454, 'Min_Rare_F1': 0.0, 'F1_N': 0.5747747747747748, 'F1_S': 0.0, 'F1_V': 0.6658536585365854, 'F1_F': 0.1590909090909091, 'Recall_S': 0.0, 'Recall_F': 0.3888888888888889, 'best_epoch': 2}]",62.7440288066864,59.05705261230469,6,COMPLETE
16,0.08210470085470085,0.37597886444435286,2026-08-10 08:43:21.287649,2026-08-10 08:45:13.235143,0 days 00:01:51.947494,4,192x224,4,log1p,0.25,96,hamming,0.0,0.6156391444798174,0.1642094017094017,0.7240669115881923,0.0,0.10209424083769632,5.0,"{'method': 'STFT', 'image_size': [192, 224], 'norm_type': 'log1p', 'clip_pct': 4, 'nperseg': 96, 'window': 'hamming', 'noverlap_pct': 0.25, 'nfft': 384}",0.37597886444435286,0.046334939296782104,0.0,0.0,5.099125146865845,0.08210470085470085,0.07402672465893653,"[{'seed': 42, 'Macro_F1': 0.3261528579832639, 'Rare_Macro_SF': 0.0, 'Min_Rare_F1': 0.0, 'F1_N': 0.5929549902152642, 'F1_S': 0.0, 'F1_V': 0.7116564417177914, 'F1_F': 0.0, 'Recall_S': 0.0, 'Recall_F': 0.0, 'best_epoch': 1}, {'seed': 43, 'Macro_F1': 0.41777243075025483, 'Rare_Macro_SF': 0.14375, 'Min_Rare_F1': 0.0, 'F1_N': 0.639821029082774, 'F1_S': 0.2875, 'F1_V': 0.7437686939182453, 'F1_F': 0.0, 'Recall_S': 0.1806282722513089, 'Recall_F': 0.0, 'best_epoch': 5}, {'seed': 44, 'Macro_F1': 0.38401130459953986, 'Rare_Macro_SF': 0.10256410256410256, 'Min_Rare_F1': 0.0, 'F1_N': 0.6141414141414141, 'F1_S': 0.20512820512820512, 'F1_V': 0.7167755991285403, 'F1_F': 0.0, 'Recall_S': 0.1256544502617801, 'Recall_F': 0.0, 'best_epoch': 6}]",111.65649056434631,106.4406430721283,1,COMPLETE
17,0.08125302115253348,0.31351974846186986,2026-08-10 08:45:13.435852,2026-08-10 08:46:52.438559,0 days 00:01:39.002707,3,192x224,4,log1p,0.5,64,hamming,0.024777104576129253,0.5078779955506513,0.1377289377289377,0.5836949559917609,0.07407407407407407,0.08202443280977313,3.0,"{'method': 'STFT', 'image_size': [192, 224], 'norm_type': 'log1p', 'clip_pct': 3, 'nperseg': 64, 'window': 'hamming', 'noverlap_pct': 0.5, 'nfft': 256}",0.31351974846186986,0.026573910963379205,0.024777104576129253,0.03090402730660286,5.139145851135254,0.08125302115253348,0.07124042139057553,"[{'seed': 42, 'Macro_F1': 0.3421665046892253, 'Rare_Macro_SF': 0.11075938986386746, 'Min_Rare_F1': 0.014925373134328358, 'F1_N': 0.48535564853556484, 'F1_S': 0.20659340659340658, 'F1_V': 0.6617915904936015, 'F1_F': 0.014925373134328358, 'Recall_S': 0.12303664921465969, 'Recall_F': 0.05555555555555555, 'best_epoch': 4}, {'seed': 43, 'Macro_F1': 0.2896729643331438, 'Rare_Macro_SF': 0.132999673593733, 'Min_Rare_F1': 0.0594059405940594, 'F1_N': 0.44967074317968014, 'F1_S': 0.20659340659340658, 'F1_V': 0.44302176696542894, 'F1_F': 0.0594059405940594, 'Recall_S': 0.12303664921465969, 'Recall_F': 0.16666666666666666, 'best_epoch': 3}, {'seed': 44, 'Macro_F1': 0.30871977636324033, 'Rare_Macro_SF': 0.0, 'Min_Rare_F1': 0.0, 'F1_N': 0.5886075949367089, 'F1_S': 0.0, 'F1_V': 0.6462715105162524, 'F1_F': 0.0, 'Recall_S': 0.0, 'Recall_F': 0.0, 'best_epoch': 2}]",98.71787977218628,93.46077394485474,1,COMPLETE
26,0.079591689627961,0.33253480111749484,2026-08-10 08:59:44.380863,2026-08-10 09:01:03.420528,0 days 00:01:19.039665,3,128x128,4,sqrt,0.5,112,blackman,0.0,0.5063857722286438,0.159183379255922,0.6645700529854136,0.0,0.0968586387434555,9.0,"{'method': 'STFT', 'image_size': [128, 128], 'norm_type': 'sqrt', 'clip_pct': 3, 'nperseg': 112, 'window': 'blackman', 'noverlap_pct': 0.5, 'nfft': 448}",0.33253480111749484,0.027091834829613522,0.0,0.0,3.4420840740203857,0.079591689627961,0.0636891110905713,"[{'seed': 42, 'Macro_F1': 0.32816648280491145, 'Rare_Macro_SF': 0.09287257019438445, 'Min_Rare_F1': 0.0, 'F1_N': 0.48497409326424873, 'F1_S': 0.1857451403887689, 'F1_V': 0.641946697566628, 'F1_F': 0.0, 'Recall_S': 0.112565445026178, 'Recall_F': 0.0, 'best_epoch': 4}, {'seed': 43, 'Macro_F1': 0.3078925579660782, 'Rare_Macro_SF': 0.010309278350515464, 'Min_Rare_F1': 0.0, 'F1_N': 0.5229050279329609, 'F1_S': 0.020618556701030927, 'F1_V': 0.6880466472303207, 'F1_F': 0.0, 'Recall_S': 0.010471204188481676, 'Recall_F': 0.0, 'best_epoch': 9}, {'seed': 44, 'Macro_F1': 0.36154536258149494, 'Rare_Macro_SF': 0.13559322033898305, 'Min_Rare_F1': 0.0, 'F1_N': 0.5112781954887218, 'F1_S': 0.2711864406779661, 'F1_V': 0.6637168141592921, 'F1_F': 0.0, 'Recall_S': 0.16753926701570682, 'Recall_F': 0.0, 'best_epoch': 11}]",78.75551462173462,75.19669103622437,2,COMPLETE
73,0.07761600828014491,0.33222158038040545,2026-08-10 10:21:14.648467,2026-08-10 10:22:56.668916,0 days 00:01:42.020449,3,192x192,4,log1p,0.5,64,hamming,0.006060606060606061,0.557987000570384,0.14917141049968374,0.615667304390948,0.018518518518518517,0.08726003490401396,3.0,"{'method': 'STFT', 'image_size': [192, 192], 'norm_type': 'log1p', 'clip_pct': 3, 'nperseg': 64, 'window': 'hamming', 'noverlap_pct': 0.5, 'nfft': 256}",0.33222158038040545,0.027483013629599807,0.006060606060606061,0.01049727762162956,4.590537071228027,0.07761600828014491,0.06749879763904015,"[{'seed': 42, 'Macro_F1': 0.3376922690015127, 'Rare_Macro_SF': 0.12258064516129032, 'Min_Rare_F1': 0.0, 'F1_N': 0.5412026726057907, 'F1_S': 0.24516129032258063, 'F1_V': 0.5644051130776795, 'F1_F': 0.0, 'Recall_S': 0.14921465968586387, 'Recall_F': 0.0, 'best_epoch': 3}, {'seed': 43, 'Macro_F1': 0.35655780256817127, 'Rare_Macro_SF': 0.11026737967914439, 'Min_Rare_F1': 0.01818181818181818, 'F1_N': 0.5525114155251142, 'F1_S': 0.2023529411764706, 'F1_V': 0.6531850353892821, 'F1_F': 0.01818181818181818, 'Recall_S': 0.112565445026178, 'Recall_F': 0.05555555555555555, 'best_epoch': 11}, {'seed': 44, 'Macro_F1': 0.3024146695715323, 'Rare_Macro_SF': 0.0, 'Min_Rare_F1': 0.0, 'F1_N': 0.5802469135802469, 'F1_S': 0.0, 'F1_V': 0.6294117647058823, 'F1_F': 0.0, 'Recall_S': 0.0, 'Recall_F': 0.0, 'best_epoch': 2}]",101.72098588943481,97.0167772769928,6,COMPLETE
39,0.07519194795627002,0.27537240736888374,2026-08-10 09:20:53.851503,2026-08-10 09:22:03.134305,0 days 00:01:09.282802,2,160x160,4,sqrt,0.25,112,hamming,0.004694835680751174,0.45161065195530176,0.14568906023178885,0.49949508160769324,0.018518518518518517,0.08813263525305409,5.0,"{'method': 'STFT', 'image_size': [160, 160], 'norm_type': 'sqrt', 'clip_pct': 2, 'nperseg': 112, 'window': 'hamming', 'noverlap_pct': 0.25, 'nfft': 448}",0.27537240736888374,0.03175955547721866,0.004694835680751174,0.008131693932248251,4.005032539367676,0.07519194795627002,0.08009337997601491,"[{'seed': 42, 'Macro_F1': 0.30636898831789716, 'Rare_Macro_SF': 0.15942028985507245, 'Min_Rare_F1': 0.0, 'F1_N': 0.36772486772486773, 'F1_S': 0.3188405797101449, 'F1_V': 0.5389105058365758, 'F1_F': 0.0, 'Recall_S': 0.20157068062827224, 'Recall_F': 0.0, 'best_epoch': 6}, {'seed': 43, 'Macro_F1': 0.24290124615269124, 'Rare_Macro_SF': 0.0, 'Min_Rare_F1': 0.0, 'F1_N': 0.5722543352601156, 'F1_S': 0.0, 'F1_V': 0.39935064935064934, 'F1_F': 0.0, 'Recall_S': 0.0, 'Recall_F': 0.0, 'best_epoch': 1}, {'seed': 44, 'Macro_F1': 0.27684698763606286, 'Rare_Macro_SF': 0.0661555540137376, 'Min_Rare_F1': 0.014084507042253521, 'F1_N': 0.4148527528809219, 'F1_S': 0.11822660098522167, 'F1_V': 0.5602240896358543, 'F1_F': 0.014084507042253521, 'Recall_S': 0.06282722513089005, 'Recall_F': 0.05555555555555555, 'best_epoch': 5}]",68.99401831626892,64.87460112571716,3,COMPLETE
20,0.0723240230089545,0.34391971748478944,2026-08-10 08:49:37.354381,2026-08-10 08:51:00.014150,0 days 00:01:22.659769,2,192x160,1,sqrt,0.75,96,hamming,0.03636363636363636,0.552265662351089,0.10828440965427266,0.6787651615701596,0.05555555555555555,0.07242582897033159,3.0,"{'method': 'STFT', 'image_size': [192, 160], 'norm_type': 'sqrt', 'clip_pct': 2, 'nperseg': 96, 'window': 'hamming', 'noverlap_pct': 0.75, 'nfft': 96}",0.34391971748478944,0.04146580101905437,0.0,0.0,4.079890489578247,0.0723240230089545,0.08265990198053456,"[{'seed': 42, 'Macro_F1': 0.3885780366996223, 'Rare_Macro_SF': 0.162426614481409, 'Min_Rare_F1': 0.0, 'F1_N': 0.5, 'F1_S': 0.324853228962818, 'F1_V': 0.7294589178356713, 'F1_F': 0.0, 'Recall_S': 0.21727748691099477, 'Recall_F': 0.0, 'best_epoch': 12}, {'seed': 43, 'Macro_F1': 0.33654510727985837, 'Rare_Macro_SF': 0.05454545454545454, 'Min_Rare_F1': 0.0, 'F1_N': 0.5736095965103599, 'F1_S': 0.0, 'F1_V': 0.6634799235181644, 'F1_F': 0.10909090909090909, 'Recall_S': 0.0, 'Recall_F': 0.16666666666666666, 'best_epoch': 3}, {'seed': 44, 'Macro_F1': 0.3066360084748876, 'Rare_Macro_SF': 0.0, 'Min_Rare_F1': 0.0, 'F1_N': 0.5831873905429071, 'F1_S': 0.0, 'F1_V': 0.6433566433566433, 'F1_F': 0.0, 'Recall_S': 0.0, 'Recall_F': 0.0, 'best_epoch': 1}]",82.37259435653687,78.17188596725464,1,COMPLETE
4,0.07129002479425307,0.3300242753944622,2026-08-10 08:20:52.339787,2026-08-10 08:22:15.849347,0 days 00:01:23.509560,3,160x160,4,log1p,0.5,32,hamming,0.011246974563842327,0.5097827803286964,0.13133307502466382,0.6677342716606466,0.12962962962962962,0.07242582897033158,7.0,"{'method': 'STFT', 'image_size': [160, 160], 'norm_type': 'log1p', 'clip_pct': 3, 'nperseg': 32, 'window': 'hamming', 'noverlap_pct': 0.5, 'nfft': 128}",0.3300242753944622,0.01644513576542438,0.008056035523846683,0.007805595268324447,3.963078498840332,0.07129002479425307,0.04538328434705216,"[{'seed': 42, 'Macro_F1': 0.3110369434552563, 'Rare_Macro_SF': 0.02037082414440905, 'Min_Rare_F1': 0.015584415584415584, 'F1_N': 0.4444444444444444, 'F1_S': 0.015584415584415584, 'F1_V': 0.7589616810877626, 'F1_F': 0.025157232704402517, 'Recall_S': 0.007853403141361256, 'Recall_F': 0.3333333333333333, 'best_epoch': 7}, {'seed': 43, 'Macro_F1': 0.3392868359421324, 'Rare_Macro_SF': 0.10747663551401869, 'Min_Rare_F1': 0.0, 'F1_N': 0.5786694825765576, 'F1_S': 0.21495327102803738, 'F1_V': 0.5635245901639344, 'F1_F': 0.0, 'Recall_S': 0.12041884816753927, 'Recall_F': 0.0, 'best_epoch': 3}, {'seed': 44, 'Macro_F1': 0.3397490467859981, 'Rare_Macro_SF': 0.08602261472433147, 'Min_Rare_F1': 0.008583690987124463, 'F1_N': 0.5062344139650873, 'F1_S': 0.16346153846153846, 'F1_V': 0.6807165437302424, 'F1_F': 0.008583690987124463, 'Recall_S': 0.08900523560209424, 'Recall_F': 0.05555555555555555, 'best_epoch': 7}]",83.20828819274902,79.12526369094849,0,COMPLETE
18,0.07129002479425307,0.3300242753944622,2026-08-10 08:46:52.627055,2026-08-10 08:48:15.518435,0 days 00:01:22.891380,3,160x160,4,log1p,0.5,32,hamming,0.011246974563842327,0.5097827803286964,0.13133307502466382,0.6677342716606466,0.12962962962962962,0.07242582897033158,7.0,"{'method': 'STFT', 'image_size': [160, 160], 'norm_type': 'log1p', 'clip_pct': 3, 'nperseg': 32, 'window': 'hamming', 'noverlap_pct': 0.5, 'nfft': 128}",0.3300242753944622,0.01644513576542438,0.008056035523846683,0.007805595268324447,3.6111698150634766,0.07129002479425307,0.04538328434705216,"[{'seed': 42, 'Macro_F1': 0.3110369434552563, 'Rare_Macro_SF': 0.02037082414440905, 'Min_Rare_F1': 0.015584415584415584, 'F1_N': 0.4444444444444444, 'F1_S': 0.015584415584415584, 'F1_V': 0.7589616810877626, 'F1_F': 0.025157232704402517, 'Recall_S': 0.007853403141361256, 'Recall_F': 0.3333333333333333, 'best_epoch': 7}, {'seed': 43, 'Macro_F1': 0.3392868359421324, 'Rare_Macro_SF': 0.10747663551401869, 'Min_Rare_F1': 0.0, 'F1_N': 0.5786694825765576, 'F1_S': 0.21495327102803738, 'F1_V': 0.5635245901639344, 'F1_F': 0.0, 'Recall_S': 0.12041884816753927, 'Recall_F': 0.0, 'best_epoch': 3}, {'seed': 44, 'Macro_F1': 0.3397490467859981, 'Rare_Macro_SF': 0.08602261472433147, 'Min_Rare_F1': 0.008583690987124463, 'F1_N': 0.5062344139650873, 'F1_S': 0.16346153846153846, 'F1_V': 0.6807165437302424, 'F1_F': 0.008583690987124463, 'Recall_S': 0.08900523560209424, 'Recall_F': 0.05555555555555555, 'best_epoch': 7}]",82.5925064086914,78.85351300239563,1,COMPLETE
23,0.07129002479425307,0.3300242753944622,2026-08-10 08:55:44.137316,2026-08-10 08:57:07.008206,0 days 00:01:22.870890,3,160x160,4,log1p,0.5,32,hamming,0.011246974563842327,0.5097827803286964,0.13133307502466382,0.6677342716606466,0.12962962962962962,0.07242582897033158,7.0,"{'method': 'STFT', 'image_size': [160, 160], 'norm_type': 'log1p', 'clip_pct': 3, 'nperseg': 32, 'window': 'hamming', 'noverlap_pct': 0.5, 'nfft': 128}",0.3300242753944622,0.01644513576542438,0.008056035523846683,0.007805595268324447,3.579245090484619,0.07129002479425307,0.04538328434705216,"[{'seed': 42, 'Macro_F1': 0.3110369434552563, 'Rare_Macro_SF': 0.02037082414440905, 'Min_Rare_F1': 0.015584415584415584, 'F1_N': 0.4444444444444444, 'F1_S': 0.015584415584415584, 'F1_V': 0.7589616810877626, 'F1_F': 0.025157232704402517, 'Recall_S': 0.007853403141361256, 'Recall_F': 0.3333333333333333, 'best_epoch': 7}, {'seed': 43, 'Macro_F1': 0.3392868359421324, 'Rare_Macro_SF': 0.10747663551401869, 'Min_Rare_F1': 0.0, 'F1_N': 0.5786694825765576, 'F1_S': 0.21495327102803738, 'F1_V': 0.5635245901639344, 'F1_F': 0.0, 'Recall_S': 0.12041884816753927, 'Recall_F': 0.0, 'best_epoch': 3}, {'seed': 44, 'Macro_F1': 0.3397490467859981, 'Rare_Macro_SF': 0.08602261472433147, 'Min_Rare_F1': 0.008583690987124463, 'F1_N': 0.5062344139650873, 'F1_S': 0.16346153846153846, 'F1_V': 0.6807165437302424, 'F1_F': 0.008583690987124463, 'Recall_S': 0.08900523560209424, 'Recall_F': 0.05555555555555555, 'best_epoch': 7}]",82.58368706703186,78.88875269889832,1,COMPLETE
76,0.06255373220799205,0.3537531543166506,2026-08-10 10:26:35.911519,2026-08-10 10:28:36.342923,0 days 00:02:00.431404,5,224x256,1,sqrt,0.75,32,hamming,0.11989459815546771,0.6067446647896754,0.005212866260516391,0.6831604880609431,0.12962962962962962,0.0026178010471204194,3.0,"{'method': 'STFT', 'image_size': [224, 256], 'norm_type': 'sqrt', 'clip_pct': 5, 'nperseg': 32, 'window': 'hamming', 'noverlap_pct': 0.75, 'nfft': 32}",0.3537531543166506,0.028879991450184942,0.0017406440382941688,0.003014883912217367,5.7339513301849365,0.06255373220799205,0.06889309756064871,"[{'seed': 42, 'Macro_F1': 0.3224185430436355, 'Rare_Macro_SF': 0.005208333333333333, 'Min_Rare_F1': 0.0, 'F1_N': 0.600358422939068, 'F1_S': 0.010416666666666666, 'F1_V': 0.6788990825688074, 'F1_F': 0.0, 'Recall_S': 0.005235602094240838, 'Recall_F': 0.0, 'best_epoch': 3}, {'seed': 43, 'Macro_F1': 0.3595381268055898, 'Rare_Macro_SF': 0.13897460242107762, 'Min_Rare_F1': 0.005221932114882507, 'F1_N': 0.5736040609137056, 'F1_S': 0.005221932114882507, 'F1_V': 0.5865992414664981, 'F1_F': 0.2727272727272727, 'Recall_S': 0.002617801047120419, 'Recall_F': 0.3333333333333333, 'best_epoch': 3}, {'seed': 44, 'Macro_F1': 0.3793027931007266, 'Rare_Macro_SF': 0.043478260869565216, 'Min_Rare_F1': 0.0, 'F1_N': 0.6462715105162524, 'F1_S': 0.0, 'F1_V': 0.7839831401475237, 'F1_F': 0.08695652173913043, 'Recall_S': 0.0, 'Recall_F': 0.05555555555555555, 'best_epoch': 1}]",120.1476457118988,114.30011010169983,6,COMPLETE
1,0.06196383615335035,0.33440058124495,2026-08-10 08:17:26.335696,2026-08-10 08:18:20.877704,0 days 00:00:54.542008,4,96x128,4,linear,0.25,32,hamming,0.002898550724637681,0.5913556114696296,0.12102912158206301,0.6223190412034696,0.018518518518518517,0.06806282722513089,5.0,"{'method': 'STFT', 'image_size': [96, 128], 'norm_type': 'linear', 'clip_pct': 4, 'nperseg': 32, 'window': 'hamming', 'noverlap_pct': 0.25, 'nfft': 128}",0.33440058124495,0.04031110164296522,0.002898550724637681,0.00502043712338805,2.896228075027466,0.06196383615335035,0.054812478814158204,"[{'seed': 42, 'Macro_F1': 0.3431561013293971, 'Rare_Macro_SF': 0.08177570093457943, 'Min_Rare_F1': 0.0, 'F1_N': 0.6018306636155606, 'F1_S': 0.16355140186915887, 'F1_V': 0.6072423398328691, 'F1_F': 0.0, 'Recall_S': 0.09162303664921466, 'Recall_F': 0.0, 'best_epoch': 5}, {'seed': 43, 'Macro_F1': 0.29043127454554707, 'Rare_Macro_SF': 0.0, 'Min_Rare_F1': 0.0, 'F1_N': 0.586756077116513, 'F1_S': 0.0, 'F1_V': 0.5749690210656754, 'F1_F': 0.0, 'Recall_S': 0.0, 'Recall_F': 0.0, 'best_epoch': 1}, {'seed': 44, 'Macro_F1': 0.36961436785990565, 'Rare_Macro_SF': 0.1041158075254716, 'Min_Rare_F1': 0.008695652173913044, 'F1_N': 0.585480093676815, 'F1_S': 0.19953596287703015, 'F1_V': 0.6847457627118644, 'F1_F': 0.008695652173913044, 'Recall_S': 0.112565445026178, 'Recall_F': 0.05555555555555555, 'best_epoch': 9}]",54.24005079269409,51.22358536720276,0,COMPLETE
33,0.05879442195231669,0.31468864772737454,2026-08-10 09:12:04.452173,2026-08-10 09:12:55.327766,0 days 00:00:50.875593,3,128x128,4,linear,0.25,64,hamming,0.017543859649122806,0.5500924892815695,0.10004498425551057,0.5910732577232953,0.018518518518518517,0.06282722513089005,3.0,"{'method': 'STFT', 'image_size': [128, 128], 'norm_type': 'linear', 'clip_pct': 3, 'nperseg': 64, 'window': 'hamming', 'noverlap_pct': 0.25, 'nfft': 256}",0.31468864772737454,0.02310098980929286,0.017543859649122806,0.0303868562731382,3.0411126613616943,0.05879442195231669,0.0846936224843621,"[{'seed': 42, 'Macro_F1': 0.2941760893220419, 'Rare_Macro_SF': 0.0, 'Min_Rare_F1': 0.0, 'F1_N': 0.5680087051142546, 'F1_S': 0.0, 'F1_V': 0.6086956521739131, 'F1_F': 0.0, 'Recall_S': 0.0, 'Recall_F': 0.0, 'best_epoch': 1}, {'seed': 43, 'Macro_F1': 0.33971252459925966, 'Rare_Macro_SF': 0.15587044534412955, 'Min_Rare_F1': 0.05263157894736842, 'F1_N': 0.5310492505353319, 'F1_S': 0.2591093117408907, 'F1_V': 0.5160599571734475, 'F1_F': 0.05263157894736842, 'Recall_S': 0.16753926701570682, 'Recall_F': 0.05555555555555555, 'best_epoch': 3}, {'seed': 44, 'Macro_F1': 0.31017732926082214, 'Rare_Macro_SF': 0.020512820512820513, 'Min_Rare_F1': 0.0, 'F1_N': 0.551219512195122, 'F1_S': 0.041025641025641026, 'F1_V': 0.6484641638225256, 'F1_F': 0.0, 'Recall_S': 0.020942408376963352, 'Recall_F': 0.0, 'best_epoch': 4}]",50.59094429016113,47.439274072647095,2,COMPLETE
11,0.05382428516756876,0.2753477521923376,2026-08-10 08:35:07.547463,2026-08-10 08:37:21.060239,0 days 00:02:13.512776,3,192x224,1,linear,0.5,80,blackman,0.009523809523809523,0.475764516882768,0.09812476081132798,0.517977921551445,0.018518518518518517,0.05235602094240838,6.0,"{'method': 'STFT', 'image_size': [192, 224], 'norm_type': 'linear', 'clip_pct': 3, 'nperseg': 80, 'window': 'blackman', 'noverlap_pct': 0.5, 'nfft': 80}",0.2753477521923376,0.006950049772524824,0.009523809523809523,0.016495721976846452,4.296727657318115,0.05382428516756876,0.02135559673487327,"[{'seed': 42, 'Macro_F1': 0.27306304606442255, 'Rare_Macro_SF': 0.0347985347985348, 'Min_Rare_F1': 0.02857142857142857, 'F1_N': 0.49023861171366595, 'F1_S': 0.041025641025641026, 'F1_V': 0.5324165029469549, 'F1_F': 0.02857142857142857, 'Recall_S': 0.020942408376963352, 'Recall_F': 0.05555555555555555, 'best_epoch': 8}, {'seed': 43, 'Macro_F1': 0.26982765223414384, 'Rare_Macro_SF': 0.04975124378109453, 'Min_Rare_F1': 0.0, 'F1_N': 0.4537037037037037, 'F1_S': 0.09950248756218906, 'F1_V': 0.5261044176706827, 'F1_F': 0.0, 'Recall_S': 0.05235602094240838, 'Recall_F': 0.0, 'best_epoch': 3}, {'seed': 44, 'Macro_F1': 0.28315255827844643, 'Rare_Macro_SF': 0.07692307692307693, 'Min_Rare_F1': 0.0, 'F1_N': 0.4833512352309345, 'F1_S': 0.15384615384615385, 'F1_V': 0.4954128440366973, 'F1_F': 0.0, 'Recall_S': 0.08376963350785341, 'Recall_F': 0.0, 'best_epoch': 6}]",133.24570631980896,128.81773900985718,0,COMPLETE
22,0.052238657921153,0.3533597246011335,2026-08-10 08:53:31.992176,2026-08-10 08:55:43.947628,0 days 00:02:11.955452,2,224x256,1,sqrt,0.75,32,hamming,0.06708683473389356,0.6193952565053684,0.03739048110841244,0.6895663260568599,0.1851851851851852,0.019197207678883072,3.0,"{'method': 'STFT', 'image_size': [224, 256], 'norm_type': 'sqrt', 'clip_pct': 2, 'nperseg': 32, 'window': 'hamming', 'noverlap_pct': 0.75, 'nfft': 32}",0.3533597246011335,0.03942456622220589,0.03564983707011827,0.03175722184209891,5.67062783241272,0.052238657921153,0.05186703102477284,"[{'seed': 42, 'Macro_F1': 0.3358234129649405, 'Rare_Macro_SF': 0.048017902813299235, 'Min_Rare_F1': 0.04603580562659847, 'F1_N': 0.6084745762711864, 'F1_S': 0.04603580562659847, 'F1_V': 0.6387832699619772, 'F1_F': 0.05, 'Recall_S': 0.02356020942408377, 'Recall_F': 0.05555555555555555, 'best_epoch': 5}, {'seed': 43, 'Macro_F1': 0.39850994677695417, 'Rare_Macro_SF': 0.1060871048927185, 'Min_Rare_F1': 0.06091370558375635, 'F1_N': 0.6295928500496525, 'F1_S': 0.06091370558375635, 'F1_V': 0.7522727272727273, 'F1_F': 0.15126050420168066, 'Recall_S': 0.031413612565445025, 'Recall_F': 0.5, 'best_epoch': 3}, {'seed': 44, 'Macro_F1': 0.32574581406150604, 'Rare_Macro_SF': 0.0026109660574412533, 'Min_Rare_F1': 0.0, 'F1_N': 0.6201183431952663, 'F1_S': 0.005221932114882507, 'F1_V': 0.6776429809358753, 'F1_F': 0.0, 'Recall_S': 0.002617801047120419, 'Recall_F': 0.0, 'best_epoch': 1}]",131.6505331993103,125.85862398147583,1,COMPLETE
53,0.050641025641025635,0.28551259437816356,2026-08-10 09:43:53.195429,2026-08-10 09:44:52.914028,0 days 00:00:59.718599,4,128x128,1,log1p,0.25,96,hamming,0.0,0.5557375649150246,0.10128205128205127,0.48503076131557826,0.0,0.06893542757417102,5.0,"{'method': 'STFT', 'image_size': [128, 128], 'norm_type': 'log1p', 'clip_pct': 4, 'nperseg': 96, 'window': 'hamming', 'noverlap_pct': 0.25, 'nfft': 96}",0.28551259437816356,0.024872716784401432,0.0,0.0,2.83569073677063,0.050641025641025635,0.08771282935765468,"[{'seed': 42, 'Macro_F1': 0.27309285629221325, 'Rare_Macro_SF': 0.0, 'Min_Rare_F1': 0.0, 'F1_N': 0.5659163987138264, 'F1_S': 0.0, 'F1_V': 0.5264550264550265, 'F1_F': 0.0, 'Recall_S': 0.0, 'Recall_F': 0.0, 'best_epoch': 1}, {'seed': 43, 'Macro_F1': 0.2692955907090475, 'Rare_Macro_SF': 0.0, 'Min_Rare_F1': 0.0, 'F1_N': 0.5452930728241563, 'F1_S': 0.0, 'F1_V': 0.5318892900120337, 'F1_F': 0.0, 'Recall_S': 0.0, 'Recall_F': 0.0, 'best_epoch': 5}, {'seed': 44, 'Macro_F1': 0.31414933613322993, 'Rare_Macro_SF': 0.1519230769230769, 'Min_Rare_F1': 0.0, 'F1_N': 0.5560032232070911, 'F1_S': 0.3038461538461538, 'F1_V': 0.3967479674796748, 'F1_F': 0.0, 'Recall_S': 0.20680628272251309, 'Recall_F': 0.0, 'best_epoch': 6}]",59.4274640083313,56.47314119338989,4,COMPLETE
9,0.04780693137500649,0.364328425668915,2026-08-10 08:32:04.525929,2026-08-10 08:33:10.813158,0 days 00:01:06.287229,2,192x160,1,sqrt,0.75,32,hann,0.09041905755520778,0.6460978272138459,0.005194805194805195,0.715602012711801,0.14814814814814814,0.0026178010471204186,2.0,"{'method': 'STFT', 'image_size': [192, 160], 'norm_type': 'sqrt', 'clip_pct': 2, 'nperseg': 32, 'window': 'hann', 'noverlap_pct': 0.75, 'nfft': 32}",0.364328425668915,0.01870900069238223,0.005194805194805195,0.008997666532825337,3.8649165630340576,0.04780693137500649,0.05400341573527533,"[{'seed': 42, 'Macro_F1': 0.3430339033316314, 'Rare_Macro_SF': 0.0, 'Min_Rare_F1': 0.0, 'F1_N': 0.6490765171503958, 'F1_S': 0.0, 'F1_V': 0.7230590961761297, 'F1_F': 0.0, 'Recall_S': 0.0, 'Recall_F': 0.0, 'best_epoch': 2}, {'seed': 43, 'Macro_F1': 0.378127542755545, 'Rare_Macro_SF': 0.10638375708798244, 'Min_Rare_F1': 0.015584415584415584, 'F1_N': 0.6322033898305085, 'F1_S': 0.015584415584415584, 'F1_V': 0.6675392670157068, 'F1_F': 0.19718309859154928, 'Recall_S': 0.007853403141361256, 'Recall_F': 0.3888888888888889, 'best_epoch': 3}, {'seed': 44, 'Macro_F1': 0.3718238309195685, 'Rare_Macro_SF': 0.037037037037037035, 'Min_Rare_F1': 0.0, 'F1_N': 0.6570135746606335, 'F1_S': 0.0, 'F1_V': 0.7562076749435666, 'F1_F': 0.07407407407407407, 'Recall_S': 0.0, 'Recall_F': 0.05555555555555555, 'best_epoch': 2}]",66.00820112228394,62.02303218841553,0,COMPLETE
3,0.04545454545454545,0.32664763703987076,2026-08-10 08:19:12.366415,2026-08-10 08:20:52.134294,0 days 00:01:39.767879,3,224x160,2,linear,0.25,48,hann,0.0909090909090909,0.5901525327815912,0.0,0.6255289244688008,0.05555555555555555,0.0,5.0,"{'method': 'STFT', 'image_size': [224, 160], 'norm_type': 'linear', 'clip_pct': 3, 'nperseg': 48, 'window': 'hann', 'noverlap_pct': 0.25, 'nfft': 96}",0.32664763703987076,0.021118753192111536,0.0,0.0,4.609464406967163,0.04545454545454545,0.0787295821622217,"[{'seed': 42, 'Macro_F1': 0.3186358835672337, 'Rare_Macro_SF': 0.0, 'Min_Rare_F1': 0.0, 'F1_N': 0.6146245059288538, 'F1_S': 0.0, 'F1_V': 0.659919028340081, 'F1_F': 0.0, 'Recall_S': 0.0, 'Recall_F': 0.0, 'best_epoch': 5}, {'seed': 43, 'Macro_F1': 0.3505999568453078, 'Rare_Macro_SF': 0.13636363636363635, 'Min_Rare_F1': 0.0, 'F1_N': 0.5602775368603643, 'F1_S': 0.0, 'F1_V': 0.5693950177935944, 'F1_F': 0.2727272727272727, 'Recall_S': 0.0, 'Recall_F': 0.16666666666666666, 'best_epoch': 5}, {'seed': 44, 'Macro_F1': 0.3107070707070707, 'Rare_Macro_SF': 0.0, 'Min_Rare_F1': 0.0, 'F1_N': 0.5955555555555555, 'F1_S': 0.0, 'F1_V': 0.6472727272727272, 'F1_F': 0.0, 'Recall_S': 0.0, 'Recall_F': 0.0, 'best_epoch': 3}]",99.48061394691467,94.74938154220581,0,COMPLETE
34,0.03918314500941619,0.32638839215327625,2026-08-10 09:12:55.515531,2026-08-10 09:14:40.201311,0 days 00:01:44.685780,3,192x224,1,sqrt,0.75,64,hamming,0.007532956685499058,0.5561062368376012,0.07083333333333333,0.6710810417566716,0.037037037037037035,0.04450261780104712,1.0,"{'method': 'STFT', 'image_size': [192, 224], 'norm_type': 'sqrt', 'clip_pct': 3, 'nperseg': 64, 'window': 'hamming', 'noverlap_pct': 0.75, 'nfft': 64}",0.32638839215327625,0.035129182360537234,0.007532956685499058,0.013047463710500019,4.97652006149292,0.03918314500941619,0.06786719795664774,"[{'seed': 42, 'Macro_F1': 0.2987426147553401, 'Rare_Macro_SF': 0.0, 'Min_Rare_F1': 0.0, 'F1_N': 0.5714285714285714, 'F1_S': 0.0, 'F1_V': 0.623541887592789, 'F1_F': 0.0, 'Recall_S': 0.0, 'Recall_F': 0.0, 'best_epoch': 1}, {'seed': 43, 'Macro_F1': 0.36591814175293974, 'Rare_Macro_SF': 0.11754943502824858, 'Min_Rare_F1': 0.022598870056497175, 'F1_N': 0.5061728395061729, 'F1_S': 0.2125, 'F1_V': 0.722400857449089, 'F1_F': 0.022598870056497175, 'Recall_S': 0.13350785340314136, 'Recall_F': 0.1111111111111111, 'best_epoch': 11}, {'seed': 44, 'Macro_F1': 0.314504419951549, 'Rare_Macro_SF': 0.0, 'Min_Rare_F1': 0.0, 'F1_N': 0.5907172995780591, 'F1_S': 0.0, 'F1_V': 0.6673003802281369, 'F1_F': 0.0, 'Recall_S': 0.0, 'Recall_F': 0.0, 'best_epoch': 1}]",104.40235161781311,99.31618547439575,2,COMPLETE
49,0.037002089371166676,0.36721850316056076,2026-08-10 09:36:31.471355,2026-08-10 09:38:51.387900,0 days 00:02:19.916545,4,192x224,4,sqrt,0.25,96,hamming,0.05405405405405406,0.6269244619769914,0.0199501246882793,0.767945371922918,0.1111111111111111,0.010471204188481674,7.0,"{'method': 'STFT', 'image_size': [192, 224], 'norm_type': 'sqrt', 'clip_pct': 4, 'nperseg': 96, 'window': 'hamming', 'noverlap_pct': 0.25, 'nfft': 384}",0.36721850316056076,0.009374574113067226,0.0,0.0,4.964117050170898,0.037002089371166676,0.041001187023711166,"[{'seed': 42, 'Macro_F1': 0.3563945167494074, 'Rare_Macro_SF': 0.0, 'Min_Rare_F1': 0.0, 'F1_N': 0.6439688715953308, 'F1_S': 0.0, 'F1_V': 0.7816091954022989, 'F1_F': 0.0, 'Recall_S': 0.0, 'Recall_F': 0.0, 'best_epoch': 7}, {'seed': 43, 'Macro_F1': 0.37274723723202074, 'Rare_Macro_SF': 0.08108108108108109, 'Min_Rare_F1': 0.0, 'F1_N': 0.6332665330661322, 'F1_S': 0.0, 'F1_V': 0.6955602536997886, 'F1_F': 0.16216216216216217, 'Recall_S': 0.0, 'Recall_F': 0.3333333333333333, 'best_epoch': 3}, {'seed': 44, 'Macro_F1': 0.3725137555002539, 'Rare_Macro_SF': 0.029925187032418952, 'Min_Rare_F1': 0.0, 'F1_N': 0.603537981269511, 'F1_S': 0.059850374064837904, 'F1_V': 0.8266666666666667, 'F1_F': 0.0, 'Recall_S': 0.031413612565445025, 'Recall_F': 0.0, 'best_epoch': 9}]",139.62609362602234,134.53946447372437,4,COMPLETE
65,0.037002089371166676,0.36721850316056076,2026-08-10 10:07:55.309113,2026-08-10 10:10:15.294266,0 days 00:02:19.985153,4,192x224,4,sqrt,0.25,96,hamming,0.05405405405405406,0.6269244619769914,0.0199501246882793,0.767945371922918,0.1111111111111111,0.010471204188481674,7.0,"{'method': 'STFT', 'image_size': [192, 224], 'norm_type': 'sqrt', 'clip_pct': 4, 'nperseg': 96, 'window': 'hamming', 'noverlap_pct': 0.25, 'nfft': 384}",0.36721850316056076,0.009374574113067226,0.0,0.0,5.042853355407715,0.037002089371166676,0.041001187023711166,"[{'seed': 42, 'Macro_F1': 0.3563945167494074, 'Rare_Macro_SF': 0.0, 'Min_Rare_F1': 0.0, 'F1_N': 0.6439688715953308, 'F1_S': 0.0, 'F1_V': 0.7816091954022989, 'F1_F': 0.0, 'Recall_S': 0.0, 'Recall_F': 0.0, 'best_epoch': 7}, {'seed': 43, 'Macro_F1': 0.37274723723202074, 'Rare_Macro_SF': 0.08108108108108109, 'Min_Rare_F1': 0.0, 'F1_N': 0.6332665330661322, 'F1_S': 0.0, 'F1_V': 0.6955602536997886, 'F1_F': 0.16216216216216217, 'Recall_S': 0.0, 'Recall_F': 0.3333333333333333, 'best_epoch': 3}, {'seed': 44, 'Macro_F1': 0.3725137555002539, 'Rare_Macro_SF': 0.029925187032418952, 'Min_Rare_F1': 0.0, 'F1_N': 0.603537981269511, 'F1_S': 0.059850374064837904, 'F1_V': 0.8266666666666667, 'F1_F': 0.0, 'Recall_S': 0.031413612565445025, 'Recall_F': 0.0, 'best_epoch': 9}]",139.6873688697815,134.52607679367065,5,COMPLETE
72,0.034595812215225515,0.2916704021874331,2026-08-10 10:19:22.161267,2026-08-10 10:21:14.457418,0 days 00:01:52.296151,5,192x224,4,log1p,0.5,64,hamming,0.0,0.4707429709479962,0.06919162443045103,0.6267470133712854,0.0,0.038394415357766144,2.0,"{'method': 'STFT', 'image_size': [192, 224], 'norm_type': 'log1p', 'clip_pct': 5, 'nperseg': 64, 'window': 'hamming', 'noverlap_pct': 0.5, 'nfft': 256}",0.2916704021874331,0.02931482615588789,0.0,0.0,5.056941270828247,0.034595812215225515,0.05767531827372828,"[{'seed': 42, 'Macro_F1': 0.3153751130050342, 'Rare_Macro_SF': 0.1011764705882353, 'Min_Rare_F1': 0.0, 'F1_N': 0.4476439790575916, 'F1_S': 0.2023529411764706, 'F1_V': 0.6115035317860746, 'F1_F': 0.0, 'Recall_S': 0.112565445026178, 'Recall_F': 0.0, 'best_epoch': 11}, {'seed': 43, 'Macro_F1': 0.25889141192397047, 'Rare_Macro_SF': 0.0, 'Min_Rare_F1': 0.0, 'F1_N': 0.45881126173096975, 'F1_S': 0.0, 'F1_V': 0.5767543859649122, 'F1_F': 0.0, 'Recall_S': 0.0, 'Recall_F': 0.0, 'best_epoch': 2}, {'seed': 44, 'Macro_F1': 0.3007446816332947, 'Rare_Macro_SF': 0.0026109660574412533, 'Min_Rare_F1': 0.0, 'F1_N': 0.5057736720554272, 'F1_S': 0.005221932114882507, 'F1_V': 0.6919831223628692, 'F1_F': 0.0, 'Recall_S': 0.002617801047120419, 'Recall_F': 0.0, 'best_epoch': 2}]",112.01097774505615,106.8382978439331,6,COMPLETE
61,0.034280004995628825,0.2921101569519795,2026-08-10 09:58:05.077725,2026-08-10 09:59:21.886066,0 days 00:01:16.808341,1,192x160,1,sqrt,0.75,64,hamming,0.004246284501061571,0.5215720467413624,0.06431372549019608,0.5783085710752981,0.018518518518518517,0.03577661431064572,2.0,"{'method': 'STFT', 'image_size': [192, 160], 'norm_type': 'sqrt', 'clip_pct': 1, 'nperseg': 64, 'window': 'hamming', 'noverlap_pct': 0.75, 'nfft': 64}",0.2921101569519795,0.021595378716556497,0.004246284501061571,0.007354780499230902,4.0478034019470215,0.034280004995628825,0.05937471033614405,"[{'seed': 42, 'Macro_F1': 0.2696317319242427, 'Rare_Macro_SF': 0.0, 'Min_Rare_F1': 0.0, 'F1_N': 0.5343092406221409, 'F1_S': 0.0, 'F1_V': 0.54421768707483, 'F1_F': 0.0, 'Recall_S': 0.0, 'Recall_F': 0.0, 'best_epoch': 2}, {'seed': 43, 'Macro_F1': 0.29400053594953074, 'Rare_Macro_SF': 0.0, 'Min_Rare_F1': 0.0, 'F1_N': 0.5567226890756303, 'F1_S': 0.0, 'F1_V': 0.6192794547224927, 'F1_F': 0.0, 'Recall_S': 0.0, 'Recall_F': 0.0, 'best_epoch': 2}, {'seed': 44, 'Macro_F1': 0.312698202982165, 'Rare_Macro_SF': 0.10284001498688647, 'Min_Rare_F1': 0.012738853503184714, 'F1_N': 0.47368421052631576, 'F1_S': 0.19294117647058823, 'F1_V': 0.5714285714285714, 'F1_F': 0.012738853503184714, 'Recall_S': 0.10732984293193717, 'Recall_F': 0.05555555555555555, 'best_epoch': 6}]",76.52698373794556,72.3653826713562,5,COMPLETE
15,0.034169301741457936,0.3305724327839465,2026-08-10 08:42:14.395690,2026-08-10 08:43:21.089650,0 days 00:01:06.693960,3,160x160,4,log1p,0.5,32,hann,0.0,0.6106339115452557,0.06833860348291587,0.6433172161076145,0.0,0.03577661431064572,4.0,"{'method': 'STFT', 'image_size': [160, 160], 'norm_type': 'log1p', 'clip_pct': 3, 'nperseg': 32, 'window': 'hann', 'noverlap_pct': 0.5, 'nfft': 128}",0.3305724327839465,0.007016906591079676,0.0,0.0,3.607372522354126,0.034169301741457936,0.023332133929881288,"[{'seed': 42, 'Macro_F1': 0.3229170126420918, 'Rare_Macro_SF': 0.007792207792207792, 'Min_Rare_F1': 0.0, 'F1_N': 0.6141367323290846, 'F1_S': 0.015584415584415584, 'F1_V': 0.6619469026548672, 'F1_F': 0.0, 'Recall_S': 0.007853403141361256, 'Recall_F': 0.0, 'best_epoch': 4}, {'seed': 43, 'Macro_F1': 0.33210169012603596, 'Rare_Macro_SF': 0.052109181141439205, 'Min_Rare_F1': 0.0, 'F1_N': 0.5962596259625963, 'F1_S': 0.10421836228287841, 'F1_V': 0.6279287722586692, 'F1_F': 0.0, 'Recall_S': 0.0549738219895288, 'Recall_F': 0.0, 'best_epoch': 5}, {'seed': 44, 'Macro_F1': 0.3366985955837116, 'Rare_Macro_SF': 0.042606516290726815, 'Min_Rare_F1': 0.0, 'F1_N': 0.621505376344086, 'F1_S': 0.08521303258145363, 'F1_V': 0.6400759734093068, 'F1_F': 0.0, 'Recall_S': 0.04450261780104712, 'Recall_F': 0.0, 'best_epoch': 2}]",66.41156077384949,62.685444355010986,1,COMPLETE
46,0.03358033172714964,0.34122668486438346,2026-08-10 09:30:37.754660,2026-08-10 09:32:34.091366,0 days 00:01:56.336706,2,192x224,4,log1p,0.5,112,hamming,0.00749063670411985,0.6028317414655261,0.05967002675017943,0.6949143345377085,0.018518518518518517,0.03228621291448516,3.0,"{'method': 'STFT', 'image_size': [192, 224], 'norm_type': 'log1p', 'clip_pct': 2, 'nperseg': 112, 'window': 'hamming', 'noverlap_pct': 0.5, 'nfft': 448}",0.34122668486438346,0.013410140717476838,0.006785411365564038,0.01175267723541223,5.070221900939941,0.03358033172714964,0.04103904952745412,"[{'seed': 42, 'Macro_F1': 0.356703988076436, 'Rare_Macro_SF': 0.07932692307692307, 'Min_Rare_F1': 0.0, 'F1_N': 0.6085376930063578, 'F1_S': 0.15865384615384615, 'F1_V': 0.6596244131455399, 'F1_F': 0.0, 'Recall_S': 0.08638743455497382, 'Recall_F': 0.0, 'best_epoch': 3}, {'seed': 43, 'Macro_F1': 0.3330736807222586, 'Rare_Macro_SF': 0.0, 'Min_Rare_F1': 0.0, 'F1_N': 0.6177024482109228, 'F1_S': 0.0, 'F1_V': 0.7145922746781116, 'F1_F': 0.0, 'Recall_S': 0.0, 'Recall_F': 0.0, 'best_epoch': 2}, {'seed': 44, 'Macro_F1': 0.33390238579445575, 'Rare_Macro_SF': 0.02141407210452583, 'Min_Rare_F1': 0.020356234096692113, 'F1_N': 0.5822550831792976, 'F1_S': 0.020356234096692113, 'F1_V': 0.7105263157894737, 'F1_F': 0.02247191011235955, 'Recall_S': 0.010471204188481676, 'Recall_F': 0.05555555555555555, 'best_epoch': 8}]",116.0564444065094,110.8722620010376,3,COMPLETE
55,0.03171091445427728,0.2742626461515891,2026-08-10 09:46:45.425927,2026-08-10 09:48:28.575406,0 days 00:01:43.149479,3,192x224,4,linear,0.75,64,hamming,0.0,0.5249519302104143,0.06342182890855456,0.5086768254873874,0.0,0.037521815008726,1.0,"{'method': 'STFT', 'image_size': [192, 224], 'norm_type': 'linear', 'clip_pct': 3, 'nperseg': 64, 'window': 'hamming', 'noverlap_pct': 0.75, 'nfft': 256}",0.2742626461515891,0.04586958124278983,0.0,0.0,4.814570665359497,0.03171091445427728,0.05492491498927856,"[{'seed': 42, 'Macro_F1': 0.23665772177857014, 'Rare_Macro_SF': 0.0, 'Min_Rare_F1': 0.0, 'F1_N': 0.568081991215227, 'F1_S': 0.0, 'F1_V': 0.3785488958990536, 'F1_F': 0.0, 'Recall_S': 0.0, 'Recall_F': 0.0, 'best_epoch': 1}, {'seed': 43, 'Macro_F1': 0.2607630847085557, 'Rare_Macro_SF': 0.0, 'Min_Rare_F1': 0.0, 'F1_N': 0.5253784505788067, 'F1_S': 0.0, 'F1_V': 0.5176738882554162, 'F1_F': 0.0, 'Recall_S': 0.0, 'Recall_F': 0.0, 'best_epoch': 1}, {'seed': 44, 'Macro_F1': 0.32536713196764133, 'Rare_Macro_SF': 0.09513274336283185, 'Min_Rare_F1': 0.0, 'F1_N': 0.4813953488372093, 'F1_S': 0.1902654867256637, 'F1_V': 0.6298076923076923, 'F1_F': 0.0, 'Recall_S': 0.112565445026178, 'Recall_F': 0.0, 'best_epoch': 12}]",102.8552896976471,97.91371011734009,4,COMPLETE
59,0.02607914905823112,0.3059939963441865,2026-08-10 09:55:26.491856,2026-08-10 09:56:52.287908,0 days 00:01:25.796052,5,224x160,1,sqrt,0.5,64,hamming,0.0,0.5063059618737086,0.05215829811646224,0.6655117253865753,0.0,0.027923211169284468,2.0,"{'method': 'STFT', 'image_size': [224, 160], 'norm_type': 'sqrt', 'clip_pct': 5, 'nperseg': 64, 'window': 'hamming', 'noverlap_pct': 0.5, 'nfft': 64}",0.3059939963441865,0.019330997838141822,0.0,0.0,4.6903064250946045,0.02607914905823112,0.026054625293136676,"[{'seed': 42, 'Macro_F1': 0.326176533309787, 'Rare_Macro_SF': 0.052109181141439205, 'Min_Rare_F1': 0.0, 'F1_N': 0.5118912797281994, 'F1_S': 0.10421836228287841, 'F1_V': 0.6885964912280702, 'F1_F': 0.0, 'Recall_S': 0.0549738219895288, 'Recall_F': 0.0, 'best_epoch': 6}, {'seed': 43, 'Macro_F1': 0.3041602322448166, 'Rare_Macro_SF': 0.026128266033254157, 'Min_Rare_F1': 0.0, 'F1_N': 0.5064039408866995, 'F1_S': 0.052256532066508314, 'F1_V': 0.6579804560260586, 'F1_F': 0.0, 'Recall_S': 0.028795811518324606, 'Recall_F': 0.0, 'best_epoch': 2}, {'seed': 44, 'Macro_F1': 0.28764522347795596, 'Rare_Macro_SF': 0.0, 'Min_Rare_F1': 0.0, 'F1_N': 0.5006226650062267, 'F1_S': 0.0, 'F1_V': 0.6499582289055973, 'F1_F': 0.0, 'Recall_S': 0.0, 'Recall_F': 0.0, 'best_epoch': 1}]",85.50723147392273,80.70356607437134,4,COMPLETE
41,0.02262248170234125,0.3214120704600158,2026-08-10 09:23:10.678999,2026-08-10 09:25:07.225664,0 days 00:01:56.546665,3,192x224,4,linear,0.5,32,hamming,0.0025542784163473816,0.5723939742694537,0.04269068498833512,0.668009344165927,0.018518518518518517,0.022687609075043632,4.0,"{'method': 'STFT', 'image_size': [192, 224], 'norm_type': 'linear', 'clip_pct': 3, 'nperseg': 32, 'window': 'hamming', 'noverlap_pct': 0.5, 'nfft': 128}",0.3214120704600158,0.010261930991094041,0.0025542784163473816,0.0044241399937902355,4.723475694656372,0.02262248170234125,0.03694519702602366,"[{'seed': 42, 'Macro_F1': 0.31903190173725166, 'Rare_Macro_SF': 0.0026109660574412533, 'Min_Rare_F1': 0.0, 'F1_N': 0.609673790776153, 'F1_S': 0.005221932114882507, 'F1_V': 0.6612318840579711, 'F1_F': 0.0, 'Recall_S': 0.002617801047120419, 'Recall_F': 0.0, 'best_epoch': 4}, {'seed': 43, 'Macro_F1': 0.3125493778267383, 'Rare_Macro_SF': 0.0, 'Min_Rare_F1': 0.0, 'F1_N': 0.5979843225083986, 'F1_S': 0.0, 'F1_V': 0.6522131887985546, 'F1_F': 0.0, 'Recall_S': 0.0, 'Recall_F': 0.0, 'best_epoch': 2}, {'seed': 44, 'Macro_F1': 0.33265493181605754, 'Rare_Macro_SF': 0.0652564790495825, 'Min_Rare_F1': 0.007662835249042145, 'F1_N': 0.5095238095238095, 'F1_S': 0.12285012285012285, 'F1_V': 0.6905829596412556, 'F1_F': 0.007662835249042145, 'Recall_S': 0.06544502617801047, 'Recall_F': 0.05555555555555555, 'best_epoch': 7}]",116.25482964515686,111.41402578353882,3,COMPLETE
68,0.020766205777358115,0.3011511951198493,2026-08-10 10:12:47.157386,2026-08-10 10:14:04.183826,0 days 00:01:17.026440,1,160x192,1,sqrt,0.5,64,hamming,0.006472491909385113,0.5271948313415323,0.03505991964533112,0.6358775375831485,0.037037037037037035,0.01832460732984293,3.0,"{'method': 'STFT', 'image_size': [160, 192], 'norm_type': 'sqrt', 'clip_pct': 1, 'nperseg': 64, 'window': 'hamming', 'noverlap_pct': 0.5, 'nfft': 64}",0.3011511951198493,0.009398792209850971,0.006472491909385113,0.011210684838633508,4.031061172485352,0.020766205777358115,0.03156518141881391,"[{'seed': 42, 'Macro_F1': 0.3040850280958375, 'Rare_Macro_SF': 0.005208333333333333, 'Min_Rare_F1': 0.0, 'F1_N': 0.5707762557077626, 'F1_S': 0.010416666666666666, 'F1_V': 0.6351471900089206, 'F1_F': 0.0, 'Recall_S': 0.005235602094240838, 'Recall_F': 0.0, 'best_epoch': 3}, {'seed': 43, 'Macro_F1': 0.3087331328717967, 'Rare_Macro_SF': 0.05709028399874101, 'Min_Rare_F1': 0.019417475728155338, 'F1_N': 0.45468053491827637, 'F1_S': 0.09476309226932668, 'F1_V': 0.6660714285714285, 'F1_F': 0.019417475728155338, 'Recall_S': 0.049738219895287955, 'Recall_F': 0.1111111111111111, 'best_epoch': 6}, {'seed': 44, 'Macro_F1': 0.2906354243919136, 'Rare_Macro_SF': 0.0, 'Min_Rare_F1': 0.0, 'F1_N': 0.5561277033985582, 'F1_S': 0.0, 'F1_V': 0.6064139941690962, 'F1_F': 0.0, 'Recall_S': 0.0, 'Recall_F': 0.0, 'best_epoch': 1}]",76.75620532035828,72.61161947250366,5,COMPLETE
57,0.0034298006166132208,0.2878980376310395,2026-08-10 09:51:24.861810,2026-08-10 09:54:28.114135,0 days 00:03:03.252325,3,224x256,4,linear,0.25,32,hamming,0.0,0.5695391742158803,0.0068596012332264415,0.5751933750750512,0.0,0.0034904013961605585,7.0,"{'method': 'STFT', 'image_size': [224, 256], 'norm_type': 'linear', 'clip_pct': 3, 'nperseg': 32, 'window': 'hamming', 'noverlap_pct': 0.25, 'nfft': 128}",0.2878980376310395,0.018529707121133592,0.0,0.0,5.850986003875732,0.0034298006166132208,0.003926078976964201,"[{'seed': 42, 'Macro_F1': 0.2955697690257743, 'Rare_Macro_SF': 0.007712082262210797, 'Min_Rare_F1': 0.0, 'F1_N': 0.5881147540983607, 'F1_S': 0.015424164524421594, 'F1_V': 0.5787401574803149, 'F1_F': 0.0, 'Recall_S': 0.007853403141361256, 'Recall_F': 0.0, 'best_epoch': 10}, {'seed': 43, 'Macro_F1': 0.30135981480922797, 'Rare_Macro_SF': 0.002577319587628866, 'Min_Rare_F1': 0.0, 'F1_N': 0.5825027685492802, 'F1_S': 0.005154639175257732, 'F1_V': 0.617781851512374, 'F1_F': 0.0, 'Recall_S': 0.002617801047120419, 'Recall_F': 0.0, 'best_epoch': 7}, {'seed': 44, 'Macro_F1': 0.2667645290581162, 'Rare_Macro_SF': 0.0, 'Min_Rare_F1': 0.0, 'F1_N': 0.538, 'F1_S': 0.0, 'F1_V': 0.5290581162324649, 'F1_F': 0.0, 'Recall_S': 0.0, 'Recall_F': 0.0, 'best_epoch': 3}]",182.94922423362732,176.97843742370605,4,COMPLETE
51,0.0017227564102564102,0.2827937212108012,2026-08-10 09:39:56.417318,2026-08-10 09:41:40.184124,0 days 00:01:43.766806,3,192x224,4,log1p,0.25,32,hamming,0.0,0.5590346615990782,0.0034455128205128204,0.5686947104236139,0.0,0.0017452006980802793,3.0,"{'method': 'STFT', 'image_size': [192, 224], 'norm_type': 'log1p', 'clip_pct': 3, 'nperseg': 32, 'window': 'hamming', 'noverlap_pct': 0.25, 'nfft': 128}",0.2827937212108012,0.01193740794844495,0.0,0.0,4.846416473388672,0.0017227564102564102,0.001492085292430775,"[{'seed': 42, 'Macro_F1': 0.2779104872092677, 'Rare_Macro_SF': 0.002564102564102564, 'Min_Rare_F1': 0.0, 'F1_N': 0.556910569105691, 'F1_S': 0.005128205128205128, 'F1_V': 0.5496031746031746, 'F1_F': 0.0, 'Recall_S': 0.002617801047120419, 'Recall_F': 0.0, 'best_epoch': 5}, {'seed': 43, 'Macro_F1': 0.2963985468807767, 'Rare_Macro_SF': 0.0, 'Min_Rare_F1': 0.0, 'F1_N': 0.575107296137339, 'F1_S': 0.0, 'F1_V': 0.6104868913857678, 'F1_F': 0.0, 'Recall_S': 0.0, 'Recall_F': 0.0, 'best_epoch': 2}, {'seed': 44, 'Macro_F1': 0.27407212954235927, 'Rare_Macro_SF': 0.0026041666666666665, 'Min_Rare_F1': 0.0, 'F1_N': 0.5450861195542046, 'F1_S': 0.005208333333333333, 'F1_V': 0.5459940652818991, 'F1_F': 0.0, 'Recall_S': 0.002617801047120419, 'Recall_F': 0.0, 'best_epoch': 3}]",103.44928407669067,98.47277736663818,4,COMPLETE
60,0.0,0.25034087125076415,2026-08-10 09:56:52.482512,2026-08-10 09:58:04.882821,0 days 00:01:12.400309,5,192x224,1,sqrt,0.25,112,hamming,0.0,0.5673447628654501,0.0,0.43401872213760634,0.0,0.0,1.0,"{'method': 'STFT', 'image_size': [192, 224], 'norm_type': 'sqrt', 'clip_pct': 5, 'nperseg': 112, 'window': 'hamming', 'noverlap_pct': 0.25, 'nfft': 112}",0.25034087125076415,0.0032611002179305537,0.0,0.0,5.169852256774902,0.0,0.0,"[{'seed': 42, 'Macro_F1': 0.24668455881030732, 'Rare_Macro_SF': 0.0, 'Min_Rare_F1': 0.0, 'F1_N': 0.5705705705705706, 'F1_S': 0.0, 'F1_V': 0.4161676646706587, 'F1_F': 0.0, 'Recall_S': 0.0, 'Recall_F': 0.0, 'best_epoch': 1}, {'seed': 43, 'Macro_F1': 0.2529489692218351, 'Rare_Macro_SF': 0.0, 'Min_Rare_F1': 0.0, 'F1_N': 0.5788690476190477, 'F1_S': 0.0, 'F1_V': 0.4329268292682927, 'F1_F': 0.0, 'Recall_S': 0.0, 'Recall_F': 0.0, 'best_epoch': 1}, {'seed': 44, 'Macro_F1': 0.25138908572014995, 'Rare_Macro_SF': 0.0, 'Min_Rare_F1': 0.0, 'F1_N': 0.5525946704067322, 'F1_S': 0.0, 'F1_V': 0.4529616724738676, 'F1_F': 0.0, 'Recall_S': 0.0, 'Recall_F': 0.0, 'best_epoch': 1}]",72.10183191299438,66.81201934814453,5,COMPLETE
0,0.0,0.23564810887555865,2026-08-10 08:16:08.410211,2026-08-10 08:17:26.141324,0 days 00:01:17.731113,3,224x192,4,linear,0.75,64,hann,0.0,0.5131284124649187,0.0,0.4294640230373159,0.0,0.0,1.0,"{'method': 'STFT', 'image_size': [224, 192], 'norm_type': 'linear', 'clip_pct': 3, 'nperseg': 64, 'window': 'hann', 'noverlap_pct': 0.75, 'nfft': 256}",0.23564810887555865,0.03354536681005436,0.0,0.0,6.304475545883179,0.0,0.0,"[{'seed': 42, 'Macro_F1': 0.21666342447042386, 'Rare_Macro_SF': 0.0, 'Min_Rare_F1': 0.0, 'F1_N': 0.4885215794306703, 'F1_S': 0.0, 'F1_V': 0.37813211845102507, 'F1_F': 0.0, 'Recall_S': 0.0, 'Recall_F': 0.0, 'best_epoch': 1}, {'seed': 43, 'Macro_F1': 0.27438045711350795, 'Rare_Macro_SF': 0.0, 'Min_Rare_F1': 0.0, 'F1_N': 0.5444915254237288, 'F1_S': 0.0, 'F1_V': 0.553030303030303, 'F1_F': 0.0, 'Recall_S': 0.0, 'Recall_F': 0.0, 'best_epoch': 1}, {'seed': 44, 'Macro_F1': 0.21590044504274414, 'Rare_Macro_SF': 0.0, 'Min_Rare_F1': 0.0, 'F1_N': 0.5063721325403568, 'F1_S': 0.0, 'F1_V': 0.3572296476306197, 'F1_F': 0.0, 'Recall_S': 0.0, 'Recall_F': 0.0, 'best_epoch': 1}]",77.4306845664978,71.01164317131042,0,COMPLETE
